date,Dap_Tri_An_pressure_msl,Dap_Tri_An_surface_pressure,Dap_Tri_An_precipitation,Dap_Tri_An_wind_speed_10m,Dap_Tri_An_wind_direction_10m,Dap_Tri_An_wind_gusts_10m,Dap_Dau_Tieng_pressure_msl,Dap_Dau_Tieng_surface_pressure,Dap_Dau_Tieng_precipitation,Dap_Dau_Tieng_wind_speed_10m,Dap_Dau_Tieng_wind_direction_10m,Dap_Dau_Tieng_wind_gusts_10m,Tram_Cu_Chi_pressure_msl,Tram_Cu_Chi_surface_pressure,Tram_Cu_Chi_precipitation,Tram_Cu_Chi_wind_speed_10m,Tram_Cu_Chi_wind_direction_10m,Tram_Cu_Chi_wind_gusts_10m
2022-09-26 00:00:00,1009.8,1004.95685,1.6,2.0991426,149.03632,4.32,1009.7,1007.6179,1.5,5.6233797,129.80553,11.5199995,1009.6,1007.9789,1.8,3.396233,122.00535,7.5599995
2022-09-26 01:00:00,1008.9,1004.0457,1.2,4.072935,135.0001,4.68,1008.7,1006.6194,0.9,4.510787,118.61037,10.799999,1008.8,1007.17944,2.0,2.0991426,120.96369,6.4799995
2022-09-26 02:00:00,1008.0,1003.1582,1.0,1.609969,63.435013,9.36,1008.1,1006.0202,0.4,5.6002855,135.0001,11.159999,1008.0,1006.3802,1.0,1.609969,116.56499,7.5599995
2022-09-26 03:00:00,1007.6,1002.751,1.0,2.4149535,333.43503,7.92,1007.5,1005.42145,0.0,4.3349743,131.63345,10.440001,1007.3,1005.68066,0.6,0.35999998,360.0,2.52
2022-09-26 04:00:00,1007.3,1002.44934,0.9,3.2599385,353.6599,3.96,1007.1,1005.02014,0.0,2.5455842,135.0001,9.36,1007.1,1005.4804,0.5,2.8799999,90.0,5.04
2022-09-26 05:00:00,1007.2,1002.3579,0.6,1.4399999,360.0,4.32,1007.1,1005.01953,0.0,3.096837,125.537766,6.12,1007.1,1005.4804,0.1,4.2136917,70.01681,7.5599995
2022-09-26 06:00:00,1007.9,1003.04395,0.0,2.2768397,251.56496,3.96,1008.1,1006.0171,0.0,2.8116899,140.19447,7.2,1007.9,1006.2794,0.2,1.484318,14.036275,7.2
2022-09-26 07:00:00,1008.8,1003.95435,0.0,2.4149535,333.43503,9.72,1008.9,1006.82336,0.0,2.52,180.0,9.72,1008.9,1007.28186,0.4,1.1384199,18.435053,5.04
2022-09-26 08:00:00,1009.9,1005.06354,0.0,4.510787,298.61035,11.879999,1010.0,1007.9277,0.1,3.8268526,228.81418,10.799999,1009.9,1008.2885,0.0,5.5887027,255.06853,12.959999
2022-09-26 09:00:00,1010.2,1005.37665,0.1,7.072878,284.74362,18.0,1010.1,1008.0338,0.1,4.6938252,265.60138,15.4800005,1009.9,1008.2949,0.1,6.130579,266.6336,18.359999
2022-09-26 10:00:00,1010.1,1005.29785,0.1,7.771331,283.39252,20.880001,1010.0,1007.94006,0.2,6.151683,290.55612,20.16,1009.9,1008.304,0.1,7.072878,284.74362,21.96
2022-09-26 11:00:00,1009.3,1004.51276,0.1,8.473393,282.26477,24.48,1009.4,1007.34155,0.1,5.3517847,289.6539,20.16,1009.1,1007.50934,0.1,8.225035,293.1986,24.48
2022-09-26 12:00:00,1008.3,1003.52844,0.1,7.289444,290.22495,24.48,1008.4,1006.3468,0.1,5.3999996,306.86996,17.64,1008.2,1006.60956,0.0,8.373386,295.46332,24.48
2022-09-26 13:00:00,1007.2,1002.39154,3.0,15.986593,305.83774,32.760002,1006.7,1004.6509,0.1,6.28713,336.3706,19.8,1006.3,1004.7178,0.0,8.78872,304.9921,26.28
2022-09-26 14:00:00,1006.6,1001.7871,1.4,3.4152596,288.43503,34.56,1005.8,1003.7602,0.0,3.5455887,336.0375,20.880001,1006.2,1004.6089,6.6,17.377226,230.04251,30.960001
2022-09-26 15:00:00,1006.6,1001.8064,0.0,1.08,90.0,12.24,1006.7,1004.6402,3.9,9.6932955,254.93146,17.64,1006.6,1004.9897,9.4,8.78872,235.0079,41.399998
2022-09-26 16:00:00,1007.2,1002.3806,1.5,12.313894,217.87505,21.96,1007.5,1005.4218,5.5,13.202726,244.1337,28.08,1007.2,1005.58746,3.4,6.2145634,259.9921,18.0
2022-09-26 17:00:00,1007.7,1002.8417,1.5,11.457958,226.27295,29.519999,1007.3,1005.2261,3.8,2.3051248,321.34018,22.68,1007.3,1005.6892,2.2,4.8433046,318.01288,13.32
2022-09-26 18:00:00,1008.2,1003.3408,2.7,2.16,360.0,19.8,1008.0,1005.92487,1.8,9.904906,289.0936,18.359999,1007.6,1005.98773,1.8,2.9024127,330.25522,8.64
2022-09-26 19:00:00,1008.7,1003.8482,1.7,5.315336,298.30066,6.4799995,1008.2,1006.1264,1.0,8.089993,290.85452,18.0,1008.2,1006.5818,1.2,6.8777895,317.1211,12.599999
2022-09-26 20:00:00,1009.3,1004.4346,1.6,3.8773184,338.19852,15.119999,1008.8,1006.7226,2.2,3.319036,282.5288,13.32,1008.9,1007.27875,1.9,5.1165614,320.7106,12.599999
2022-09-26 21:00:00,1009.4,1004.53503,1.1,4.0249224,259.69522,7.2,1009.4,1007.3214,0.8,2.6208394,254.05453,6.8399997,1009.6,1007.977,1.6,2.3051248,321.34018,8.28
2022-09-26 22:00:00,1009.6,1004.7341,0.3,4.802999,257.00537,9.0,1009.7,1007.6202,0.1,4.6102495,231.34016,8.64,1009.7,1008.07684,1.6,4.68,270.0,7.2
2022-09-26 23:00:00,1009.2,1004.3377,0.0,6.9247384,242.10283,12.24,1009.3,1007.2187,0.1,6.989936,235.49141,12.24,1009.4,1007.776,0.8,6.5693827,260.53775,10.799999
2022-09-27 00:00:00,1008.5,1003.6353,0.0,5.4477882,262.40546,12.24,1008.3,1006.21826,0.2,7.5685663,244.65387,14.4,1008.3,1006.6775,0.1,6.849467,266.98727,11.879999
2022-09-27 01:00:00,1007.5,1002.6361,0.0,5.506941,281.3099,9.72,1007.4,1005.3195,0.1,5.815978,248.19853,13.32,1007.3,1005.6788,0.0,6.12,270.0,11.5199995
2022-09-27 02:00:00,1006.6,1001.7379,0.0,5.95906,295.01685,11.159999,1006.6,1004.52136,0.0,5.5887027,255.06853,13.32,1006.5,1004.8779,0.0,4.829907,296.56497,10.08
2022-09-27 03:00:00,1006.3,1001.43616,0.1,4.8965297,306.02747,10.440001,1006.0,1003.92303,0.0,4.2136917,289.9832,10.799999,1006.1,1004.4795,0.8,3.8939953,326.3099,8.28
2022-09-27 04:00:00,1005.6,1000.74274,0.4,5.1544156,282.09473,10.799999,1005.7,1003.6246,0.0,6.130579,266.6336,11.5199995,1005.6,1003.9805,0.7,6.9899354,258.11136,11.159999
2022-09-27 05:00:00,1006.1,1001.23773,0.6,7.2805495,278.53067,14.04,1006.2,1004.12225,0.2,8.669949,274.76355,17.64,1006.2,1004.57996,0.1,6.2145634,280.0079,12.599999
2022-09-27 06:00:00,1007.0,1002.13184,0.8,10.661107,258.31067,18.72,1006.7,1004.6197,2.9,12.964998,271.5911,25.919998,1006.5,1004.88043,0.0,7.072878,284.74362,13.32
2022-09-27 07:00:00,1007.5,1002.6459,1.5,7.9932966,305.83774,21.599998,1007.6,1005.527,1.1,9.885262,303.11136,25.199999,1007.5,1005.8806,0.1,6.9153743,308.65982,13.32
2022-09-27 08:00:00,1007.9,1003.0625,0.0,10.990322,301.60745,20.16,1008.0,1005.92834,0.0,10.086427,304.82455,18.72,1007.9,1006.2873,0.0,6.0347,287.3541,14.759999
2022-09-27 09:00:00,1008.0,1003.17737,0.1,11.592895,295.76926,24.84,1008.0,1005.9341,0.1,11.753877,297.3498,23.759998,1008.0,1006.3944,0.0,8.825508,281.76825,19.44
2022-09-27 10:00:00,1008.4,1003.5925,0.3,11.298495,300.65057,24.119999,1008.1,1006.0389,0.0,10.990322,301.60745,28.44,1008.1,1006.5018,0.0,12.413476,286.8585,25.56
2022-09-27 11:00:00,1007.5,1002.70715,0.0,10.703569,289.6539,29.519999,1007.9,1005.8403,0.1,10.948973,297.4075,25.56,1007.7,1006.10785,0.0,14.578888,290.22495,33.48
2022-09-27 12:00:00,1005.5,1000.7197,0.1,14.24163,290.72565,32.760002,1005.6,1003.5449,0.0,11.726277,287.87878,25.919998,1005.3,1003.71185,0.0,16.676977,283.7363,35.64
2022-09-27 13:00:00,1004.9,1000.1249,0.1,14.494192,284.38144,35.64,1004.8,1002.7503,0.1,12.181625,288.9705,29.519999,1004.6,1003.0143,0.1,18.0036,268.85425,37.079998
2022-09-27 14:00:00,1004.0,999.23315,0.2,12.864649,287.928,35.28,1004.3,1002.2432,0.4,10.587918,305.31128,28.08,1004.0,1002.40424,0.9,17.294992,272.3859,36.0
2022-09-27 15:00:00,1004.3,999.4991,3.2,12.496719,281.6336,31.319998,1004.5,1002.43494,8.6,11.165805,249.22766,29.519999,1004.9,1003.2952,2.6,11.177405,284.93146,32.039997
2022-09-27 16:00:00,1004.5,999.6684,6.5,14.440443,265.71094,30.239998,1004.4,1002.33264,0.7,11.013882,258.6901,23.4,1004.4,1002.7904,3.5,13.358861,255.96373,24.84
2022-09-27 17:00:00,1004.6,999.7648,0.8,12.620554,266.72958,25.56,1004.6,1002.5303,1.1,12.181625,251.0295,24.119999,1004.5,1002.8896,0.5,11.090103,283.13403,23.4
2022-09-27 18:00:00,1004.7,999.8624,0.8,10.08,270.0,22.68,1004.8,1002.7293,0.8,12.620554,266.72958,24.48,1004.9,1003.2874,0.3,12.245294,271.68463,20.880001
2022-09-27 19:00:00,1005.2,1000.36096,0.5,10.308831,257.90524,18.0,1005.0,1002.931,0.5,12.287555,238.17259,21.96,1005.2,1003.58777,0.9,9.3876505,265.60138,21.96
2022-09-27 20:00:00,1005.5,1000.65704,0.6,10.661107,258.31067,19.08,1005.4,1003.32965,0.1,11.113451,245.09526,20.519999,1005.4,1003.78723,0.5,8.854829,243.43501,16.56
2022-09-27 21:00:00,1006.2,1001.3521,0.2,8.287822,267.5105,19.44,1006.2,1004.1286,0.0,10.661107,258.31067,19.08,1006.1,1004.4861,0.2,9.227524,249.44388,15.4800005
2022-09-27 22:00:00,1006.4,1001.55273,0.2,7.8625183,254.05453,16.199999,1006.2,1004.128,0.0,12.0694,252.64589,20.880001,1006.3,1004.68634,0.1,10.390226,255.96373,17.28
2022-09-27 23:00:00,1006.1,1001.2484,0.5,7.69592,280.78424,16.199999,1006.1,1004.0272,0.3,12.661564,255.17348,26.28,1006.0,1004.38745,0.0,12.661564,255.17348,21.24
2022-09-28 00:00:00,1005.3,1000.4564,0.0,6.5693827,279.46225,16.56,1005.2,1003.1306,0.0,15.256526,250.70985,28.08,1005.1,1003.48865,0.0,13.722565,265.48608,23.759998
2022-09-28 01:00:00,1003.9,999.0704,0.0,10.028439,248.96242,17.28,1003.7,1001.63275,0.0,16.171976,253.17851,27.0,1003.9,1002.28986,0.0,13.5515,253.0091,23.4
2022-09-28 02:00:00,1003.5,998.67163,0.0,11.966953,248.83867,20.519999,1003.2,1001.1332,0.0,15.542662,256.60748,28.8,1003.3,1001.6902,0.0,13.37825,246.19405,24.119999
2022-09-28 03:00:00,1003.0,998.1731,0.0,12.224107,256.373,22.68,1002.9,1000.83386,0.0,14.264361,259.82455,27.0,1003.0,1001.3898,0.0,12.9249525,257.125,23.4
2022-09-28 04:00:00,1002.5,997.67303,0.0,13.849476,261.02747,24.119999,1002.6,1000.5338,0.0,15.484185,252.40749,26.64,1002.6,1000.9901,0.0,14.154915,262.69434,24.84
2022-09-28 05:00:00,1002.4,997.57544,0.0,14.494192,255.61856,26.28,1002.1,1000.0339,0.0,15.484185,252.40749,28.08,1002.3,1000.69025,0.0,14.759999,257.3196,25.56
2022-09-28 06:00:00,1002.7,997.87305,0.0,13.237039,247.61981,25.56,1002.5,1000.43274,0.0,15.844089,248.68202,27.359999,1002.7,1001.08905,0.0,14.118243,250.64091,25.919998
2022-09-28 07:00:00,1003.2,998.37714,0.0,12.768586,248.4985,29.16,1003.0,1000.9342,0.0,15.379206,249.44386,30.599998,1003.0,1001.39294,0.1,14.003029,252.03076,29.16
2022-09-28 08:00:00,1003.9,999.09546,0.0,16.862455,253.8865,32.760002,1003.6,1001.53796,0.0,16.279802,251.96562,29.519999,1003.8,1002.1994,0.0,16.418526,254.74483,33.48
2022-09-28 09:00:00,1004.5,999.7044,0.1,17.727943,257.0926,40.68,1004.1,1002.04517,0.0,20.268991,250.27763,34.92,1004.3,1002.70496,0.0,16.981165,248.87521,36.719997
2022-09-28 10:00:00,1004.8,1000.0231,0.0,16.45007,246.80139,39.239998,1004.6,1002.5479,0.0,19.255793,249.19313,41.039997,1004.6,1003.01044,0.1,17.917007,247.5572,43.92
2022-09-28 11:00:00,1003.9,999.13684,0.1,16.42247,243.9967,43.56,1003.9,1001.8519,0.1,15.844089,248.68202,39.96,1003.7,1002.115,0.2,19.734436,255.20319,48.6
2022-09-28 12:00:00,1002.9,998.1281,12.8,14.934577,254.62369,43.56,1002.8,1000.7584,0.1,16.965895,252.71841,37.8,1002.7,1001.11755,0.1,19.06301,259.1145,49.32
2022-09-28 13:00:00,1002.4,997.6139,10.2,14.654254,242.176,37.079998,1001.8,999.7667,0.1,18.25026,255.14134,40.32,1002.0,1000.41455,4.0,19.803272,242.96922,46.8
2022-09-28 14:00:00,1001.9,997.08905,2.1,19.914215,220.60121,38.519997,1001.6,999.548,5.6,7.2,216.86998,42.12,1001.6,1000.0017,7.0,22.73707,246.68227,45.719997
2022-09-28 15:00:00,1002.0,997.1948,2.6,17.551615,244.48618,37.44,1001.8,999.7382,3.2,17.917007,247.5572,33.48,1001.8,1000.19916,1.1,18.089775,238.84076,41.760002
2022-09-28 16:00:00,1002.2,997.3882,2.6,17.873556,242.40279,36.719997,1001.9,999.8353,2.0,17.595861,239.23735,34.2,1001.9,1000.2969,1.5,17.533146,250.82089,43.199997
2022-09-28 17:00:00,1002.6,997.7832,1.2,14.48972,243.43501,36.36,1002.1,1000.037,0.5,17.148247,230.9645,33.48,1002.3,1000.6981,0.3,17.873556,235.66972,32.760002
2022-09-28 18:00:00,1003.3,998.4741,0.4,13.979872,235.49141,30.239998,1002.5,1000.43774,0.4,13.783817,220.76352,29.88,1002.8,1001.19543,0.2,16.992609,233.61555,32.760002
2022-09-28 19:00:00,1004.2,999.3708,0.2,13.783817,229.23648,28.08,1003.1,1001.0378,0.2,14.336861,208.49554,29.519999,1003.6,1001.9938,0.1,15.281989,223.09087,29.519999
2022-09-28 20:00:00,1005.0,1000.1619,1.3,9.220499,218.65984,26.28,1004.3,1002.23376,1.5,11.269782,206.56499,29.519999,1004.7,1003.0924,0.0,16.595179,220.60121,28.8
2022-09-28 21:00:00,1005.4,1000.56976,0.5,14.264361,222.95459,25.199999,1004.7,1002.632,0.4,15.778518,207.1496,26.28,1004.9,1003.2915,0.1,16.039202,225.90929,29.16
2022-09-28 22:00:00,1005.9,1001.0664,0.0,11.885453,215.13428,24.84,1005.3,1003.2298,0.1,15.0038395,210.25635,28.08,1005.4,1003.7888,0.2,16.800856,224.9999,28.8
2022-09-28 23:00:00,1005.7,1000.8651,0.0,12.72283,205.1148,21.599998,1005.0,1002.93005,0.1,14.480773,214.8754,27.72,1005.3,1003.68677,0.1,15.7908325,223.1524,29.16
2022-09-29 00:00:00,1005.6,1000.76556,0.1,16.075521,214.04597,27.72,1004.7,1002.62976,0.0,16.79314,210.96368,28.08,1005.3,1003.6858,0.0,16.418526,217.87505,28.8
2022-09-29 01:00:00,1005.2,1000.3641,0.1,16.375053,213.34073,30.960001,1004.4,1002.3294,0.1,19.008547,204.62355,32.399998,1004.9,1003.2871,0.0,16.375053,213.34073,29.16
2022-09-29 02:00:00,1004.4,999.5673,0.0,15.484185,215.53777,28.8,1004.0,1001.9312,0.1,18.678415,207.55272,33.12,1004.1,1002.48773,0.0,16.831684,221.53168,29.88
2022-09-29 03:00:00,1004.3,999.46375,0.0,13.979872,214.50858,27.72,1003.6,1001.532,0.1,18.671474,213.9965,32.399998,1004.0,1002.386,0.0,16.199999,216.86998,29.519999
2022-09-29 04:00:00,1004.6,999.7648,0.0,12.594856,210.96368,25.199999,1003.9,1001.8299,0.3,18.171976,213.6901,32.760002,1004.1,1002.4864,0.0,15.484185,215.53777,29.16
2022-09-29 05:00:00,1004.9,1000.06244,0.0,14.33234,205.27768,25.199999,1004.3,1002.2275,0.9,15.141414,208.39293,33.12,1004.5,1002.8852,0.0,15.315873,209.57774,27.359999
2022-09-29 06:00:00,1005.8,1000.955,0.0,13.979872,214.50858,25.56,1005.1,1003.0236,0.1,17.873554,198.79999,34.92,1005.4,1003.7834,0.0,15.629971,208.92633,27.359999
2022-09-29 07:00:00,1006.1,1001.2704,0.1,15.192682,216.32692,28.44,1005.6,1003.52856,0.1,17.992796,199.88525,35.28,1005.9,1004.2883,0.0,15.124284,218.23386,35.28
2022-09-29 08:00:00,1006.7,1001.88763,0.0,17.31746,223.31535,31.319998,1006.1,1004.036,0.0,21.120682,209.62366,34.92,1006.5,1004.89355,0.0,18.335276,223.4089,32.760002
2022-09-29 09:00:00,1007.4,1002.5957,0.0,16.548256,224.11868,39.6,1006.5,1004.44214,0.0,18.03237,206.05344,43.199997,1006.8,1005.1981,0.0,15.484185,215.53777,38.16
2022-09-29 10:00:00,1007.1,1002.30743,0.0,13.584932,212.00534,39.6,1006.4,1004.3499,0.2,15.629971,208.92633,37.44,1006.6,1005.0069,0.0,14.982228,215.21768,38.16
2022-09-29 11:00:00,1006.8,1002.01355,0.0,12.72283,205.1148,35.28,1006.0,1003.9523,0.5,15.986593,215.83774,37.44,1006.2,1004.6137,0.1,16.039202,225.90929,40.32
2022-09-29 12:00:00,1005.5,1000.7235,0.0,11.874544,194.03627,33.839996,1004.8,1002.756,0.3,13.392774,216.25392,35.64,1005.1,1003.51465,0.2,16.08761,220.46214,38.88
2022-09-29 13:00:00,1004.4,999.6351,0.1,13.202726,191.0035,37.079998,1004.0,1001.95325,0.9,15.782622,224.9999,32.760002,1004.3,1002.70807,3.9,23.424908,226.24529,42.839996
2022-09-29 14:00:00,1004.1,999.3217,0.6,14.48972,206.56499,35.64,1003.9,1001.8431,11.1,13.979872,214.50858,36.719997,1004.0,1002.40735,4.3,17.373497,214.0194,45.36
2022-09-29 15:00:00,1004.4,999.5843,10.5,12.181625,198.9705,42.839996,1003.5,1001.4476,0.1,12.758432,196.38962,26.28,1004.0,1002.4026,0.3,14.336861,208.49554,33.839996
2022-09-29 16:00:00,1004.4,999.59155,0.7,10.739833,193.57045,22.319998,1003.9,1001.8408,2.4,15.725037,195.94547,33.839996,1003.9,1002.2991,0.8,15.778516,214.77791,34.92
2022-09-29 17:00:00,1005.3,1000.4887,0.3,13.281023,212.82854,23.039999,1004.9,1002.8341,0.6,13.397612,210.69965,28.8,1004.9,1003.29614,0.1,11.304229,217.23491,28.44
2022-09-29 18:00:00,1006.0,1001.16785,2.0,6.9527545,201.25058,24.48,1005.4,1003.33026,0.1,8.049845,190.3048,22.68,1005.5,1003.893,0.0,9.83268,203.7495,19.08
2022-09-29 19:00:00,1007.0,1002.16516,0.8,6.849467,176.98727,19.44,1006.4,1004.33044,0.2,9.746631,184.23631,19.8,1006.5,1004.8895,1.4,9.227524,200.55612,23.039999
2022-09-29 20:00:00,1007.9,1003.053,0.2,6.8399997,180.0,16.56,1007.4,1005.3265,0.0,10.464798,176.05489,17.28,1007.6,1005.98584,0.0,8.049845,190.3048,16.199999
2022-09-29 21:00:00,1008.5,1003.6482,1.4,5.771239,183.57626,11.159999,1008.1,1006.02496,0.0,11.525623,181.78987,19.44,1008.2,1006.58295,0.0,8.905908,194.03627,14.759999
2022-09-29 22:00:00,1008.8,1003.9477,0.0,7.2805495,171.46931,10.799999,1008.1,1006.02405,0.0,11.928989,185.19434,20.880001,1008.4,1006.7824,0.0,9.6932955,195.06854,16.56
2022-09-29 23:00:00,1009.0,1004.1436,0.0,7.754637,158.19853,12.599999,1008.3,1006.2223,0.0,12.605142,181.63654,22.319998,1008.5,1006.8813,0.0,8.759178,189.46225,16.56
2022-09-30 00:00:00,1009.1,1004.2412,0.0,7.771331,166.60748,12.959999,1008.5,1006.4201,0.0,10.853866,174.2895,21.599998,1008.6,1006.9792,0.0,7.208994,177.13765,15.4800005
2022-09-30 01:00:00,1008.6,1003.74207,0.0,6.489992,160.55988,12.959999,1008.2,1006.12006,0.0,10.182337,171.86998,19.08,1008.4,1006.77893,0.1,7.69592,169.21574,13.32
2022-09-30 02:00:00,1008.3,1003.4394,0.0,5.937272,165.96373,10.799999,1007.9,1005.8197,0.0,11.542478,176.42374,20.519999,1008.0,1006.37897,0.1,7.5942073,185.44025,13.32
2022-09-30 03:00:00,1008.2,1003.3393,0.0,6.28713,166.75948,10.440001,1007.6,1005.5191,0.0,12.620554,176.72958,22.319998,1007.7,1006.0785,0.1,7.928178,182.60251,13.679999
2022-09-30 04:00:00,1007.9,1003.0392,0.0,5.0528407,175.91446,10.440001,1007.6,1005.51776,0.0,11.212135,174.47255,21.96,1007.6,1005.97766,0.0,7.2359104,174.2895,13.679999
2022-09-30 05:00:00,1008.3,1003.4363,0.0,5.8048253,187.12492,10.440001,1008.1,1006.01746,0.0,11.792404,167.66092,21.24,1008.2,1006.57544,0.0,5.5887027,165.06853,12.24
2022-09-30 06:00:00,1009.0,1004.136,0.0,7.289444,200.22495,11.5199995,1008.7,1006.61707,0.0,13.722565,175.4861,24.119999,1008.9,1007.27563,0.0,8.350138,187.43132,14.04
2022-09-30 07:00:00,1009.9,1005.04663,0.0,9.19939,210.57915,21.24,1009.6,1007.5203,0.0,16.263872,185.07951,26.64,1009.7,1008.0823,0.0,12.641076,199.9832,25.919998
2022-09-30 08:00:00,1010.6,1005.76337,0.0,14.291592,220.91429,27.72,1010.2,1008.1273,0.4,14.685176,191.30989,30.599998,1010.3,1008.6891,0.0,16.1198,209.42737,29.519999
2022-09-30 09:00:00,1010.7,1005.8758,0.0,13.493999,226.08084,29.16,1010.5,1008.4311,0.1,13.708391,193.67133,29.519999,1010.5,1008.89417,0.1,14.081477,212.47118,32.760002
2022-09-30 10:00:00,1010.3,1005.4944,0.1,12.496718,221.49637,29.88,1010.1,1008.041,0.1,13.363711,207.25525,29.88,1009.9,1008.304,0.1,13.755579,222.87889,33.12
2022-09-30 11:00:00,1010.0,1005.211,0.0,12.031756,218.92755,28.44,1009.7,1007.6488,0.1,11.808878,217.56866,30.599998,1009.7,1008.1072,0.1,14.264361,227.04541,33.48
2022-09-30 12:00:00,1009.2,1004.4148,0.1,9.422101,223.45189,28.8,1008.7,1006.6541,0.3,9.793059,216.02747,29.88,1008.7,1007.1113,0.1,11.988594,221.34767,32.760002
2022-09-30 13:00:00,1007.7,1002.92975,0.2,7.8954163,223.1524,26.28,1007.3,1005.2579,0.2,10.630672,208.30066,27.72,1007.4,1005.8146,0.1,12.7279215,224.9999,32.039997
2022-09-30 14:00:00,1006.7,1001.9194,2.1,11.090103,215.75398,27.72,1007.1,1005.03015,6.3,15.629972,262.0566,34.56,1006.4,1004.8121,0.1,11.753876,229.9698,32.399998
2022-09-30 15:00:00,1006.5,1001.722,0.6,8.435069,219.80553,26.64,1006.3,1004.2347,0.6,6.696387,233.74606,27.0,1006.3,1004.70776,0.2,8.854829,243.43501,28.08
2022-09-30 16:00:00,1006.6,1001.78973,5.4,4.0249224,259.69522,24.84,1006.3,1004.2397,0.1,3.096837,215.53777,12.959999,1006.2,1004.5998,1.1,6.130579,266.6336,24.48
2022-09-30 17:00:00,1006.3,1001.4855,0.5,3.0547013,44.999897,10.799999,1006.0,1003.9403,0.0,2.6208394,285.94547,8.64,1006.4,1004.79474,0.5,8.654987,224.9999,15.4800005
2022-09-30 18:00:00,1007.3,1002.47095,0.4,1.835647,348.6901,7.2,1006.7,1004.63293,0.0,3.8939953,146.3099,7.2,1006.8,1005.18964,0.7,5.815978,201.80147,15.119999
2022-09-30 19:00:00,1008.6,1003.7632,0.3,3.6179552,84.2895,5.04,1008.0,1005.9318,0.1,7.491114,125.21768,12.599999,1008.2,1006.58875,0.2,5.8048253,187.12492,9.72
2022-09-30 20:00:00,1009.4,1004.55304,0.6,4.6800003,112.61991,8.64,1009.2,1007.1262,0.0,6.1094027,135.0001,12.24,1009.2,1007.5852,0.7,5.4477882,187.59456,10.08
2022-09-30 21:00:00,1010.4,1005.5433,0.2,4.3498964,114.44395,8.28,1009.9,1007.8248,0.0,7.4128532,150.9455,12.599999,1010.0,1008.3843,0.0,5.4477882,187.59456,10.08
2022-09-30 22:00:00,1010.4,1005.54254,0.3,4.198285,120.96369,7.92,1010.2,1008.12286,0.0,7.342588,168.69011,13.679999,1010.3,1008.6819,0.1,4.379589,170.53775,9.36
2022-09-30 23:00:00,1010.1,1005.2431,0.5,3.7585104,106.699326,7.5599995,1009.7,1007.6214,0.0,7.2359104,185.7105,12.959999,1009.8,1008.1817,0.1,4.32,180.0,7.2
2022-10-01 00:00:00,1010.1,1005.2424,1.7,3.8773184,111.801476,5.04,1009.6,1007.51965,0.0,6.28713,166.75948,12.599999,1009.6,1007.9814,0.2,4.6938252,184.39862,8.28
2022-10-01 01:00:00,1009.8,1004.94135,0.8,4.5536795,108.43504,7.5599995,1009.6,1007.5194,0.0,5.95906,154.98314,11.159999,1009.6,1007.9811,0.1,4.829907,153.43501,8.28
2022-10-01 02:00:00,1009.4,1004.54236,0.9,4.1046314,105.25517,7.2,1009.1,1007.0195,0.0,5.315336,151.69934,10.440001,1009.0,1007.38165,0.4,2.7416782,156.80138,7.92
2022-10-01 03:00:00,1008.6,1003.74304,1.4,4.3349743,131.63345,5.7599998,1008.5,1006.4201,0.0,5.692099,145.30478,10.08,1008.4,1006.7818,0.9,3.6,143.13002,8.64
2022-10-01 04:00:00,1008.6,1003.74207,1.7,5.1165614,129.28938,6.8399997,1008.5,1006.41846,0.0,4.896529,162.89719,10.08,1008.5,1006.8813,0.4,4.379589,170.53775,7.5599995
2022-10-01 05:00:00,1008.9,1004.0382,2.0,4.072935,135.0001,6.8399997,1008.6,1006.51855,0.0,5.4477882,172.40544,10.799999,1008.5,1006.8803,0.7,2.968636,194.03627,7.2
2022-10-01 06:00:00,1009.3,1004.4362,1.5,3.5455887,156.0375,5.3999996,1009.1,1007.0179,0.0,6.638072,167.4712,10.799999,1009.2,1007.5796,0.8,2.8799999,180.0,5.04
2022-10-01 07:00:00,1010.1,1005.2585,0.6,3.8268526,138.81418,8.28,1009.9,1007.82635,0.0,9.007196,182.29056,15.4800005,1010.0,1008.38586,0.6,5.3517847,199.65392,14.4
2022-10-01 08:00:00,1010.9,1006.06506,0.9,3.319036,167.4712,8.64,1010.6,1008.5305,0.1,9.885262,190.49142,21.24,1010.7,1009.0894,0.5,8.435069,219.80553,18.72
2022-10-01 09:00:00,1011.5,1006.66156,3.1,5.991594,212.73521,14.4,1010.9,1008.83344,0.2,9.255571,193.49574,19.8,1011.0,1009.3931,0.4,6.9247384,207.89717,19.44
2022-10-01 10:00:00,1011.3,1006.4777,0.5,6.5693827,189.46225,17.64,1010.7,1008.63824,0.3,9.227524,200.55612,21.24,1010.8,1009.1991,0.5,8.427383,199.9832,20.880001
2022-10-01 11:00:00,1010.3,1005.48975,0.6,4.1046314,217.87505,17.64,1010.0,1007.9416,0.2,7.172949,197.52567,20.16,1009.8,1008.2003,0.2,6.9247384,207.89717,21.96
2022-10-01 12:00:00,1009.1,1004.2995,0.4,1.8,53.13002,14.4,1008.7,1006.64557,0.1,5.5887027,194.93147,16.919998,1008.8,1007.2009,2.0,10.739832,219.55963,24.48
2022-10-01 13:00:00,1007.9,1003.12415,0.5,4.39436,235.0079,15.119999,1007.7,1005.64594,0.6,7.342588,191.30989,15.84,1008.0,1006.3995,1.2,5.6920996,198.43504,25.199999
2022-10-01 14:00:00,1007.2,1002.42334,2.3,9.83268,203.7495,23.039999,1007.2,1005.13226,5.2,14.618837,217.99878,26.64,1007.0,1005.4016,0.2,2.2768397,198.43504,15.84
2022-10-01 15:00:00,1006.9,1002.10333,3.5,5.771239,183.57626,23.759998,1007.0,1004.9329,0.1,9.931042,223.53127,28.8,1006.7,1005.1077,0.2,2.9024127,187.12492,12.599999
2022-10-01 16:00:00,1007.3,1002.4999,0.2,4.3498964,204.44394,14.4,1007.0,1004.9408,0.1,10.239453,190.1246,19.44,1007.4,1005.79254,7.2,13.698934,183.01273,27.0
2022-10-01 17:00:00,1007.7,1002.86523,6.8,6.6087217,209.35765,21.599998,1007.6,1005.53485,0.0,5.904439,217.56866,19.08,1007.4,1005.7894,0.6,4.73506,188.74608,26.28
2022-10-01 18:00:00,1008.7,1003.8514,0.6,4.3498964,204.44394,11.879999,1007.8,1005.7284,0.3,6.9527545,158.74942,11.879999,1008.0,1006.38617,0.2,5.5887027,165.06853,11.159999
2022-10-01 19:00:00,1009.6,1004.73724,0.1,7.42159,194.03627,7.5599995,1008.7,1006.6285,0.6,7.754637,111.801476,18.359999,1009.0,1007.3865,0.1,7.8954163,136.8476,9.36
2022-10-01 20:00:00,1010.0,1005.1329,0.1,4.2136917,160.0168,12.959999,1009.6,1007.5254,1.9,8.373386,115.46331,14.759999,1009.5,1007.8835,0.0,5.6233797,129.80553,13.679999
2022-10-01 21:00:00,1010.2,1005.3369,0.0,3.671294,101.3099,6.12,1010.1,1008.02246,0.5,7.6367526,135.0001,14.4,1009.9,1008.28156,0.1,6.1094027,135.0001,10.799999
2022-10-01 22:00:00,1010.4,1005.53345,0.0,5.2416787,105.945465,6.8399997,1010.3,1008.21954,0.1,6.618519,135.0001,14.04,1010.3,1008.67993,0.0,3.0547013,135.0001,10.440001
2022-10-01 23:00:00,1010.2,1005.3394,0.0,5.4477882,82.40546,7.92,1010.1,1008.0184,0.1,6.4096174,128.15727,11.879999,1010.0,1008.3779,0.0,3.396233,122.00535,6.12
2022-10-02 00:00:00,1010.0,1005.1404,0.0,5.3999996,126.86998,6.4799995,1009.8,1007.7174,0.1,5.634891,116.56499,11.879999,1009.7,1008.0788,0.0,4.6938252,85.60138,8.64
2022-10-02 01:00:00,1009.4,1004.54736,0.0,3.8268526,131.18582,6.8399997,1009.4,1007.31757,0.0,6.379216,106.38962,11.879999,1009.3,1007.6775,0.0,3.2399998,90.0,8.64
2022-10-02 02:00:00,1008.8,1003.9502,0.0,5.6233797,129.80553,9.0,1008.7,1006.61707,1.0,4.6800003,112.61991,11.5199995,1009.0,1007.3757,5.7,6.696387,143.74608,12.24
2022-10-02 03:00:00,1009.0,1004.136,2.4,5.937272,165.96373,13.679999,1008.7,1006.6128,1.7,10.739832,140.44037,19.44,1009.0,1007.3754,4.4,8.669949,131.63345,13.679999
2022-10-02 04:00:00,1009.0,1004.13446,1.6,4.829907,206.56499,10.08,1008.8,1006.7125,2.4,12.031756,141.07245,20.519999,1008.6,1006.9763,1.3,5.6233797,129.80553,16.56
2022-10-02 05:00:00,1008.8,1003.9329,0.1,4.072935,135.0001,11.159999,1008.4,1006.31366,0.4,6.3690495,132.70937,21.24,1008.4,1006.7764,2.0,6.28713,113.62939,9.72
2022-10-02 06:00:00,1008.6,1003.7339,0.4,4.829907,116.56499,7.92,1008.3,1006.2132,0.1,7.24486,116.56499,15.84,1008.1,1006.47687,0.9,5.771239,86.423744,11.879999
2022-10-02 07:00:00,1009.5,1004.65,0.5,3.6,143.13002,11.879999,1009.5,1007.41736,0.1,7.127636,135.0001,15.119999,1009.5,1007.8787,0.1,4.6938252,85.60138,12.599999
2022-10-02 08:00:00,1010.1,1005.2625,0.0,4.6938257,147.52882,12.599999,1010.1,1008.017,0.5,4.8965297,126.027466,12.599999,1009.8,1008.18616,0.3,2.0991426,120.96369,11.159999
2022-10-02 09:00:00,1010.6,1005.77374,0.0,5.3999996,143.13002,13.679999,1010.6,1008.52106,0.1,5.0142193,158.96242,11.879999,1010.6,1008.99335,0.1,4.1046314,164.74483,14.4
2022-10-02 10:00:00,1010.9,1006.07544,0.1,6.28713,166.75948,14.759999,1010.8,1008.73303,0.0,5.1165614,140.71062,16.56,1010.5,1008.89923,0.3,5.04,180.0,16.199999
2022-10-02 11:00:00,1010.2,1005.3893,0.1,4.73506,188.74608,16.56,1009.9,1007.8384,0.1,5.904439,127.568665,16.199999,1009.7,1008.1018,0.2,6.0347,107.35411,17.28
2022-10-02 12:00:00,1008.9,1004.1137,0.1,4.510787,151.38963,16.56,1008.8,1006.74274,0.0,5.1919937,123.690094,15.84,1008.8,1007.1966,1.7,7.968939,108.43504,18.0
2022-10-02 13:00:00,1007.4,1002.63275,0.1,5.5887027,165.06853,16.56,1007.2,1005.14984,0.0,4.3498964,114.44395,14.04,1007.4,1005.80237,0.1,9.422101,133.45189,20.519999
2022-10-02 14:00:00,1006.5,1001.73865,0.1,7.5685663,154.65387,18.0,1006.3,1004.2545,0.1,6.1094027,135.0001,15.119999,1006.2,1004.60736,0.0,9.1641035,135.0001,21.24
2022-10-02 15:00:00,1006.1,1001.3319,0.0,9.021574,151.38963,20.16,1005.7,1003.6589,0.0,7.8954163,136.8476,18.0,1005.9,1004.31,0.0,10.739832,140.44037,23.039999
2022-10-02 16:00:00,1006.1,1001.32635,0.1,8.217153,151.1893,19.44,1005.6,1003.5559,0.4,11.246759,129.80553,20.16,1005.7,1004.1062,0.0,14.529915,131.98714,27.72
2022-10-02 17:00:00,1006.4,1001.6162,0.0,8.654987,135.0001,16.199999,1006.3,1004.247,0.0,4.896529,162.89719,19.8,1006.7,1005.0996,0.0,13.849477,152.10283,28.44
2022-10-02 18:00:00,1007.8,1002.9814,0.0,6.2145634,169.99208,15.84,1008.0,1005.92737,7.4,13.104198,232.81522,20.16,1007.8,1006.19183,0.0,10.041354,165.4655,24.48
2022-10-02 19:00:00,1008.7,1003.8829,1.2,1.2979984,303.6901,10.799999,1008.4,1006.33295,2.4,2.5959969,146.3099,25.199999,1008.4,1006.789,0.0,3.6179552,174.2895,17.28
2022-10-02 20:00:00,1009.3,1004.47363,0.7,4.802999,102.99462,5.04,1009.3,1007.22565,0.0,3.4152596,108.43504,6.8399997,1009.0,1007.3855,0.0,3.096837,54.46224,5.3999996
2022-10-02 21:00:00,1009.8,1004.9559,0.0,6.6087217,119.357666,8.64,1009.7,1007.6249,0.0,3.9763298,84.805664,7.5599995,1009.6,1007.983,0.0,3.8939953,56.3099,6.12
2022-10-02 22:00:00,1009.9,1005.05853,0.0,6.6087217,119.357666,9.72,1009.8,1007.7231,0.0,4.5536795,71.564964,8.28,1009.6,1007.9826,0.0,4.68,90.0,7.92
2022-10-02 23:00:00,1009.7,1004.8564,0.0,9.178235,115.55992,15.119999,1009.7,1007.6229,0.1,4.6938252,85.60138,9.36,1009.6,1007.98047,0.0,4.896529,107.10281,7.92
2022-10-03 00:00:00,1009.4,1004.5496,0.0,8.78872,124.992096,15.119999,1009.4,1007.32007,0.1,3.9763298,95.19434,10.08,1009.2,1007.58075,0.0,5.4833565,113.19862,9.0
2022-10-03 01:00:00,1008.8,1003.94366,0.0,6.4096174,128.15727,14.04,1009.0,1006.9178,0.1,4.3349743,131.63345,7.2,1008.9,1007.2791,0.0,5.1165614,129.28938,9.36
2022-10-03 02:00:00,1008.5,1003.6369,0.0,5.00128,149.74365,10.440001,1008.4,1006.3194,0.0,4.39436,145.0079,8.64,1008.4,1006.7792,0.0,5.3517847,137.72638,9.0
2022-10-03 03:00:00,1008.3,1003.4394,0.0,5.0142193,158.96242,8.28,1008.3,1006.21954,0.0,6.297428,149.03632,11.159999,1008.3,1006.67847,0.0,5.00128,149.74365,9.36
2022-10-03 04:00:00,1008.1,1003.247,0.0,3.6,126.86999,5.7599998,1008.0,1005.9185,0.0,5.495161,148.39255,11.159999,1007.8,1006.17737,0.0,4.0249224,116.56499,8.28
2022-10-03 05:00:00,1008.2,1003.323,0.0,7.289445,122.90524,8.28,1008.0,1005.9179,0.0,4.3349743,138.36655,9.72,1008.1,1006.47626,0.0,5.00128,120.256355,7.92
2022-10-03 06:00:00,1008.8,1003.9298,0.0,4.802999,102.99462,9.0,1008.7,1006.6163,0.0,5.8603754,137.4896,10.799999,1008.5,1006.87683,0.0,5.95906,115.01687,9.72
2022-10-03 07:00:00,1009.2,1004.35974,0.0,7.2805495,81.46932,14.759999,1009.1,1007.0216,0.0,7.7879906,123.6901,13.679999,1009.0,1007.3824,0.0,6.763786,115.20109,14.759999
2022-10-03 08:00:00,1010.0,1005.1776,0.0,7.771331,103.39252,18.0,1009.9,1007.82635,0.0,9.339208,117.552734,18.359999,1009.8,1008.1893,0.1,11.923557,118.88649,25.56
2022-10-03 09:00:00,1010.1,1005.29065,0.1,8.707238,82.875084,24.48,1010.0,1007.9335,0.0,11.620809,106.18928,24.84,1009.8,1008.1956,0.1,13.661038,108.43504,27.359999
2022-10-03 10:00:00,1010.0,1005.21,0.1,8.311245,94.96966,27.359999,1010.0,1007.94257,0.0,11.27553,106.699326,27.359999,1009.9,1008.30115,0.0,12.864649,107.92801,30.239998
2022-10-03 11:00:00,1009.2,1004.42584,0.1,8.089993,110.854546,27.0,1009.3,1007.2494,0.1,11.659777,98.88058,28.8,1009.1,1007.5074,0.1,13.202726,115.8663,31.68
2022-10-03 12:00:00,1008.3,1003.5426,0.3,11.113451,114.90474,31.68,1008.3,1006.2549,0.1,11.726277,107.87879,29.88,1008.3,1006.7087,0.5,16.179987,122.27562,36.719997
2022-10-03 13:00:00,1007.4,1002.6453,0.3,14.57889,122.90524,36.36,1007.1,1005.0623,0.1,13.1041975,110.924576,32.399998,1007.4,1005.80237,2.1,10.97262,131.00899,39.239998
2022-10-03 14:00:00,1006.4,1001.647,0.1,16.135872,128.65984,35.64,1006.6,1004.55066,5.2,16.323528,138.57643,33.839996,1006.7,1005.1116,0.1,16.29174,135.0001,36.719997
2022-10-03 15:00:00,1005.8,1001.04596,0.1,16.039202,134.09071,34.2,1006.1,1004.0407,4.1,9.585739,145.71307,34.92,1005.9,1004.3019,4.5,13.18308,145.0079,38.88
2022-10-03 16:00:00,1006.2,1001.4368,0.1,12.229406,137.38599,33.839996,1006.6,1004.54095,0.3,11.503113,159.86362,21.24,1006.5,1004.90186,0.1,12.783802,147.65259,25.56
2022-10-03 17:00:00,1006.9,1002.11847,0.0,6.0347,162.64589,22.319998,1007.4,1005.3369,0.1,7.9932976,187.76508,20.880001,1007.1,1005.4995,0.0,10.30883,155.22488,25.919998
2022-10-03 18:00:00,1007.7,1002.89014,0.0,5.506941,168.69011,10.08,1008.0,1005.9322,0.0,3.8268526,221.18582,13.32,1007.7,1006.09326,0.0,5.95906,154.98314,17.64
2022-10-03 19:00:00,1008.7,1003.8879,0.0,7.7043357,142.59457,8.28,1008.8,1006.7305,0.0,7.729527,297.75842,6.8399997,1008.4,1006.7946,0.0,7.729527,152.24155,10.08
2022-10-03 20:00:00,1009.4,1004.57477,0.0,8.766573,160.82089,14.4,1010.0,1007.92206,7.1,7.5685663,25.346138,23.4,1009.4,1007.7919,0.0,11.525623,141.34016,19.08
2022-10-03 21:00:00,1010.9,1006.0749,0.0,5.815978,111.801476,14.4,1011.0,1008.9218,0.1,2.3051248,38.65983,12.959999,1010.6,1008.98834,0.0,7.10031,120.46546,19.8
2022-10-03 22:00:00,1011.1,1006.2464,0.0,4.5536795,18.435053,7.92,1011.1,1009.021,0.0,7.8954163,43.152412,13.679999,1010.8,1009.1826,0.0,4.510787,61.389645,11.5199995
2022-10-03 23:00:00,1010.6,1005.74475,0.5,8.707237,330.25522,15.84,1011.3,1009.2165,0.0,5.6233797,39.805527,14.04,1011.0,1009.3792,0.0,7.172949,17.52567,12.599999
2022-10-04 00:00:00,1010.4,1005.53754,0.0,4.2136917,340.0168,15.119999,1010.3,1008.2164,0.0,4.198285,329.03632,10.08,1010.3,1008.67584,0.0,6.6087217,330.64233,14.04
2022-10-04 01:00:00,1010.0,1005.129,0.0,3.7064266,299.0545,7.5599995,1010.1,1008.0126,0.0,4.5536795,341.56494,8.64,1010.0,1008.37384,0.0,2.9024127,330.25522,11.159999
2022-10-04 02:00:00,1009.6,1004.73096,0.0,5.6233797,309.8055,9.72,1009.8,1007.7148,0.0,4.1046314,322.12494,7.5599995,1009.7,1008.07336,0.0,4.6938257,327.52884,7.92
2022-10-04 03:00:00,1009.5,1004.6274,0.0,3.7064266,330.9455,10.440001,1009.4,1007.32007,0.0,5.00128,300.25635,9.36,1009.3,1007.6769,0.0,5.6002855,315.0001,11.5199995
2022-10-04 04:00:00,1009.1,1004.23334,0.0,6.4096174,321.8427,11.159999,1009.6,1007.51843,0.4,9.0645685,353.15732,18.0,1009.4,1007.77734,0.2,4.1046314,344.7448,9.36
2022-10-04 05:00:00,1009.7,1004.83264,0.0,6.1094027,315.0001,11.879999,1009.8,1007.71454,0.0,5.04,360.0,17.28,1009.7,1008.07623,0.1,4.6938257,327.52884,7.5599995
2022-10-04 06:00:00,1010.5,1005.6314,0.0,5.6233797,320.1945,12.24,1010.2,1008.114,0.0,5.4477882,352.40543,11.159999,1010.4,1008.77576,0.0,3.7585104,343.3007,9.36
2022-10-04 07:00:00,1010.9,1006.04584,0.0,5.5887027,345.06854,10.799999,1010.9,1008.82086,0.0,9.028754,336.5014,10.799999,1010.7,1009.0828,0.0,10.365251,339.6768,15.119999
2022-10-04 08:00:00,1012.0,1007.1665,0.0,5.4477882,7.59456,16.199999,1011.5,1009.4265,0.0,7.5170207,343.3007,17.64,1011.6,1009.9905,0.0,7.5599995,360.0,21.96
2022-10-04 09:00:00,1012.3,1007.48425,0.1,6.379216,16.389616,21.24,1012.0,1009.9331,0.0,4.32,360.0,16.919998,1012.0,1010.395,0.0,6.3690495,42.709366,21.96
2022-10-04 10:00:00,1011.7,1006.902,0.1,5.506941,11.3098955,22.68,1011.8,1009.7414,0.0,5.7599998,360.0,18.72,1011.5,1009.9005,0.0,6.618519,44.999897,21.24
2022-10-04 11:00:00,1010.7,1005.9234,0.1,4.198285,30.963696,22.319998,1010.9,1008.8471,0.1,8.089993,339.14545,19.8,1010.5,1008.90686,0.1,7.127636,44.999897,19.44
2022-10-04 12:00:00,1009.7,1004.93506,0.0,3.319036,77.4712,18.359999,1009.8,1007.75244,0.1,7.172949,342.47433,21.24,1009.6,1008.01044,0.1,7.145796,40.9143,22.319998
2022-10-04 13:00:00,1008.8,1004.0377,0.0,5.6233797,129.80553,20.519999,1008.6,1006.55835,0.0,3.096837,324.46225,20.16,1008.7,1007.10974,0.2,4.198285,59.03632,21.599998
2022-10-04 14:00:00,1007.9,1003.1345,0.9,5.1919937,123.690094,20.880001,1007.5,1005.46246,0.0,2.1897945,350.53775,16.56,1007.5,1005.9125,0.2,4.510787,118.61037,18.359999
2022-10-04 15:00:00,1007.4,1002.6145,0.9,5.6002855,135.0001,18.359999,1006.8,1004.7664,0.0,4.3349743,41.63345,17.28,1007.4,1005.8004,3.2,9.227524,69.44388,27.0
2022-10-04 16:00:00,1007.2,1002.4101,2.3,7.42159,129.09386,20.880001,1007.1,1005.0415,0.9,13.779114,109.85531,25.919998,1007.0,1005.3997,0.0,5.0911684,81.86999,19.44
2022-10-04 17:00:00,1007.8,1003.0057,0.0,4.3349743,138.36655,14.759999,1007.9,1005.8308,0.3,9.422101,133.45189,25.199999,1007.7,1006.0996,0.1,4.73506,81.25392,12.599999
2022-10-04 18:00:00,1008.6,1003.78424,0.0,4.3349743,184.76355,7.2,1008.6,1006.5265,2.6,5.692099,145.30478,19.08,1008.4,1006.7921,0.0,3.563818,44.999897,8.28
2022-10-04 19:00:00,1009.5,1004.67426,0.0,7.4128532,119.05451,6.4799995,1009.6,1007.5358,0.1,2.4149535,26.564985,12.959999,1009.3,1007.6907,0.0,6.4799995,90.0,6.8399997
2022-10-04 20:00:00,1009.7,1004.8759,0.0,7.729527,117.75845,12.959999,1009.8,1007.73193,0.0,3.5455887,23.962492,6.12,1009.6,1007.98895,0.0,4.6938252,85.60138,11.159999
2022-10-04 21:00:00,1009.8,1004.9697,0.0,6.763786,115.20109,12.599999,1009.8,1007.73566,0.0,2.7416782,23.198618,6.4799995,1009.8,1008.1842,0.0,5.95906,115.01687,7.5599995
2022-10-04 22:00:00,1010.1,1005.2585,0.0,5.2416787,105.945465,11.159999,1010.0,1007.93524,0.0,3.563818,135.0001,5.04,1010.0,1008.3843,0.0,4.6102495,141.34016,7.5599995
2022-10-04 23:00:00,1010.2,1005.3442,0.0,6.130579,93.366394,8.28,1010.1,1008.02625,0.0,5.1165614,140.71062,7.92,1010.1,1008.48254,0.0,4.8433046,131.98714,6.8399997
2022-10-05 00:00:00,1010.1,1005.2405,0.0,6.763786,115.20109,7.92,1010.0,1007.9233,0.0,5.1919937,146.3099,7.92,1009.9,1008.27966,0.0,5.634891,116.56499,7.5599995
2022-10-05 01:00:00,1009.6,1004.74225,0.0,5.904439,127.568665,7.92,1009.5,1007.4231,0.0,4.6800003,157.3801,7.5599995,1009.5,1007.88007,0.0,4.829907,116.56499,7.5599995
2022-10-05 02:00:00,1009.1,1004.24945,0.0,4.5820518,135.0001,7.5599995,1009.0,1006.9218,0.0,4.510787,151.38963,7.5599995,1008.9,1007.2791,0.0,5.6920996,108.43504,9.36
2022-10-05 03:00:00,1008.7,1003.8432,0.0,5.692099,124.69522,6.4799995,1008.7,1006.6184,0.0,5.1544156,167.90526,7.92,1008.5,1006.87933,0.0,5.4477882,97.59455,9.72
2022-10-05 04:00:00,1008.5,1003.6558,0.0,3.8268526,48.814175,6.4799995,1008.7,1006.6238,0.0,2.6208394,195.94547,7.5599995,1008.4,1006.77893,0.0,5.0142193,68.96242,9.0
2022-10-05 05:00:00,1008.7,1003.8514,0.0,3.8268526,48.814175,5.04,1008.8,1006.7251,0.0,1.2979984,303.6901,3.6,1008.5,1006.87646,0.0,5.3517847,47.72637,8.64
2022-10-05 06:00:00,1009.2,1004.3386,0.0,3.6,360.0,4.68,1009.1,1007.0191,0.0,4.6102495,308.65982,6.4799995,1009.1,1007.4747,0.0,3.8773184,68.19853,8.64
2022-10-05 07:00:00,1010.8,1005.95514,0.0,3.671294,191.30989,9.72,1010.7,1008.6253,0.0,2.5455842,8.130019,10.08,1010.7,1009.0828,0.0,4.072935,44.999897,9.72
2022-10-05 08:00:00,1011.5,1006.67773,0.0,2.968636,194.03627,11.879999,1011.6,1009.5304,0.0,1.1384199,341.56494,20.519999,1011.6,1009.9921,0.0,2.9024127,119.74479,19.44
2022-10-05 09:00:00,1012.1,1007.29535,0.0,4.198285,120.96369,21.599998,1012.3,1010.2366,0.0,1.2979984,303.6901,21.96,1012.1,1010.4976,0.0,6.193674,125.537766,25.199999
2022-10-05 10:00:00,1011.8,1007.0113,0.1,3.2599385,96.340096,24.84,1012.0,1009.94257,0.0,1.609969,296.56497,23.759998,1011.8,1010.2041,0.2,8.557102,112.24908,28.8
2022-10-05 11:00:00,1011.1,1006.3278,0.3,2.6208394,74.054535,24.84,1011.3,1009.24725,0.1,2.1897945,260.53775,23.759998,1011.1,1009.5075,0.3,9.793058,107.10281,31.68
2022-10-05 12:00:00,1010.2,1005.39905,9.8,11.246759,129.80553,30.599998,1009.9,1007.8538,0.1,2.9024127,262.8751,24.48,1010.2,1008.601,4.2,15.496736,149.26459,31.319998
2022-10-05 13:00:00,1009.4,1004.5956,7.1,1.4399999,180.0,30.239998,1009.0,1006.9575,0.2,1.2979984,236.3099,23.039999,1009.6,1007.98334,10.1,5.937272,165.96373,37.44
2022-10-05 14:00:00,1008.5,1003.71405,0.3,13.0447235,117.979385,33.12,1008.9,1006.8294,2.5,22.963936,166.39944,41.760002,1008.6,1006.9858,1.1,6.849467,183.01273,18.359999
2022-10-05 15:00:00,1008.3,1003.5002,3.3,6.6185193,157.61983,34.56,1008.5,1006.42883,0.2,10.787993,205.7099,40.32,1008.1,1006.4974,0.0,5.506941,168.69011,16.199999
2022-10-05 16:00:00,1008.6,1003.7952,0.2,5.904439,142.43134,19.08,1008.5,1006.4308,0.2,9.793058,162.89719,20.519999,1008.8,1007.18835,2.8,16.279802,125.095894,31.68
2022-10-05 17:00:00,1009.2,1004.3783,1.1,8.404285,136.73567,19.08,1009.2,1007.12585,0.6,10.495713,157.8336,23.759998,1009.2,1007.5852,0.5,6.3690495,137.29063,29.519999
2022-10-05 18:00:00,1010.2,1005.36206,0.1,4.6102495,128.65984,14.04,1010.2,1008.12164,0.0,5.904439,142.43134,18.0,1009.9,1008.28253,0.1,5.8603754,137.4896,10.440001
2022-10-05 19:00:00,1010.5,1005.6509,0.0,10.787993,154.2901,9.72,1010.5,1008.421,0.3,11.183201,86.308685,14.04,1010.4,1008.7795,0.0,13.276144,139.39879,10.440001
2022-10-05 20:00:00,1012.2,1007.3412,0.0,5.815978,68.19853,19.08,1011.8,1009.71893,0.2,8.557102,112.24908,18.72,1011.5,1009.8784,0.0,9.346143,105.64231,23.4
2022-10-05 21:00:00,1012.1,1007.2366,0.0,13.084402,97.907074,22.319998,1012.0,1009.91724,0.2,9.346143,105.64231,17.28,1011.9,1010.27704,0.0,10.028439,111.03758,18.359999
2022-10-05 22:00:00,1012.2,1007.3298,0.0,9.565437,109.798965,23.4,1012.1,1010.0162,0.2,7.5170207,106.699326,18.359999,1012.3,1010.6748,0.0,8.311245,107.650215,17.28
2022-10-05 23:00:00,1011.9,1007.0297,0.0,6.28713,113.62939,16.199999,1012.1,1010.0168,0.1,7.386582,133.02507,15.119999,1011.9,1010.2764,0.0,7.24486,116.56499,14.759999
2022-10-06 00:00:00,1011.7,1006.8297,0.0,5.692099,124.69522,10.799999,1011.8,1009.71606,0.0,8.39657,149.03632,15.119999,1011.7,1010.07556,0.0,3.2399998,90.0,12.599999
2022-10-06 01:00:00,1010.9,1006.0418,0.0,4.68,90.0,6.4799995,1011.1,1009.01495,0.0,4.829907,153.43501,15.4800005,1010.9,1009.2765,0.0,2.5455842,44.999897,6.12
2022-10-06 02:00:00,1010.2,1005.3467,0.0,4.379589,99.46225,5.7599998,1010.4,1008.3146,0.0,4.3349743,175.23645,9.72,1010.5,1008.8733,0.0,1.8,270.0,2.8799999
2022-10-06 03:00:00,1010.3,1005.4339,0.0,4.0249224,206.56499,6.4799995,1010.3,1008.21313,0.0,5.4477882,172.40544,11.5199995,1010.0,1008.37573,0.0,1.5273507,315.0001,4.68
2022-10-06 04:00:00,1010.0,1005.1379,0.0,1.1384199,108.43504,8.28,1010.0,1007.91705,0.0,2.0364676,135.0001,10.799999,1009.8,1008.1735,0.0,2.1897945,9.462248,3.2399998
2022-10-06 05:00:00,1010.3,1005.4276,0.0,5.0911684,81.86999,7.5599995,1010.2,1008.1093,0.0,3.9763298,84.805664,7.2,1010.1,1008.47076,0.0,3.319036,49.398785,5.7599998
2022-10-06 06:00:00,1010.9,1006.02856,0.0,3.671294,78.6901,5.7599998,1010.6,1008.5141,0.0,6.162207,96.70974,10.799999,1010.6,1008.9715,0.0,4.2136917,70.01681,6.12
2022-10-06 07:00:00,1011.7,1006.8468,0.1,3.219938,63.435013,16.199999,1011.5,1009.4199,0.0,7.928178,92.60251,18.72,1011.6,1009.97723,0.0,6.989936,124.50858,14.04
2022-10-06 08:00:00,1012.5,1007.66315,0.1,3.7585104,73.300674,15.119999,1012.3,1010.22296,0.0,7.9526596,84.805664,19.44,1012.3,1010.6843,0.0,11.304229,99.16227,21.599998
2022-10-06 09:00:00,1013.0,1008.17365,0.3,5.2416787,74.054535,20.16,1012.9,1010.82776,0.1,7.928178,92.60251,19.44,1012.8,1011.1911,0.1,11.440978,102.72436,25.56
2022-10-06 10:00:00,1012.9,1008.0799,0.4,5.2416787,74.054535,20.880001,1012.7,1010.63574,0.1,8.12197,102.80426,19.44,1012.6,1010.9968,0.2,12.224107,103.627014,28.08
2022-10-06 11:00:00,1012.1,1007.2922,0.2,5.6920996,71.564964,20.519999,1012.0,1009.9416,0.1,7.754637,111.801476,22.68,1011.8,1010.2025,0.2,11.440978,102.72436,29.16
2022-10-06 12:00:00,1011.1,1006.2969,0.2,6.638072,102.5288,20.880001,1010.9,1008.8481,0.2,6.379216,106.38962,22.68,1010.8,1009.20544,0.2,10.137692,106.50443,28.08
2022-10-06 13:00:00,1009.8,1004.9946,4.9,6.8777895,137.12111,20.16,1009.2,1007.15173,0.3,7.072878,104.743614,21.599998,1010.0,1008.3895,8.7,10.24578,108.43504,31.319998
2022-10-06 14:00:00,1008.3,1003.51746,0.1,7.5685663,154.65387,21.96,1008.2,1006.1424,2.3,15.484185,144.46223,29.88,1008.3,1006.692,0.8,5.634891,116.56499,22.319998
2022-10-06 15:00:00,1007.5,1002.7285,0.1,10.464797,130.81499,23.4,1007.3,1005.2408,0.0,10.365251,159.67677,29.88,1007.5,1005.8983,0.3,8.654987,135.0001,16.56
2022-10-06 16:00:00,1007.6,1002.8072,0.9,7.7879906,123.6901,25.56,1008.0,1005.9428,0.0,11.901798,176.53185,23.039999,1008.0,1006.3985,0.2,10.144082,152.52565,20.16
2022-10-06 17:00:00,1008.3,1003.49603,0.5,5.0528407,184.08554,15.4800005,1008.6,1006.5363,0.0,10.799999,216.86998,22.319998,1008.3,1006.6939,0.0,7.968939,198.43504,18.72
2022-10-06 18:00:00,1009.1,1004.2771,1.6,3.7064266,209.0545,9.36,1009.2,1007.12994,0.1,8.404285,223.26433,18.72,1008.9,1007.2861,0.0,5.1165614,230.71062,13.679999
2022-10-06 19:00:00,1010.1,1005.2554,0.5,5.154415,204.77512,5.3999996,1010.2,1008.1298,0.0,6.151683,200.55612,14.04,1009.9,1008.28375,0.0,4.379589,260.53775,6.12
2022-10-06 20:00:00,1011.8,1006.9282,5.0,5.1919937,33.6901,15.119999,1011.3,1009.2219,0.0,2.2768397,18.435053,10.08,1011.0,1009.3792,0.0,3.319036,347.4712,5.7599998
2022-10-06 21:00:00,1012.0,1007.12823,0.9,5.506941,11.3098955,12.24,1011.4,1009.32294,0.0,6.379216,73.61038,11.5199995,1011.4,1009.77783,0.0,5.3999996,36.86998,9.36
2022-10-06 22:00:00,1011.9,1007.0272,0.0,3.7064266,29.054508,9.36,1011.6,1009.52057,0.0,9.449572,72.25524,16.199999,1011.5,1009.87744,0.0,7.24486,63.435013,13.679999
2022-10-06 23:00:00,1011.9,1007.02466,0.0,6.6087217,29.357658,7.92,1012.1,1010.01483,0.0,9.178235,78.6901,16.56,1011.8,1010.17346,0.0,7.5942082,58.570484,13.679999
2022-10-07 00:00:00,1011.8,1006.9276,0.0,4.896529,17.102825,7.92,1011.9,1009.8131,0.0,6.379216,73.61038,15.84,1011.8,1010.17114,0.0,5.6233797,39.805527,13.32
2022-10-07 01:00:00,1011.1,1006.2228,0.0,7.172949,17.52567,8.28,1011.2,1009.1142,0.0,5.3999996,53.13002,11.5199995,1011.0,1009.37067,0.0,4.39436,34.9921,10.08
2022-10-07 02:00:00,1010.6,1005.7283,0.0,5.315336,28.30066,8.28,1010.6,1008.51575,0.0,4.198285,59.03632,10.08,1010.6,1008.969,0.0,5.692099,34.69522,7.5599995
2022-10-07 03:00:00,1010.0,1005.1306,0.0,5.04,360.0,7.2,1010.2,1008.11566,0.0,3.396233,57.99466,7.92,1010.1,1008.46954,0.0,4.379589,9.462248,7.5599995
2022-10-07 04:00:00,1009.6,1004.73,0.0,4.379589,350.53775,7.2,1009.6,1007.51556,0.0,3.7585104,16.699326,7.2,1009.4,1007.771,0.0,4.379589,9.462248,7.5599995
2022-10-07 05:00:00,1009.4,1004.52527,0.0,5.0528407,355.91446,6.8399997,1009.3,1007.2175,0.0,4.6800003,22.61991,9.36,1009.2,1007.56915,0.0,5.154415,24.775122,7.5599995
2022-10-07 06:00:00,1010.0,1005.124,0.0,5.0528407,4.085537,7.2,1010.0,1007.9163,0.0,4.8965297,36.027473,9.36,1009.9,1008.26996,0.0,4.3498964,24.443953,7.5599995
2022-10-07 07:00:00,1010.6,1005.74786,0.0,3.7585104,343.3007,8.64,1010.5,1008.4245,0.0,5.00128,30.256361,13.32,1010.5,1008.87964,0.0,4.6938257,32.471172,10.440001
2022-10-07 08:00:00,1011.2,1006.37244,0.0,3.5455887,23.962492,12.24,1011.0,1008.9301,0.0,4.2136917,19.983198,13.32,1011.0,1009.38965,0.0,3.0547013,44.999897,12.599999
2022-10-07 09:00:00,1011.8,1006.9905,0.0,3.4152596,71.564964,14.04,1011.6,1009.53613,0.0,5.3999996,36.86998,15.4800005,1011.5,1009.8974,0.0,3.8773184,68.19853,14.04
2022-10-07 10:00:00,1011.2,1006.41473,0.0,4.6102495,128.65984,15.119999,1011.4,1009.34357,0.0,4.3349743,48.366554,16.56,1011.3,1009.70465,0.0,6.5693827,99.46225,18.359999
2022-10-07 11:00:00,1010.7,1005.9351,0.0,5.8048253,119.74479,16.919998,1011.0,1008.9504,0.0,0.71999997,90.0,15.4800005,1010.7,1009.11066,0.0,5.0142193,111.03758,21.599998
2022-10-07 12:00:00,1009.7,1004.9477,0.0,5.315336,118.30067,21.599998,1009.8,1007.75745,0.0,0.8049845,153.43501,15.4800005,1009.7,1008.1144,0.1,6.830519,108.43504,21.599998
2022-10-07 13:00:00,1008.3,1003.5606,0.0,5.937272,104.03627,21.599998,1008.4,1006.36383,0.0,0.8049845,206.56499,15.119999,1008.3,1006.7175,0.2,7.968939,108.43504,20.519999
2022-10-07 14:00:00,1007.0,1002.2698,0.0,6.3690495,137.29063,21.96,1006.9,1004.8697,0.0,1.835647,168.69011,15.4800005,1007.2,1005.6133,0.9,11.200571,135.0001,23.759998
2022-10-07 15:00:00,1007.2,1002.3998,5.6,10.931203,107.241554,28.44,1006.0,1003.97,0.0,3.096837,144.46223,16.919998,1006.4,1004.80994,0.1,12.387348,144.46223,24.84
2022-10-07 16:00:00,1007.3,1002.50653,0.0,7.127636,44.999897,21.96,1007.3,1005.24054,6.6,14.773164,136.97493,28.08,1007.0,1005.4045,0.4,9.957108,130.60121,24.84
2022-10-07 17:00:00,1007.7,1002.9037,0.0,4.6938252,85.60138,15.84,1007.7,1005.6448,0.1,4.39436,145.0079,25.56,1007.7,1006.1015,0.0,8.714677,128.2902,19.44
2022-10-07 18:00:00,1008.8,1003.9745,0.0,3.8939953,326.3099,7.92,1009.2,1007.1338,2.1,3.8773184,111.801476,8.64,1008.8,1007.1922,0.9,4.0249224,79.69521,16.919998
2022-10-07 19:00:00,1009.3,1004.4784,0.0,6.87779,173.99109,6.12,1009.5,1007.4322,1.9,7.8954163,294.22772,16.199999,1009.3,1007.6914,0.3,5.04,180.0,6.8399997
2022-10-07 20:00:00,1010.2,1005.37354,0.0,5.634891,206.56499,7.92,1010.7,1008.6269,0.5,10.383987,303.6901,19.08,1010.3,1008.69073,0.0,5.0528407,184.08554,10.08
2022-10-07 21:00:00,1011.5,1006.6622,0.0,4.802999,282.99463,6.8399997,1012.4,1010.31586,8.0,6.489992,356.82022,19.08,1011.5,1009.88153,1.5,7.0911775,336.0375,12.599999
2022-10-07 22:00:00,1011.9,1007.02875,5.9,12.43434,337.8905,29.16,1012.0,1009.91724,0.5,4.1046314,254.74483,13.679999,1012.3,1010.66974,9.3,9.693296,328.67136,28.8
2022-10-07 23:00:00,1011.9,1007.03125,0.2,5.0911684,315.0001,22.68,1011.8,1009.7174,0.7,1.609969,243.43501,7.5599995,1011.7,1010.0752,0.2,2.5455842,98.13002,16.56
2022-10-08 00:00:00,1011.3,1006.4347,0.1,4.3498964,335.55606,10.08,1011.4,1009.3176,0.4,1.5273507,315.0001,4.32,1011.3,1009.6755,0.4,3.671294,348.6901,6.8399997
2022-10-08 01:00:00,1010.4,1005.5344,0.0,4.8965297,323.97253,10.08,1010.6,1008.51984,0.1,2.2768397,341.56494,4.68,1010.3,1008.6774,0.1,1.1384199,341.56494,6.12
2022-10-08 02:00:00,1009.7,1004.83435,0.0,5.3517847,312.27362,9.36,1009.9,1007.8225,0.0,4.5536795,288.43503,10.440001,1009.8,1008.1751,0.0,3.6,323.13,7.2
2022-10-08 03:00:00,1009.4,1004.5335,0.0,7.10031,329.53452,12.599999,1009.6,1007.5203,0.0,9.021574,298.61035,15.4800005,1009.3,1007.6759,0.0,5.3999996,306.86996,10.440001
2022-10-08 04:00:00,1009.7,1004.83203,0.0,7.42159,320.90613,13.32,1009.6,1007.5178,0.2,10.009036,322.3057,23.4,1009.5,1007.87463,0.3,6.696387,323.74606,16.56
2022-10-08 05:00:00,1009.5,1004.6336,0.0,8.891343,328.24057,16.919998,1009.8,1007.7165,0.1,10.739832,309.55963,21.96,1009.8,1008.17413,0.9,6.379216,286.38962,16.56
2022-10-08 06:00:00,1010.3,1005.43066,0.0,5.6002855,315.0001,15.119999,1010.1,1008.01416,0.6,5.8603754,317.4896,25.56,1010.3,1008.6736,0.1,7.7879906,303.6901,13.679999
2022-10-08 07:00:00,1011.1,1006.2449,0.0,9.504272,322.69595,19.44,1011.3,1009.21844,0.0,10.464797,319.18503,19.08,1011.2,1009.5754,0.0,8.669949,311.63345,15.119999
2022-10-08 08:00:00,1012.0,1007.1613,0.0,11.988594,318.6523,24.119999,1012.2,1010.12006,0.0,9.178235,318.1799,19.8,1012.3,1010.6812,0.0,6.1305785,310.2363,19.08
2022-10-08 09:00:00,1012.5,1007.676,0.0,8.161764,311.42358,24.84,1012.7,1010.6263,0.0,9.178235,318.1799,19.44,1012.7,1011.08405,0.1,8.287822,304.3804,17.64
2022-10-08 10:00:00,1012.5,1007.6824,0.1,6.9527545,291.25058,21.24,1012.7,1010.633,0.1,9.957108,319.39877,22.68,1012.6,1010.98706,0.2,9.1641035,315.0001,20.16
2022-10-08 11:00:00,1011.9,1007.08777,0.2,5.937272,284.03625,19.08,1011.9,1009.8356,0.0,8.0899935,327.72437,22.319998,1011.9,1010.2898,0.0,9.693296,338.19852,20.16
2022-10-08 12:00:00,1010.7,1005.88525,2.6,6.519877,263.6599,18.0,1010.5,1008.4425,0.0,7.42159,292.83368,18.72,1010.7,1009.0945,0.0,5.692099,325.30478,19.8
2022-10-08 13:00:00,1010.3,1005.47675,1.0,5.3517847,160.34608,18.0,1009.6,1007.5443,0.0,3.4152596,288.43503,18.359999,1009.8,1008.19775,0.1,5.692099,235.30478,14.4
2022-10-08 14:00:00,1009.1,1004.25757,5.6,8.825508,168.23174,20.16,1008.8,1006.7396,0.7,2.2768397,288.43503,11.879999,1008.8,1007.1953,0.6,5.0528407,184.08554,18.359999
2022-10-08 15:00:00,1008.9,1004.0658,0.5,3.396233,122.00535,16.56,1008.7,1006.6269,6.8,7.8625183,105.945465,16.919998,1008.6,1006.98926,3.6,4.0249224,100.30479,17.64
2022-10-08 16:00:00,1008.9,1004.06177,0.5,6.439876,153.43501,13.32,1008.6,1006.5261,0.7,7.10031,120.46546,15.84,1008.8,1007.18774,0.5,4.39436,124.992096,15.119999
2022-10-08 17:00:00,1009.5,1004.65826,0.7,4.6102495,128.65984,14.04,1009.4,1007.3224,0.7,7.8954163,133.1524,14.4,1009.5,1007.8847,0.3,6.439876,153.43501,15.4800005
2022-10-08 18:00:00,1010.1,1005.25024,0.5,4.198285,149.03632,9.0,1010.3,1008.21893,0.5,5.3517847,137.72638,14.759999,1010.3,1008.67896,1.5,5.6920996,161.56496,16.919998
2022-10-08 19:00:00,1010.4,1005.5488,0.2,3.4152596,198.43504,5.04,1010.1,1008.0221,0.1,11.304229,170.83772,9.72,1010.2,1008.58105,0.1,7.386582,133.02507,10.08
2022-10-08 20:00:00,1011.3,1006.4414,0.1,3.6,143.13002,5.04,1011.2,1009.1164,0.1,4.379589,170.53775,20.519999,1011.0,1009.3801,0.0,5.6002855,135.0001,12.24
2022-10-08 21:00:00,1012.1,1007.2327,0.0,4.8965297,143.97253,6.8399997,1012.4,1010.31366,0.1,1.609969,243.43501,7.5599995,1012.0,1010.37506,0.0,5.991594,122.73522,9.72
2022-10-08 22:00:00,1012.1,1007.23083,0.0,5.1919937,123.690094,7.2,1012.3,1010.2148,0.1,1.8,216.86998,4.32,1012.2,1010.5792,0.0,2.4149535,206.56499,7.2
2022-10-08 23:00:00,1012.3,1007.4325,0.0,5.4477882,97.59455,7.2,1012.6,1010.5134,1.8,4.896529,287.1028,13.679999,1012.3,1010.6764,0.1,2.1897945,279.46225,3.6
2022-10-09 00:00:00,1011.5,1006.6357,0.0,5.95906,64.98315,6.8399997,1011.8,1009.7142,0.0,2.8116899,309.8055,16.919998,1011.6,1009.97534,0.1,4.072935,315.0001,12.24
2022-10-09 01:00:00,1011.0,1006.14844,0.0,2.0364676,315.0001,6.8399997,1011.4,1009.3134,0.9,5.95906,295.01685,14.4,1011.2,1009.5731,2.0,4.3349743,318.36655,13.679999
2022-10-09 02:00:00,1011.0,1006.13153,0.9,3.6179552,264.2895,11.879999,1010.7,1008.61487,0.6,1.9386592,201.80147,16.56,1011.1,1009.47107,1.9,4.3349743,274.76355,16.919998
2022-10-09 03:00:00,1010.4,1005.53845,0.4,3.4152596,288.43503,12.24,1010.3,1008.2129,0.0,2.9024127,240.2552,9.36,1010.0,1008.37286,0.1,1.0182338,44.999897,13.32
2022-10-09 04:00:00,1009.7,1004.8409,0.0,2.52,360.0,5.3999996,1009.9,1007.81555,0.1,2.5959969,236.3099,5.7599998,1009.8,1008.1726,0.0,4.3349743,318.36655,7.2
2022-10-09 05:00:00,1009.9,1005.03265,0.0,2.6208394,285.94547,5.04,1009.9,1007.8144,0.1,3.2399998,270.0,5.7599998,1009.9,1008.27246,0.1,1.609969,63.435013,7.2
2022-10-09 06:00:00,1010.9,1006.02783,0.0,4.73506,278.74606,8.64,1010.7,1008.61334,0.1,3.2599385,263.6599,5.7599998,1010.7,1009.07214,0.1,1.2979984,33.6901,1.8
2022-10-09 07:00:00,1012.5,1007.6268,0.1,5.1165614,219.28938,13.679999,1012.4,1010.31464,0.1,4.2136917,199.9832,9.72,1012.2,1010.57306,0.0,3.2399998,180.0,11.5199995
2022-10-09 08:00:00,1012.9,1008.0378,0.4,3.6179552,264.2895,11.5199995,1012.7,1010.61926,0.2,1.5273507,315.0001,9.72,1012.5,1010.8758,0.3,4.39436,55.0079,9.72
2022-10-09 09:00:00,1012.7,1007.8653,0.2,6.28713,23.629398,15.84,1012.7,1010.6263,0.1,4.6102495,38.65983,11.879999,1012.5,1010.8838,0.2,7.42159,39.09386,17.28
2022-10-09 10:00:00,1012.4,1007.587,0.1,8.669949,48.366554,20.880001,1012.5,1010.4343,0.0,9.021574,28.610369,19.8,1012.3,1010.69104,0.0,7.928177,50.52757,19.08
2022-10-09 11:00:00,1011.6,1006.80023,0.0,10.514218,51.952908,23.759998,1011.7,1009.64166,0.0,10.041354,14.534496,21.96,1011.4,1009.80066,0.0,8.161764,48.57643,20.16
2022-10-09 12:00:00,1010.5,1005.7174,0.0,8.12197,77.19574,23.759998,1010.5,1008.4481,0.1,9.793058,17.102825,23.4,1010.4,1008.8054,0.2,7.5170207,73.300674,20.16
2022-10-09 13:00:00,1009.6,1004.83276,0.1,5.0911684,81.86999,19.8,1009.7,1007.6517,0.1,4.896529,17.102825,21.96,1009.7,1008.1072,0.2,6.151683,110.55613,18.72
2022-10-09 14:00:00,1008.5,1003.7424,0.1,4.3498964,155.55606,16.199999,1008.5,1006.4563,0.0,2.2768397,161.56496,15.4800005,1008.6,1007.00854,0.0,5.5887027,165.06853,18.0
2022-10-09 15:00:00,1008.0,1003.24036,0.1,5.0528407,175.91446,17.28,1007.8,1005.7559,0.1,4.1046314,195.25517,16.199999,1007.9,1006.3103,0.1,6.8777895,137.12111,17.64
2022-10-09 16:00:00,1009.1,1004.269,7.5,10.383987,146.3099,24.84,1008.5,1006.4279,4.9,18.161278,129.3693,30.960001,1008.3,1006.68915,1.8,13.746156,135.0001,32.760002
2022-10-09 17:00:00,1009.3,1004.4654,0.3,3.319036,102.5288,19.08,1009.5,1007.4266,1.5,7.42159,112.833694,33.12,1009.6,1007.98334,4.1,8.913181,136.63654,25.56
2022-10-09 18:00:00,1010.7,1005.85406,0.2,1.1384199,341.56494,5.7599998,1010.8,1008.7222,0.6,5.3517847,109.653915,12.959999,1010.7,1009.079,4.1,2.8116899,140.19447,15.4800005
2022-10-09 19:00:00,1011.1,1006.2656,0.1,2.3051248,218.65984,2.16,1011.1,1009.0204,0.3,5.8048253,97.12492,11.159999,1010.8,1009.1861,0.0,5.95906,154.98314,6.4799995
2022-10-09 20:00:00,1012.0,1007.16327,0.0,2.5455842,81.86999,5.3999996,1012.3,1010.21826,2.9,4.39436,124.992096,10.08,1011.9,1010.2847,0.1,2.8116899,230.19447,10.799999
2022-10-09 21:00:00,1013.3,1008.4343,3.6,10.365251,339.6768,19.08,1013.4,1011.3144,1.7,3.319036,40.601215,10.08,1013.1,1011.476,0.8,8.534353,27.645891,14.04
2022-10-09 22:00:00,1013.6,1008.7271,2.9,2.9024127,29.744795,23.039999,1013.5,1011.4139,0.4,5.8048253,60.255207,10.799999,1013.3,1011.6757,0.1,5.1919937,33.6901,15.84
2022-10-09 23:00:00,1013.3,1008.43274,0.0,0.8049845,206.56499,6.4799995,1012.9,1010.81384,0.7,3.8773184,68.19853,13.32,1013.1,1011.47485,0.1,8.049845,63.435013,13.679999
2022-10-10 00:00:00,1013.0,1008.1259,0.0,3.8773184,158.19853,8.28,1012.7,1010.61365,0.3,5.8048253,97.12492,10.799999,1012.7,1011.074,0.3,8.669949,94.76356,15.119999
2022-10-10 01:00:00,1012.2,1007.3273,0.0,5.1919937,123.690094,7.5599995,1012.0,1009.9135,0.1,6.9899354,101.88863,13.679999,1011.9,1010.27356,0.1,7.771331,103.39252,14.759999
2022-10-10 02:00:00,1011.9,1007.02563,0.0,4.6800003,112.61991,10.440001,1011.7,1009.6128,0.0,5.8603754,100.619606,14.4,1011.8,1010.1715,0.0,6.5693827,99.46225,13.32
2022-10-10 03:00:00,1011.5,1006.62756,0.0,6.439876,153.43501,11.159999,1011.5,1009.4116,0.0,5.00128,120.256355,11.159999,1011.6,1009.9709,0.0,7.4128532,119.05451,13.32
2022-10-10 04:00:00,1011.3,1006.4193,0.0,4.6938252,175.60138,11.159999,1011.2,1009.1111,0.0,6.439876,153.43501,11.879999,1011.3,1009.6704,0.0,5.8603754,132.5104,13.32
2022-10-10 05:00:00,1011.6,1006.7121,0.0,1.4399999,270.0,7.92,1011.6,1009.5089,0.0,6.151683,159.44388,12.599999,1011.3,1009.6673,0.0,5.634891,116.56499,10.08
2022-10-10 06:00:00,1012.1,1007.2122,0.0,2.9024127,330.25522,2.8799999,1012.2,1010.10925,0.0,6.4096174,128.15727,11.159999,1011.9,1010.2676,0.0,3.7585104,73.300674,7.5599995
2022-10-10 07:00:00,1013.2,1008.3298,0.0,7.754637,68.19853,9.72,1013.2,1011.11066,0.0,8.287822,92.4895,12.599999,1012.9,1011.27295,0.0,9.531505,79.11452,12.24
2022-10-10 08:00:00,1013.4,1008.5452,0.0,7.771331,76.60749,17.64,1013.6,1011.51715,0.0,9.178235,101.3099,19.44,1013.6,1011.9725,0.0,7.2,90.0,16.919998
2022-10-10 09:00:00,1013.7,1008.85895,0.0,8.287822,55.6196,18.72,1014.0,1011.9226,0.0,6.519877,83.659904,19.08,1013.7,1012.07935,0.0,7.208994,87.13766,16.199999
2022-10-10 10:00:00,1013.3,1008.4722,0.2,8.049845,26.564985,18.72,1013.5,1011.4291,0.0,5.8603754,42.510403,16.199999,1013.3,1011.69104,0.0,6.6087217,60.64234,17.64
2022-10-10 11:00:00,1012.4,1007.57654,0.6,7.208994,2.8623457,18.0,1012.6,1010.53436,0.0,6.379216,16.389616,15.4800005,1012.4,1010.79443,0.1,6.638072,49.398785,17.64
2022-10-10 12:00:00,1011.5,1006.6856,0.5,5.6920996,341.56494,16.199999,1011.5,1009.4379,0.0,5.2416787,344.05453,15.4800005,1011.4,1009.7978,0.3,4.8433046,48.01287,16.199999
2022-10-10 13:00:00,1010.3,1005.49915,0.1,5.904439,307.56866,16.199999,1010.3,1008.24097,0.1,2.6208394,344.05453,13.679999,1010.3,1008.6995,0.4,3.96,90.0,14.04
2022-10-10 14:00:00,1009.4,1004.6129,0.0,4.1046314,285.25516,16.56,1009.4,1007.3442,0.1,2.968636,255.96373,10.440001,1009.4,1007.80133,0.2,2.8116899,129.80553,12.599999
2022-10-10 15:00:00,1009.0,1004.2094,0.1,1.835647,281.3099,13.32,1008.8,1006.7497,0.0,0.8049845,243.43501,12.24,1008.8,1007.2054,0.1,2.9024127,119.74479,12.24
2022-10-10 16:00:00,1009.2,1004.4054,0.0,2.1897945,350.53775,7.5599995,1009.4,1007.3397,0.0,10.028439,21.037588,15.84,1009.0,1007.401,0.2,5.1544156,102.09474,13.679999
2022-10-10 17:00:00,1010.7,1005.8458,2.3,3.6179552,354.2895,15.119999,1010.0,1007.9271,1.3,4.5536795,71.564964,20.880001,1010.4,1008.77576,4.0,15.2947035,26.564985,29.88
2022-10-10 18:00:00,1010.5,1005.6493,1.5,3.0547013,135.0001,7.2,1010.8,1008.72253,1.7,3.96,90.0,9.0,1010.9,1009.27515,0.9,3.2599385,83.659904,25.199999
2022-10-10 19:00:00,1010.6,1005.76276,0.3,3.6179552,185.7105,6.8399997,1010.6,1008.52704,0.4,6.151683,200.55612,8.64,1010.9,1009.2825,1.6,1.8,323.13,8.64
2022-10-10 20:00:00,1012.0,1007.1365,7.4,3.9763298,5.19435,7.5599995,1012.1,1010.01483,5.3,4.6938257,237.52882,19.08,1011.5,1009.8796,1.2,5.0528407,274.08554,14.04
2022-10-10 21:00:00,1012.9,1008.02893,1.4,1.0182338,44.999897,7.92,1012.7,1010.61304,2.9,3.319036,257.4712,11.159999,1012.6,1010.9772,0.0,11.901798,356.53183,20.16
2022-10-10 22:00:00,1012.8,1007.9275,0.2,5.8048253,7.12493,11.159999,1012.7,1010.61426,0.2,1.08,180.0,6.12,1012.5,1010.8755,0.2,7.771331,346.60748,21.24
2022-10-10 23:00:00,1012.9,1008.02295,0.1,8.891344,21.370695,16.199999,1012.8,1010.7147,0.4,2.0991426,59.03632,5.04,1012.7,1011.074,0.1,4.2136917,19.983198,14.04
2022-10-11 00:00:00,1012.1,1007.2262,0.0,7.42159,22.833694,15.84,1011.9,1009.8172,0.4,2.52,90.0,4.68,1011.9,1010.2743,0.4,3.8939953,33.6901,9.0
2022-10-11 01:00:00,1011.0,1006.1223,0.0,5.771239,86.423744,12.959999,1011.1,1009.0179,0.2,3.396233,57.99466,9.0,1011.2,1009.57385,0.0,4.5820518,44.999897,6.4799995
2022-10-11 02:00:00,1010.7,1005.83606,0.0,3.0758414,20.556128,6.4799995,1010.9,1008.8158,0.1,2.2768397,161.56496,6.8399997,1010.9,1009.2718,0.0,2.9024127,277.1249,5.04
2022-10-11 03:00:00,1010.7,1005.83545,0.0,2.5959969,326.3099,3.6,1010.8,1008.7131,1.4,2.52,270.0,7.5599995,1010.6,1008.97095,0.0,4.3349743,311.63345,6.4799995
2022-10-11 04:00:00,1010.3,1005.4175,0.0,4.8433046,311.98712,6.12,1010.5,1008.4128,0.1,3.219938,243.43501,4.32,1010.4,1008.7726,0.0,5.634891,296.56497,10.08
2022-10-11 05:00:00,1010.6,1005.72015,0.0,4.3498964,294.44394,7.2,1010.8,1008.7137,0.3,4.1046314,285.25516,8.64,1010.6,1008.9706,0.0,4.8433046,311.98712,10.08
2022-10-11 06:00:00,1011.1,1006.21704,0.0,5.1165614,309.28937,9.36,1011.1,1009.01404,0.2,6.6185193,337.6198,12.599999,1011.0,1009.36993,0.0,6.297428,329.03632,10.799999
2022-10-11 07:00:00,1011.9,1007.03375,0.0,5.1919937,326.3099,13.32,1012.0,1009.91797,0.1,5.634891,26.564985,18.0,1011.9,1010.2749,0.0,8.311245,342.34976,16.919998
2022-10-11 08:00:00,1012.8,1007.95593,0.0,3.7064266,330.9455,12.599999,1012.9,1010.8214,0.0,5.4477882,7.59456,14.04,1012.8,1011.18353,0.0,8.373386,334.53668,19.8
2022-10-11 09:00:00,1013.1,1008.27637,0.0,5.6002855,315.0001,16.56,1013.4,1011.3252,0.1,5.3999996,360.0,15.4800005,1013.1,1011.49,0.0,7.653705,318.81415,19.44
2022-10-11 10:00:00,1012.8,1007.99133,0.1,6.28713,293.6294,18.0,1013.0,1010.931,0.1,6.6087217,330.64233,17.64,1012.8,1011.1959,0.0,6.193674,324.46225,18.72
2022-10-11 11:00:00,1011.7,1006.9077,0.1,8.049845,280.30478,20.880001,1011.9,1009.83813,0.1,6.1094027,315.0001,18.0,1011.8,1010.2025,0.0,6.489992,303.6901,19.08
2022-10-11 12:00:00,1010.4,1005.6227,0.1,9.007196,267.70944,22.68,1010.6,1008.54694,0.1,6.439876,296.56497,19.8,1010.5,1008.9071,0.0,5.815978,291.80148,19.08
2022-10-11 13:00:00,1009.6,1004.8264,0.1,9.178235,258.6901,22.68,1009.6,1007.5515,0.0,4.3498964,294.44394,19.44,1009.4,1007.8114,0.0,4.73506,278.74606,17.64
2022-10-11 14:00:00,1008.9,1004.1137,0.4,1.8,360.0,21.96,1008.7,1006.6553,0.0,4.6102495,321.34018,15.4800005,1008.3,1006.7137,0.0,5.692099,304.69522,15.84
2022-10-11 15:00:00,1008.7,1003.8719,0.2,11.770403,23.428713,29.16,1008.7,1006.63544,0.2,17.698677,4.6667724,30.960001,1008.1,1006.5065,6.4,9.028754,355.42615,17.28
2022-10-11 16:00:00,1008.6,1003.7641,0.6,5.8048253,29.744795,21.24,1008.6,1006.5305,0.3,10.24578,18.435053,30.960001,1008.5,1006.88666,6.1,6.638072,12.528798,29.519999
2022-10-11 17:00:00,1009.4,1004.5571,0.8,2.7416782,23.198618,11.5199995,1009.5,1007.42755,2.5,8.473393,12.26477,20.880001,1009.4,1007.7862,0.3,1.08,270.0,14.04
2022-10-11 18:00:00,1010.1,1005.25024,0.1,3.8939953,326.3099,7.5599995,1010.3,1008.22266,8.0,10.483357,15.945477,19.08,1010.1,1008.4818,0.3,6.6087217,330.64233,14.04
2022-10-11 19:00:00,1010.1,1005.2569,0.5,4.1046314,322.12494,9.36,1010.2,1008.1292,5.7,11.165805,358.15244,19.08,1010.0,1008.3849,1.4,4.510787,331.38962,15.119999
2022-10-11 20:00:00,1010.8,1005.94855,0.1,4.6800003,337.3801,8.64,1010.8,1008.7229,0.7,8.209263,344.7448,18.72,1010.7,1009.0822,0.2,4.6800003,337.3801,7.92
2022-10-11 21:00:00,1011.1,1006.2449,0.1,4.829907,333.43503,7.92,1011.4,1009.32135,0.3,7.5170207,343.3007,14.759999,1011.3,1009.6799,0.1,3.7064266,330.9455,10.08
2022-10-11 22:00:00,1011.3,1006.4389,0.0,4.6800003,337.3801,9.0,1011.5,1009.4225,0.1,11.726277,342.12122,20.16,1011.3,1009.67896,0.0,5.6233797,320.1945,9.72
2022-10-11 23:00:00,1011.2,1006.3337,0.0,3.563818,315.0001,7.92,1011.4,1009.321,0.0,13.979871,348.11136,24.119999,1011.2,1009.57794,0.0,6.6185193,337.6198,11.159999
2022-10-12 00:00:00,1011.2,1006.3312,0.2,5.4833565,336.8014,8.64,1011.2,1009.1199,0.0,13.039754,353.6599,24.119999,1011.0,1009.3776,0.0,7.5170207,343.3007,12.24
2022-10-12 01:00:00,1010.2,1005.3379,0.1,6.379216,343.61038,10.799999,1010.6,1008.5195,0.0,12.964998,358.40887,22.319998,1010.2,1008.57794,0.0,10.948973,350.53775,19.08
2022-10-12 02:00:00,1009.8,1004.93726,0.0,8.350138,7.4313188,15.119999,1009.9,1007.82,0.0,14.764389,1.397161,25.199999,1009.8,1008.1769,0.0,9.3876505,355.60138,18.72
2022-10-12 03:00:00,1009.3,1004.4381,0.0,7.771331,13.392516,14.04,1009.4,1007.32007,0.0,14.799459,4.184834,25.919998,1009.3,1007.6771,0.0,9.3876505,4.398633,15.84
2022-10-12 04:00:00,1008.9,1004.03595,0.0,8.12197,12.804273,14.4,1009.2,1007.11896,0.0,13.708391,13.671325,25.56,1008.9,1007.2766,0.2,11.901798,3.46817,20.880001
2022-10-12 05:00:00,1009.2,1004.32947,0.0,4.5536795,18.435053,14.04,1009.3,1007.21844,0.1,13.009903,14.4208145,24.119999,1009.1,1007.4753,0.1,11.013882,11.3098955,20.519999
2022-10-12 06:00:00,1009.4,1004.53253,0.0,5.4477882,7.59456,7.92,1009.6,1007.51685,0.0,13.009903,14.4208145,22.68,1009.4,1007.7745,0.0,10.239453,10.124612,18.72
2022-10-12 07:00:00,1010.3,1005.44714,0.0,8.049845,10.304792,14.759999,1010.4,1008.32184,0.0,15.937878,18.435053,24.48,1010.1,1008.47833,0.0,9.178235,11.3098955,17.64
2022-10-12 08:00:00,1010.7,1005.86755,0.0,8.311245,17.650223,19.44,1010.9,1008.8282,0.0,16.394829,19.23077,29.519999,1010.7,1009.0872,0.0,11.525623,14.470333,23.4
2022-10-12 09:00:00,1011.2,1006.3895,0.0,6.12,28.072395,18.72,1011.5,1009.43567,0.0,15.844089,21.31798,29.88,1011.3,1009.69574,0.1,12.413477,29.5387,26.28
2022-10-12 10:00:00,1010.8,1006.0097,0.1,5.0142193,21.037588,18.72,1011.2,1009.144,0.0,14.578888,20.224945,29.88,1011.0,1009.40283,0.1,11.923557,28.886486,27.0
2022-10-12 11:00:00,1010.1,1005.32623,0.0,3.671294,348.6901,18.72,1010.7,1008.64966,0.0,13.661038,18.435053,28.44,1010.3,1008.70874,0.1,10.24578,18.435053,26.28
2022-10-12 12:00:00,1009.4,1004.6407,0.1,2.9024127,330.25522,17.64,1010.0,1007.9511,0.0,13.797913,15.124064,34.56,1009.6,1008.0114,0.1,10.182337,8.130019,24.84
2022-10-12 13:00:00,1008.3,1003.54584,0.3,6.2145634,10.007925,20.519999,1008.7,1006.6601,0.0,12.661564,14.826528,29.16,1008.4,1006.81525,0.0,14.494192,14.381432,31.68
2022-10-12 14:00:00,1007.2,1002.4447,0.4,3.6,90.0,22.68,1007.3,1005.26447,0.0,13.1041975,15.945477,29.88,1007.2,1005.6139,0.0,16.946787,12.26477,33.48
2022-10-12 15:00:00,1007.4,1002.6224,1.5,5.506941,258.6901,21.24,1007.1,1005.0633,0.0,12.9249525,12.875007,30.239998,1007.5,1005.9074,0.0,8.089993,20.854538,32.760002
2022-10-12 16:00:00,1008.0,1003.2007,0.7,1.484318,194.03627,13.32,1007.4,1005.3585,0.0,10.383987,33.6901,27.359999,1007.6,1006.0057,0.0,4.6800003,22.61991,15.4800005
2022-10-12 17:00:00,1008.6,1003.7802,0.3,8.350138,172.56868,16.199999,1008.2,1006.14874,0.0,4.8433046,131.98714,17.64,1009.1,1007.4869,7.6,4.072935,315.0001,18.0
2022-10-12 18:00:00,1009.2,1004.35626,0.4,8.557102,202.24907,16.199999,1009.2,1007.13477,0.4,10.041354,165.4655,22.319998,1009.3,1007.68445,1.0,6.28713,166.75948,16.199999
2022-10-12 19:00:00,1008.7,1003.87714,0.0,8.647496,177.6141,15.4800005,1008.5,1006.4425,0.1,6.830519,341.56494,16.56,1008.5,1006.88885,0.9,6.162207,173.29025,13.679999
2022-10-12 20:00:00,1009.9,1005.06104,0.2,4.1046314,232.12495,15.4800005,1009.4,1007.34033,0.0,9.360001,337.3801,15.84,1009.9,1008.28503,0.0,4.8433046,228.01286,14.04
2022-10-12 21:00:00,1010.3,1005.4535,0.1,4.452954,165.96373,12.24,1010.0,1007.9306,0.0,6.4799995,360.0,16.919998,1010.2,1008.58325,0.1,6.3690495,222.70937,18.359999
2022-10-12 22:00:00,1011.0,1006.1419,0.0,6.989936,145.49142,13.679999,1010.8,1008.7245,0.0,5.1919937,123.690094,9.36,1010.7,1009.08026,0.1,6.8777895,222.87889,17.64
2022-10-12 23:00:00,1011.0,1006.13715,0.0,3.7585104,163.30067,11.5199995,1011.4,1009.32715,0.1,0.71999997,90.0,10.08,1011.0,1009.3785,0.0,7.9526596,264.80566,14.04
2022-10-13 00:00:00,1010.7,1005.8238,0.0,5.3999996,180.0,6.4799995,1011.0,1008.92,0.1,5.4119864,356.186,6.8399997,1010.6,1008.9773,0.0,7.289444,290.22495,13.679999
2022-10-13 01:00:00,1010.0,1005.1224,0.0,5.04,180.0,6.8399997,1010.0,1007.92365,0.0,6.489992,340.55988,11.159999,1009.8,1008.1757,0.0,8.557102,284.6209,14.4
2022-10-13 02:00:00,1008.8,1003.9339,0.0,3.7064266,209.0545,6.8399997,1009.0,1006.9244,0.0,7.42159,345.9637,12.959999,1008.9,1007.2759,0.0,7.628263,289.29013,15.4800005
2022-10-13 03:00:00,1008.2,1003.33777,0.0,4.1046314,232.12495,7.2,1008.5,1006.4232,0.0,7.10031,329.53452,12.959999,1008.3,1006.67523,0.0,7.7879906,303.6901,13.32
2022-10-13 04:00:00,1008.2,1003.34155,0.0,5.8048253,277.1249,10.440001,1008.4,1006.31964,0.0,6.792466,327.99466,13.32,1008.3,1006.67334,0.0,5.991594,302.7352,13.32
2022-10-13 05:00:00,1008.1,1003.23816,0.0,7.928177,320.52756,13.32,1008.4,1006.3175,0.0,6.297428,329.03632,12.959999,1008.3,1006.6725,0.0,6.696387,306.25394,10.799999
2022-10-13 06:00:00,1008.9,1004.02594,0.0,9.565437,340.20102,16.199999,1009.1,1007.0154,0.0,6.0347,342.64587,11.879999,1008.9,1007.2718,0.0,7.653705,318.81415,12.959999
2022-10-13 07:00:00,1009.6,1004.73883,0.0,7.968939,341.56494,20.16,1009.7,1007.6283,0.0,7.072878,14.743609,16.919998,1009.5,1007.87933,0.0,6.792466,327.99466,16.199999
2022-10-13 08:00:00,1010.0,1005.1605,0.0,9.007196,357.70944,19.8,1010.3,1008.2334,0.0,8.39657,30.963696,17.64,1010.1,1008.49036,0.0,6.9527545,338.74942,16.56
2022-10-13 09:00:00,1010.1,1005.28015,0.0,9.3876505,4.398633,21.96,1010.4,1008.3402,0.0,8.766573,19.179106,19.44,1010.2,1008.5991,0.0,10.446206,358.0251,22.68
2022-10-13 10:00:00,1009.7,1004.9099,0.0,8.64,360.0,21.96,1010.2,1008.14624,0.0,8.287822,2.4894993,19.44,1009.8,1008.2047,0.0,11.5199995,360.0,25.199999
2022-10-13 11:00:00,1008.9,1004.1373,0.0,10.08,360.0,23.039999,1009.5,1007.4537,0.0,11.165805,1.8475709,23.759998,1009.1,1007.5116,0.0,11.966953,353.08887,25.919998
2022-10-13 12:00:00,1007.9,1003.1587,0.0,10.823973,356.186,28.08,1008.4,1006.36224,0.0,13.698934,3.0127327,26.64,1008.1,1006.5169,0.0,13.5515,343.0091,32.039997
2022-10-13 13:00:00,1006.9,1002.16187,0.0,12.768586,338.4985,25.56,1007.3,1005.26636,0.0,13.684735,1.5074003,27.0,1007.1,1005.5198,0.0,14.264361,349.82455,28.8
2022-10-13 14:00:00,1006.5,1001.7496,0.0,15.463244,347.90527,29.88,1006.7,1004.6666,0.0,14.759999,360.0,26.64,1006.4,1004.819,0.0,16.981165,355.13556,32.760002
2022-10-13 15:00:00,1005.9,1001.14246,0.0,13.237039,337.6198,29.88,1006.2,1004.1626,0.0,16.215992,2.5447557,27.72,1005.8,1004.21954,0.0,16.263872,354.92047,32.760002
2022-10-13 16:00:00,1005.6,1000.8318,0.0,10.685391,327.38077,24.119999,1006.0,1003.95575,0.0,12.964998,1.5911111,27.0,1005.7,1004.1147,0.0,14.264361,349.82455,29.88
2022-10-13 17:00:00,1005.7,1000.91473,0.0,11.4862,327.8043,20.16,1006.1,1004.04956,0.0,10.182337,351.87,21.96,1005.8,1004.207,0.0,10.739833,346.42953,25.56
2022-10-13 18:00:00,1005.9,1001.1019,0.0,9.339208,332.44727,19.8,1006.2,1004.14496,0.0,7.8625183,344.05453,17.28,1006.0,1004.4019,0.0,9.339208,332.44727,18.72
2022-10-13 19:00:00,1006.2,1001.3988,0.0,11.4862,327.8043,16.199999,1006.6,1004.54407,0.0,9.686609,311.98712,13.679999,1006.5,1004.8974,0.0,7.7043357,322.59457,15.84
2022-10-13 20:00:00,1007.4,1002.5818,0.0,6.297428,329.03632,19.44,1007.5,1005.44037,0.0,9.686609,311.98712,16.56,1007.4,1005.7954,0.0,6.989936,304.50858,13.679999
2022-10-13 21:00:00,1008.0,1003.17426,0.0,7.2805495,351.4693,12.599999,1008.1,1006.037,0.0,9.726664,308.991,17.28,1008.0,1006.39154,0.0,7.9036193,300.06848,12.959999
2022-10-13 22:00:00,1008.3,1003.4662,0.0,5.937272,345.9637,12.959999,1008.2,1006.1339,0.0,7.754637,291.80148,16.56,1008.2,1006.589,0.0,8.891343,301.75943,14.759999
2022-10-13 23:00:00,1008.3,1003.45734,0.0,5.00128,329.74365,10.08,1008.5,1006.42694,0.0,5.0911684,315.0001,12.959999,1008.4,1006.7859,0.0,7.4128532,299.0545,14.759999
2022-10-14 00:00:00,1008.2,1003.34906,0.0,5.8048253,299.74478,9.36,1008.5,1006.4267,0.1,5.937272,14.036275,11.159999,1008.3,1006.68256,0.0,5.1919937,326.3099,12.24
2022-10-14 01:00:00,1007.7,1002.84393,0.0,5.3517847,317.72638,10.08,1008.0,1005.9271,0.0,5.154415,335.22488,11.159999,1007.8,1006.1824,0.0,6.297428,329.03632,10.440001
2022-10-14 02:00:00,1007.3,1002.4421,0.0,5.6920996,341.56494,9.36,1007.3,1005.2282,0.0,5.991594,327.26477,10.799999,1007.2,1005.58276,0.0,7.7879906,303.6901,12.959999
2022-10-14 03:00:00,1007.0,1002.1441,0.0,7.5170207,343.3007,12.959999,1007.1,1005.02704,0.1,5.3517847,340.3461,11.159999,1006.9,1005.2816,0.0,7.7043357,322.59457,12.959999
2022-10-14 04:00:00,1006.5,1001.64496,0.0,9.826088,331.55716,16.919998,1006.8,1004.7264,0.1,6.4799995,360.0,11.5199995,1006.6,1004.9818,0.0,7.9932966,324.16226,13.679999
2022-10-14 05:00:00,1006.4,1001.54047,0.0,8.287822,325.6196,16.919998,1006.6,1004.5258,0.0,8.4042845,9.865748,15.119999,1006.5,1004.88043,0.0,6.1094027,315.0001,13.679999
2022-10-14 06:00:00,1006.8,1001.9353,0.0,7.5942082,328.5705,14.4,1006.9,1004.82367,0.0,8.557102,14.620926,15.4800005,1006.8,1005.1792,0.0,5.1919937,326.3099,10.08
2022-10-14 07:00:00,1007.6,1002.7525,0.0,6.830519,341.56494,14.759999,1007.7,1005.62897,0.0,9.904906,19.093594,15.84,1007.6,1005.9856,0.0,4.8965297,306.02747,11.159999
2022-10-14 08:00:00,1008.2,1003.3661,0.0,7.2805495,351.4693,16.199999,1008.2,1006.12854,0.0,9.565437,19.798973,18.359999,1008.1,1006.49133,0.0,6.763786,334.79892,18.72
2022-10-14 09:00:00,1008.5,1003.68317,0.0,7.8625183,344.05453,18.72,1008.9,1006.83154,0.0,8.905908,14.036275,19.08,1008.6,1006.996,0.1,9.178235,348.6901,20.519999
2022-10-14 10:00:00,1008.3,1003.5002,0.0,9.021574,331.38962,20.880001,1008.6,1006.5321,0.0,9.422101,353.41815,19.08,1008.3,1006.7015,0.0,10.636766,336.0375,23.759998
2022-10-14 11:00:00,1007.7,1002.9093,0.0,11.681987,326.3099,24.84,1008.2,1006.13525,0.0,12.074766,349.69522,23.039999,1007.7,1006.1056,0.0,12.57426,336.3706,26.28
2022-10-14 12:00:00,1006.6,1001.8208,0.0,12.496718,318.50363,27.0,1007.3,1005.2398,0.0,13.217443,330.64233,25.56,1006.7,1005.1097,0.0,13.527572,334.79892,28.44
2022-10-14 13:00:00,1005.5,1000.72754,0.0,13.004922,311.63345,27.72,1006.0,1003.9453,0.0,14.291592,319.0857,27.0,1005.6,1004.01135,0.1,14.76439,315.0001,30.239998
2022-10-14 14:00:00,1004.9,1000.1289,0.0,15.782622,315.0001,32.039997,1005.3,1003.24713,0.0,17.373497,325.9806,31.319998,1004.6,1003.01294,0.1,15.9134655,307.64767,31.68
2022-10-14 15:00:00,1004.6,999.81934,0.0,15.408671,322.59457,31.68,1004.8,1002.7456,0.0,17.22742,333.97046,31.68,1004.3,1002.71155,0.2,17.208603,322.65057,32.039997
2022-10-14 16:00:00,1004.6,999.80963,0.0,13.70839,330.06857,30.239998,1004.9,1002.8413,0.0,14.986553,335.89777,30.239998,1004.3,1002.70844,0.1,16.09969,333.43503,32.399998
2022-10-14 17:00:00,1004.8,999.9999,0.0,10.495713,337.8336,25.56,1005.0,1002.93854,0.0,12.864649,342.072,25.919998,1004.7,1003.1015,0.0,13.708391,346.32867,29.519999
2022-10-14 18:00:00,1005.3,1000.4824,0.0,6.379216,343.61038,18.72,1005.4,1003.3362,0.0,10.538843,352.14676,22.319998,1005.3,1003.69586,0.0,10.390226,345.9637,23.759998
2022-10-14 19:00:00,1006.0,1001.1669,0.0,5.4833565,336.8014,11.159999,1006.2,1004.1336,0.0,11.304229,9.16228,18.0,1006.1,1004.4901,0.0,8.217153,331.1893,18.359999
2022-10-14 20:00:00,1006.9,1002.0569,0.0,4.8433046,318.01288,8.64,1006.9,1004.8285,0.0,5.4477882,7.59456,18.72,1006.9,1005.28735,0.0,6.763786,334.79892,14.4
2022-10-14 21:00:00,1007.0,1002.14825,0.0,4.6938257,302.47116,8.28,1007.0,1004.92285,0.0,4.379589,350.53775,10.08,1007.0,1005.38403,0.0,5.692099,325.30478,11.5199995
2022-10-14 22:00:00,1007.0,1002.1401,0.0,4.5820518,315.0001,7.92,1007.1,1005.01953,0.0,4.6938257,302.47116,7.5599995,1007.0,1005.3802,0.0,4.2136917,289.9832,9.36
2022-10-14 23:00:00,1006.6,1001.7379,0.0,5.1165614,320.7106,7.92,1006.8,1004.721,0.0,4.5820518,315.0001,9.0,1006.6,1004.97894,0.0,4.510787,298.61035,7.2
2022-10-15 00:00:00,1006.5,1001.6293,0.0,5.3999996,323.13004,8.28,1006.5,1004.42163,0.0,4.8433046,318.01288,9.36,1006.6,1004.977,0.0,4.198285,300.96368,7.2
2022-10-15 01:00:00,1006.1,1001.2297,0.0,4.6102495,308.65982,7.5599995,1006.2,1004.1245,0.0,6.6087217,299.35767,11.879999,1006.1,1004.47687,0.0,5.3517847,289.6539,8.28
2022-10-15 02:00:00,1006.0,1001.12506,0.0,4.8433046,311.98712,8.28,1006.0,1003.9236,0.0,9.686609,311.98712,17.64,1005.9,1004.2766,0.0,5.6920996,288.43503,9.36
2022-10-15 03:00:00,1005.6,1000.7239,0.0,5.00128,329.74365,8.28,1005.7,1003.62115,0.0,10.195057,317.86246,18.72,1005.5,1003.87537,0.0,6.8777895,312.8789,11.159999
2022-10-15 04:00:00,1005.5,1000.63354,0.0,5.634891,333.43503,10.08,1005.4,1003.3189,0.0,10.195057,317.86246,18.72,1005.4,1003.774,0.0,6.3690495,312.70938,12.599999
2022-10-15 05:00:00,1005.7,1000.8234,0.0,5.154415,335.22488,9.72,1005.7,1003.61554,0.0,10.233123,320.7106,19.44,1005.6,1003.973,0.0,6.3690495,312.70938,10.440001
2022-10-15 06:00:00,1006.4,1001.5201,0.0,5.95906,334.98312,10.08,1006.2,1004.112,0.0,7.491114,305.21768,19.08,1006.2,1004.5721,0.0,6.696387,323.74606,11.159999
2022-10-15 07:00:00,1007.2,1002.3464,0.0,4.6938257,327.52884,14.759999,1007.2,1005.11957,0.0,9.220499,321.34018,19.8,1007.0,1005.38214,0.0,6.489992,326.3099,19.08
2022-10-15 08:00:00,1008.1,1003.26154,0.0,8.0899935,327.72437,18.359999,1008.1,1006.02094,0.0,11.019764,321.63248,21.599998,1007.9,1006.2873,0.0,10.948973,332.5925,23.4
2022-10-15 09:00:00,1008.8,1003.9751,0.0,7.5942082,328.5705,20.16,1008.8,1006.7236,0.0,9.885262,326.88864,23.4,1008.7,1007.0916,0.0,9.19939,329.42084,23.759998
2022-10-15 10:00:00,1008.5,1003.69415,0.0,6.638072,310.60123,19.44,1008.7,1006.6317,0.0,8.587338,326.97614,21.96,1008.5,1006.89795,0.0,8.942214,319.89914,22.319998
2022-10-15 11:00:00,1008.0,1003.2142,0.0,9.255571,283.49576,22.68,1008.2,1006.14124,0.0,8.714677,308.2902,20.880001,1008.0,1006.40314,0.0,8.891343,301.75943,22.319998
2022-10-15 12:00:00,1006.9,1002.1226,0.0,9.0645685,276.84268,22.68,1007.0,1004.94617,0.0,8.78872,304.9921,20.880001,1006.8,1005.2095,0.0,10.495713,292.16638,24.48
2022-10-15 13:00:00,1006.1,1001.33264,0.0,8.209263,285.25516,20.880001,1006.3,1004.24603,0.0,9.0,306.86996,20.880001,1006.0,1004.41205,0.0,10.829959,285.4222,25.199999
2022-10-15 14:00:00,1005.2,1000.4416,0.0,9.028754,274.57382,20.16,1005.6,1003.54926,0.0,8.373386,295.46332,19.8,1005.3,1003.71124,0.0,10.739833,283.57043,24.84
2022-10-15 15:00:00,1004.7,999.94086,0.0,8.669949,274.76355,20.880001,1005.1,1003.04694,0.0,7.289445,302.90524,18.359999,1004.7,1003.1128,0.0,9.83268,293.7495,23.039999
2022-10-15 16:00:00,1004.8,1000.0309,0.0,8.557102,292.24908,18.0,1005.2,1003.1476,0.0,5.991594,302.7352,15.84,1004.8,1003.20953,0.0,9.693296,301.32864,20.519999
2022-10-15 17:00:00,1005.0,1000.20715,0.0,8.287822,304.3804,16.199999,1005.4,1003.34314,0.0,5.1919937,303.6901,12.24,1005.0,1003.4035,0.0,9.0,323.13,19.08
2022-10-15 18:00:00,1005.6,1000.78406,0.0,8.39657,300.96368,15.119999,1005.9,1003.8384,0.0,8.78872,304.9921,14.04,1005.7,1004.0943,0.0,8.39657,329.03632,15.84
2022-10-15 19:00:00,1007.0,1002.16766,0.0,11.440979,294.14554,14.759999,1007.4,1005.3277,0.0,13.004922,311.63345,19.08,1007.1,1005.48663,0.0,13.551501,320.38934,16.199999
2022-10-15 20:00:00,1007.8,1002.955,0.0,11.090103,305.75397,20.16,1008.1,1006.02155,0.0,11.720751,312.5104,21.96,1007.8,1006.182,0.0,13.324863,321.5819,24.119999
2022-10-15 21:00:00,1008.4,1003.5431,0.0,10.97262,318.991,20.16,1008.7,1006.6188,0.0,11.480557,318.81418,20.519999,1008.4,1006.7783,0.0,12.387348,324.46225,22.68
2022-10-15 22:00:00,1008.8,1003.9348,0.0,9.387651,327.52884,19.44,1008.8,1006.716,0.0,10.44,316.3971,20.16,1008.6,1006.9761,0.0,11.592895,334.2307,21.24
2022-10-15 23:00:00,1008.8,1003.9264,0.0,7.42159,337.1663,16.56,1008.7,1006.6136,0.0,8.707237,330.25522,18.72,1008.5,1006.8743,0.0,9.6932955,344.93146,19.8
2022-10-16 00:00:00,1008.8,1003.92163,0.0,8.287822,2.4894993,14.04,1008.7,1006.61206,0.0,9.3669195,2.2025495,16.56,1008.5,1006.87146,0.0,7.9526596,354.80566,16.56
2022-10-16 01:00:00,1008.5,1003.6196,0.0,9.779817,6.3401003,16.919998,1008.6,1006.5101,0.0,10.239453,10.124612,18.359999,1008.4,1006.77045,0.0,8.647496,2.385899,14.4
2022-10-16 02:00:00,1008.1,1003.2183,0.0,9.007196,2.2905633,16.919998,1008.3,1006.2088,0.0,9.885262,10.491434,18.72,1008.1,1006.46893,0.0,8.350138,7.4313188,14.4
2022-10-16 03:00:00,1007.7,1002.81683,0.0,7.5599995,360.0,16.199999,1007.9,1005.8081,0.0,7.928178,2.6025116,18.0,1007.8,1006.1673,0.0,6.87779,353.9911,14.04
2022-10-16 04:00:00,1007.6,1002.71075,0.0,5.0911684,351.87,12.959999,1007.7,1005.60693,0.0,6.519877,353.6599,15.119999,1007.7,1006.0658,0.0,5.8048253,352.87506,11.5199995
2022-10-16 05:00:00,1007.9,1003.0011,0.0,4.6102495,321.34018,7.92,1008.1,1006.0054,0.0,6.6185193,337.6198,12.959999,1008.0,1006.3638,0.0,5.00128,329.74365,9.72
2022-10-16 06:00:00,1008.4,1003.50287,0.0,5.0911684,315.0001,7.92,1008.7,1006.6036,0.0,7.10031,329.53452,12.959999,1008.6,1006.96313,0.0,6.1305785,319.7637,9.36
2022-10-16 07:00:00,1009.6,1004.7193,0.0,6.9247384,332.1028,15.4800005,1009.7,1007.6082,0.0,9.255571,346.50424,18.72,1009.6,1007.97064,0.0,7.0911775,336.0375,15.119999
2022-10-16 08:00:00,1010.5,1005.6437,0.0,6.193674,324.46225,16.199999,1010.7,1008.6121,0.0,7.6367526,351.87,18.359999,1010.6,1008.9785,0.0,6.439876,333.43503,17.28
2022-10-16 09:00:00,1011.1,1006.26825,0.0,5.6233797,320.1945,16.919998,1011.3,1009.21936,0.0,7.771331,346.60748,18.72,1011.1,1009.4866,0.0,6.489992,340.55988,18.359999
2022-10-16 10:00:00,1011.3,1006.489,0.0,5.154415,294.77512,16.919998,1011.7,1009.62616,0.0,7.0911775,336.0375,19.8,1011.4,1009.79333,0.0,5.495161,328.39255,18.359999
2022-10-16 11:00:00,1010.8,1006.0081,0.0,6.28713,283.24054,18.72,1011.2,1009.1338,0.0,6.989936,325.4914,19.08,1010.8,1009.201,0.0,5.6233797,320.1945,18.0
2022-10-16 12:00:00,1009.8,1005.0239,0.0,8.647496,272.3859,21.599998,1010.3,1008.2416,0.0,6.8777895,312.8789,19.44,1009.8,1008.2082,0.0,5.495161,301.60745,18.0
2022-10-16 13:00:00,1008.7,1003.93384,0.0,10.08,270.0,23.759998,1009.2,1007.14825,0.0,6.489992,303.6901,19.08,1008.8,1007.21265,0.0,6.5693827,279.46225,18.0
2022-10-16 14:00:00,1008.0,1003.2371,0.0,9.72,270.0,23.759998,1008.3,1006.25415,0.0,6.151683,290.55612,17.64,1008.0,1006.4155,0.0,8.707238,277.1249,20.519999
2022-10-16 15:00:00,1007.5,1002.7379,0.0,9.72,270.0,22.319998,1007.6,1005.5563,0.0,7.9526596,275.19434,16.56,1007.5,1005.9116,0.0,10.1376915,276.11542,20.519999
2022-10-16 16:00:00,1007.5,1002.73224,0.0,7.5942073,264.55975,20.16,1007.6,1005.5553,0.0,8.557102,255.37909,17.64,1007.5,1005.9116,0.0,8.707238,277.1249,21.24
2022-10-16 17:00:00,1007.9,1003.1121,0.0,4.0249224,280.30478,14.759999,1007.9,1005.8472,0.0,5.8603754,259.3804,15.4800005,1007.7,1006.105,0.0,4.2136917,289.9832,16.919998
2022-10-16 18:00:00,1008.8,1003.9802,0.0,5.6233797,320.1945,8.64,1008.9,1006.836,0.0,5.0142193,291.03757,10.08,1008.6,1006.994,0.0,6.439876,333.43503,6.8399997
2022-10-16 19:00:00,1009.3,1004.46387,0.0,8.435069,309.8055,10.799999,1009.3,1007.23413,0.0,5.6920996,288.43503,9.0,1009.1,1007.4894,0.0,5.937272,284.03625,9.36
2022-10-16 20:00:00,1010.4,1005.55865,0.0,6.9527545,338.74942,9.72,1010.3,1008.22766,0.0,5.315336,298.30066,9.36,1010.3,1008.6865,0.0,5.0142193,291.03757,9.36
2022-10-16 21:00:00,1011.0,1006.1453,0.0,6.6087217,330.64233,8.64,1011.0,1008.92444,0.0,5.692099,304.69522,9.72,1010.8,1009.1836,0.0,5.4477882,277.59454,8.28
2022-10-16 22:00:00,1011.5,1006.6364,0.0,6.6185193,337.6198,8.28,1011.5,1009.42267,0.0,6.4096174,321.8427,11.159999,1011.2,1009.58167,0.0,5.3999996,306.86996,8.64
2022-10-16 23:00:00,1011.4,1006.53845,0.0,5.6920996,341.56494,8.64,1011.6,1009.52094,0.0,8.427383,340.0168,14.4,1011.4,1009.7788,0.0,6.696387,323.74606,10.799999
2022-10-17 00:00:00,1011.0,1006.1388,0.0,7.42159,337.1663,12.24,1011.2,1009.1202,0.0,9.107359,341.56494,16.56,1011.1,1009.4765,0.0,5.3999996,323.13004,10.799999
2022-10-17 01:00:00,1010.5,1005.63544,0.0,7.8954163,335.77228,13.32,1010.6,1008.5185,0.0,8.209263,344.7448,16.199999,1010.4,1008.77765,0.0,7.24486,333.43503,11.879999
2022-10-17 02:00:00,1010.3,1005.4324,0.0,8.225035,336.8014,14.4,1010.4,1008.31683,0.0,7.072878,345.25638,14.4,1010.2,1008.5776,0.0,9.114471,350.9098,15.119999
2022-10-17 03:00:00,1009.7,1004.8311,0.0,7.8954163,335.77228,14.4,1009.8,1007.71674,0.0,7.2805495,351.4693,13.32,1009.6,1007.977,0.0,7.9932976,352.23492,15.84
2022-10-17 04:00:00,1009.3,1004.42993,0.0,8.12197,347.19574,14.04,1009.4,1007.3157,0.0,9.36,360.0,16.56,1009.2,1007.57477,0.0,4.8965297,323.97253,13.32
2022-10-17 05:00:00,1009.4,1004.5279,0.0,7.342588,348.6901,14.04,1009.5,1007.4139,0.0,7.6367526,351.87,16.56,1009.4,1007.772,0.0,4.6102495,321.34018,7.92
2022-10-17 06:00:00,1009.7,1004.82385,0.0,6.0347,342.64587,12.959999,1009.8,1007.71265,0.0,6.28713,346.75946,14.04,1009.9,1008.27075,0.0,4.8433046,318.01288,7.2
2022-10-17 07:00:00,1010.8,1005.9463,0.0,5.6920996,341.56494,12.959999,1011.0,1008.92096,0.0,6.9527545,338.74942,14.759999,1011.0,1009.3801,0.0,5.1919937,326.3099,12.24
2022-10-17 08:00:00,1011.1,1006.27386,0.0,4.6938257,327.52884,14.04,1011.3,1009.2263,0.0,7.4128532,330.9455,16.919998,1011.2,1009.5884,0.0,5.00128,329.74365,14.759999
2022-10-17 09:00:00,1011.3,1006.50073,0.1,6.4096174,321.8427,16.56,1011.5,1009.43317,0.0,7.754637,338.19852,18.72,1011.3,1009.6977,0.0,7.5685663,334.65387,18.72
2022-10-17 10:00:00,1011.1,1006.3152,0.0,7.42159,309.09384,18.72,1011.3,1009.2411,0.0,7.5685663,334.65387,19.08,1011.2,1009.6041,0.0,8.942214,319.89914,21.599998
2022-10-17 11:00:00,1010.4,1005.629,0.0,8.225035,293.1986,20.519999,1010.6,1008.5489,0.0,7.653705,318.81415,19.44,1010.4,1008.8092,0.0,9.178235,311.82007,22.68
2022-10-17 12:00:00,1009.3,1004.5442,0.0,9.449572,287.74475,22.319998,1009.5,1007.4546,0.0,7.42159,309.09384,19.44,1009.3,1007.71344,0.1,9.422101,316.5481,22.68
2022-10-17 13:00:00,1008.3,1003.55115,0.0,9.6932955,285.06854,22.319998,1008.5,1006.45917,0.0,8.287822,304.3804,19.08,1008.3,1006.71716,0.1,8.913181,316.63654,22.68
2022-10-17 14:00:00,1007.2,1002.45636,0.0,9.028754,293.49857,22.319998,1007.4,1005.36334,0.0,9.504272,307.30402,20.16,1007.1,1005.5194,0.0,9.422101,313.4519,21.96
2022-10-17 15:00:00,1006.5,1001.7549,0.0,8.311245,287.6502,20.16,1006.5,1004.4642,0.0,9.585739,304.28693,20.519999,1006.4,1004.8196,0.0,9.673221,315.0001,20.880001
2022-10-17 16:00:00,1006.5,1001.748,0.0,6.28713,293.6294,17.28,1006.3,1004.2614,0.0,8.287822,304.3804,18.72,1006.2,1004.61676,0.0,8.669949,318.36655,20.880001
2022-10-17 17:00:00,1007.1,1002.32623,0.0,3.7585104,286.6993,12.599999,1007.0,1004.95404,0.0,5.6233797,309.8055,14.4,1006.9,1005.31067,0.0,5.1165614,309.28937,16.919998
2022-10-17 18:00:00,1008.0,1003.19904,0.1,5.1919937,33.6901,7.5599995,1007.6,1005.543,0.0,5.3999996,306.86996,9.0,1007.5,1005.8987,0.0,6.439876,333.43503,8.28
2022-10-17 19:00:00,1009.0,1004.1839,0.0,4.829907,63.435013,22.319998,1008.6,1006.53656,0.0,3.671294,258.6901,8.64,1008.5,1006.89197,0.0,4.829907,243.43501,7.92
2022-10-17 20:00:00,1010.3,1005.4704,0.2,4.6938252,184.39862,11.5199995,1009.5,1007.43256,0.0,3.7064266,299.0545,6.4799995,1009.5,1007.8907,0.0,3.4152596,251.56496,5.3999996
2022-10-17 21:00:00,1010.8,1005.9609,0.3,2.6208394,164.05453,7.92,1010.6,1008.5268,0.8,5.0911684,8.130019,14.4,1010.6,1008.9845,1.3,9.885262,100.491425,15.84
2022-10-17 22:00:00,1010.9,1006.04895,0.0,3.96,180.0,7.2,1010.8,1008.7241,0.5,7.628263,19.290138,13.32,1010.9,1009.27936,1.0,5.3517847,109.653915,22.68
2022-10-17 23:00:00,1010.9,1006.04645,0.0,2.5959969,146.3099,6.8399997,1010.5,1008.4226,0.1,5.315336,61.69934,13.679999,1010.9,1009.27435,1.6,9.931042,136.46873,16.919998
2022-10-18 00:00:00,1010.9,1006.03455,0.5,1.8,360.0,3.96,1010.4,1008.3197,0.1,6.638072,102.5288,12.959999,1010.6,1008.97406,1.4,7.5942073,185.44025,16.919998
2022-10-18 01:00:00,1010.0,1005.141,0.2,0.35999998,270.0,4.32,1010.0,1007.9161,0.0,6.696387,216.25392,12.959999,1009.9,1008.27423,0.6,6.8399997,180.0,20.880001
2022-10-18 02:00:00,1009.2,1004.34326,0.0,1.609969,206.56499,3.2399998,1009.2,1007.117,0.0,8.049845,206.56499,15.4800005,1009.1,1007.4749,0.0,3.4152596,251.56496,10.440001
2022-10-18 03:00:00,1008.7,1003.8328,0.0,3.319036,192.5288,3.96,1008.5,1006.4157,0.0,2.968636,165.96373,14.759999,1008.3,1006.67596,0.0,2.3051248,308.65982,6.12
2022-10-18 04:00:00,1008.2,1003.3358,0.0,3.4152596,161.56496,4.68,1008.1,1006.0136,0.0,3.319036,139.39879,6.4799995,1008.1,1006.4755,0.0,1.0182338,44.999897,3.2399998
2022-10-18 05:00:00,1008.4,1003.52356,0.0,4.32,180.0,6.4799995,1008.3,1006.21106,0.0,3.396233,147.99466,6.8399997,1008.4,1006.77295,0.0,3.319036,192.5288,3.6
2022-10-18 06:00:00,1009.0,1004.1247,0.0,3.2599385,173.6599,6.4799995,1008.8,1006.71375,0.0,4.39436,145.0079,9.0,1008.9,1007.27405,0.0,2.5455842,171.86998,3.6
2022-10-18 07:00:00,1009.9,1005.0522,0.0,1.609969,206.56499,12.599999,1009.9,1007.82227,0.0,5.1165614,129.28938,13.679999,1009.7,1008.08246,0.0,2.5959969,33.6901,8.28
2022-10-18 08:00:00,1010.2,1005.3757,0.0,1.2979984,236.3099,12.24,1010.2,1008.1296,0.0,3.7585104,106.699326,12.599999,1010.1,1008.49036,0.0,2.5959969,56.309914,11.879999
2022-10-18 09:00:00,1010.5,1005.6934,0.1,2.8116899,219.80553,12.599999,1010.6,1008.5365,0.0,2.5455842,81.86999,12.959999,1010.5,1008.89764,0.1,1.0182338,135.0001,11.879999
2022-10-18 10:00:00,1010.2,1005.41254,0.1,2.6208394,254.05453,13.679999,1010.3,1008.24384,0.0,1.835647,11.3098955,12.599999,1010.2,1008.6035,0.2,1.0182338,315.0001,11.159999
2022-10-18 11:00:00,1009.7,1004.92755,0.1,3.2599385,263.6599,14.759999,1009.7,1007.6511,0.0,4.1046314,344.7448,14.759999,1009.6,1008.0083,0.1,1.609969,296.56497,13.679999
2022-10-18 12:00:00,1008.8,1004.0377,0.0,3.2599385,263.6599,14.4,1008.8,1006.75635,0.0,5.00128,329.74365,16.56,1008.7,1007.1119,0.0,2.968636,284.03625,14.759999
2022-10-18 13:00:00,1007.8,1003.045,0.0,4.0249224,259.69522,15.84,1007.9,1005.8604,0.0,4.6938257,302.47116,16.199999,1007.7,1006.1141,0.1,4.2136917,289.9832,15.4800005
2022-10-18 14:00:00,1006.9,1002.14557,0.0,7.10031,239.53453,19.8,1007.1,1005.05945,0.0,4.510787,298.61035,15.119999,1006.8,1005.21735,0.1,4.6938257,302.47116,16.199999
2022-10-18 15:00:00,1006.6,1001.8349,1.9,7.8954163,245.77226,21.599998,1006.6,1004.5595,0.1,4.8965297,306.02747,14.04,1006.4,1004.81494,0.2,4.452954,284.03625,15.4800005
2022-10-18 16:00:00,1007.2,1002.39667,2.5,3.7064266,209.0545,16.56,1006.5,1004.4597,0.0,3.9763298,264.80566,12.599999,1006.8,1005.207,0.8,1.609969,26.564985,14.04
2022-10-18 17:00:00,1008.1,1003.2633,4.5,4.3498964,24.443953,15.119999,1007.6,1005.53705,0.1,11.792404,282.33908,25.56,1007.7,1006.09106,2.1,2.0991426,59.03632,13.32
2022-10-18 18:00:00,1008.7,1003.85297,0.1,4.1046314,74.74483,13.679999,1008.0,1005.9312,0.0,7.0911775,246.0375,20.16,1008.2,1006.5868,0.1,5.5887027,104.93147,8.64
2022-10-18 19:00:00,1009.1,1004.256,1.2,6.87779,83.99109,21.24,1008.6,1006.5371,0.0,9.021574,118.61037,11.879999,1008.8,1007.18835,0.0,2.9024127,97.12492,17.28
2022-10-18 20:00:00,1009.8,1004.95264,0.1,8.891344,111.3707,15.4800005,1009.5,1007.431,0.1,9.673221,135.0001,20.519999,1009.7,1008.085,0.1,2.0991426,149.03632,5.04
2022-10-18 21:00:00,1010.2,1005.3369,0.0,4.379589,99.46225,14.759999,1009.8,1007.72595,0.0,10.739832,129.55963,18.0,1009.9,1008.2841,0.1,10.009036,142.3057,19.44
2022-10-18 22:00:00,1010.1,1005.23425,0.0,4.452954,104.03627,6.4799995,1009.8,1007.724,0.0,11.183201,146.82147,19.08,1010.0,1008.3783,0.0,4.452954,165.96373,17.64
2022-10-18 23:00:00,1010.1,1005.23236,0.0,4.73506,98.74608,7.5599995,1009.9,1007.82074,0.0,7.8954163,155.77226,19.08,1009.7,1008.07623,0.0,2.5959969,123.690094,7.5599995
2022-10-19 00:00:00,1009.6,1004.73,0.0,4.452954,104.03627,8.28,1009.3,1007.21906,0.0,5.495161,148.39255,13.679999,1009.4,1007.7745,0.0,3.0758414,110.55613,5.3999996
2022-10-19 01:00:00,1009.1,1004.2242,0.0,5.0142193,111.03758,7.5599995,1008.8,1006.7182,0.0,5.3517847,137.72638,10.440001,1008.9,1007.2743,0.0,4.3349743,131.63345,7.5599995
2022-10-19 02:00:00,1008.7,1003.8262,0.0,4.68,90.0,6.8399997,1008.6,1006.517,0.0,5.3517847,109.653915,10.440001,1008.5,1006.87396,0.0,4.072935,135.0001,7.5599995
2022-10-19 03:00:00,1008.2,1003.3393,0.0,3.2599385,96.340096,6.8399997,1008.2,1006.1173,0.0,6.12,118.072395,11.879999,1008.1,1006.475,0.1,4.8433046,131.98714,7.2
2022-10-19 04:00:00,1008.3,1003.4363,0.0,3.6,126.86999,5.3999996,1008.1,1006.0161,0.0,6.4096174,128.15727,12.599999,1008.1,1006.47845,0.0,2.2768397,108.43504,5.7599998
2022-10-19 05:00:00,1008.1,1003.2281,0.0,4.198285,120.96369,6.8399997,1008.0,1005.91504,0.0,4.1046314,127.875046,11.879999,1007.9,1006.27783,0.0,2.9024127,119.74479,5.04
2022-10-19 06:00:00,1008.7,1003.8262,0.0,4.198285,120.96369,7.92,1008.7,1006.6134,0.0,2.9024127,119.74479,7.92,1008.6,1006.9757,0.0,3.8773184,158.19853,7.2
2022-10-19 07:00:00,1009.2,1004.3571,0.0,5.3999996,126.86998,12.24,1009.1,1007.02386,0.0,4.829907,116.56499,12.24,1009.2,1007.584,0.0,7.342588,168.69011,14.4
2022-10-19 08:00:00,1010.0,1005.17816,0.3,6.9247384,152.10283,15.84,1009.7,1007.6315,0.0,7.289445,147.09476,16.56,1009.8,1008.18677,0.0,6.989936,145.49142,15.119999
2022-10-19 09:00:00,1010.1,1005.29535,0.0,9.3669195,177.79745,21.96,1010.0,1007.93945,0.0,8.699793,155.55606,19.8,1010.0,1008.3921,0.0,10.630672,151.69934,21.96
2022-10-19 10:00:00,1010.4,1005.59814,0.1,11.177405,194.93147,25.199999,1010.0,1007.94604,0.1,8.825508,168.23174,20.519999,1010.2,1008.60065,0.0,11.503113,159.86362,27.359999
2022-10-19 11:00:00,1009.7,1004.8973,0.2,11.923557,208.88649,25.56,1009.8,1007.7436,0.1,10.948973,152.59251,23.759998,1009.6,1008.0016,0.0,8.766573,160.82089,25.56
2022-10-19 12:00:00,1008.8,1004.0214,0.4,11.27553,196.69933,27.0,1008.7,1006.6443,0.1,3.8939953,123.6901,24.119999,1008.5,1006.90466,0.3,9.028754,175.42616,21.599998
2022-10-19 13:00:00,1008.0,1003.21735,0.3,11.304229,170.83772,25.199999,1007.7,1005.6479,0.1,2.0991426,300.96368,14.04,1007.7,1006.1044,0.4,10.594036,170.21767,21.96
2022-10-19 14:00:00,1007.5,1002.69104,7.8,8.4963045,233.61555,26.28,1006.9,1004.8495,0.2,4.6800003,112.61991,14.4,1007.4,1005.7875,8.7,9.0645685,173.15732,28.08
2022-10-19 15:00:00,1007.8,1002.972,6.2,8.557102,165.37909,19.44,1007.5,1005.43317,4.5,11.090103,193.13403,20.16,1007.3,1005.6946,0.5,6.6185193,157.61983,18.0
2022-10-19 16:00:00,1007.7,1002.8691,2.0,0.35999998,360.0,19.08,1007.4,1005.33093,0.2,11.269782,153.43501,23.759998,1007.3,1005.6973,0.4,5.6233797,140.19447,17.28
2022-10-19 17:00:00,1008.4,1003.5585,0.6,3.396233,237.99466,9.72,1008.4,1006.3275,0.8,7.729527,152.24155,20.16,1008.3,1006.68506,10.3,8.0899935,147.72438,21.96
2022-10-19 18:00:00,1009.0,1004.14996,0.3,3.0758414,110.55613,6.12,1008.7,1006.62476,1.1,9.387651,147.52882,16.199999,1008.8,1007.18427,0.8,4.0249224,153.43501,12.959999
2022-10-19 19:00:00,1009.6,1004.75433,0.2,4.8965297,143.97253,5.3999996,1009.5,1007.41864,2.6,8.905908,104.03627,16.56,1009.5,1007.87836,0.4,7.968939,108.43504,9.0
2022-10-19 20:00:00,1010.6,1005.7457,0.0,4.5536795,108.43504,7.5599995,1010.6,1008.5129,0.8,11.720751,132.5104,21.96,1010.4,1008.7763,0.6,8.209263,127.875046,17.64
2022-10-19 21:00:00,1011.2,1006.34033,0.0,4.510787,118.61037,5.7599998,1011.4,1009.30804,4.7,6.6087217,119.357666,20.16,1011.0,1009.3744,3.8,2.6208394,344.05453,13.32
2022-10-19 22:00:00,1011.5,1006.6389,0.0,4.510787,118.61037,6.12,1011.6,1009.5102,1.2,5.692099,145.30478,11.5199995,1011.3,1009.67487,1.3,3.0547013,44.999897,6.8399997
2022-10-19 23:00:00,1011.4,1006.5352,0.0,4.0249224,169.6952,6.12,1011.5,1009.4097,3.1,4.1046314,164.74483,10.799999,1011.2,1009.57635,0.1,2.7416782,66.801384,5.7599998
2022-10-20 00:00:00,1010.8,1005.929,0.0,5.634891,153.43501,7.2,1010.8,1008.7119,1.9,2.6208394,164.05453,8.28,1010.7,1009.07715,0.1,5.95906,154.98314,9.72
2022-10-20 01:00:00,1010.4,1005.5252,0.0,5.95906,154.98314,7.5599995,1010.4,1008.3114,2.2,5.315336,151.69934,10.08,1010.3,1008.67523,0.2,6.924738,188.97255,12.24
2022-10-20 02:00:00,1009.8,1004.925,0.0,6.151683,159.44388,7.5599995,1009.7,1007.61346,2.2,6.1094027,135.0001,10.799999,1009.7,1008.074,0.2,4.2136917,199.9832,12.599999
2022-10-20 03:00:00,1009.6,1004.7218,0.0,5.8603754,169.3804,7.5599995,1009.5,1007.4146,1.7,7.42159,140.90616,13.679999,1009.4,1007.77386,0.1,4.2136917,160.0168,7.2
2022-10-20 04:00:00,1009.6,1004.7243,0.0,4.5536795,161.56496,7.5599995,1009.4,1007.3141,1.1,7.289445,147.09476,14.04,1009.4,1007.7745,0.1,4.5820518,135.0001,7.92
2022-10-20 05:00:00,1009.7,1004.828,0.0,5.3999996,143.13002,8.64,1009.4,1007.3141,0.3,7.653705,138.81418,14.04,1009.5,1007.874,0.0,4.8965297,126.027466,8.28
2022-10-20 06:00:00,1010.5,1005.6288,0.0,7.386582,133.02507,12.24,1010.4,1008.3124,0.4,7.4128532,150.9455,14.4,1010.3,1008.67395,0.0,5.6002855,135.0001,9.72
2022-10-20 07:00:00,1011.0,1006.1419,0.3,8.089993,110.854546,15.84,1010.9,1008.817,0.3,9.673221,135.0001,17.28,1010.8,1009.1795,0.0,7.2,126.86999,20.880001
2022-10-20 08:00:00,1011.8,1006.95514,0.0,9.885262,100.491425,19.08,1011.6,1009.5228,0.0,11.212135,132.39738,21.599998,1011.5,1009.88403,0.0,9.220499,128.65984,18.359999
2022-10-20 09:00:00,1012.3,1007.47235,0.0,11.620809,106.18928,24.119999,1012.3,1010.229,0.0,10.514218,128.04709,23.039999,1012.2,1010.59125,0.1,11.212135,132.39738,23.4
2022-10-20 10:00:00,1012.3,1007.4802,0.0,11.91812,115.01687,25.56,1012.2,1010.1333,0.1,10.587918,125.311295,22.319998,1012.0,1010.39813,0.3,12.979984,123.6901,27.359999
2022-10-20 11:00:00,1011.5,1006.6881,0.0,10.00256,120.256355,25.199999,1011.2,1009.1398,0.4,7.42159,112.833694,23.039999,1011.0,1009.4017,0.3,13.896187,126.57312,29.16
2022-10-20 12:00:00,1010.4,1005.61316,0.1,11.681987,123.690094,27.0,1010.0,1007.941,0.3,6.379216,106.38962,20.880001,1010.5,1008.885,9.9,14.759999,167.31963,30.599998
2022-10-20 13:00:00,1009.8,1004.9879,7.5,14.799459,138.94528,31.319998,1009.9,1007.82733,7.4,13.397612,173.82993,23.039999,1009.6,1007.9946,1.1,11.988594,138.65233,28.08
2022-10-20 14:00:00,1009.1,1004.29224,0.7,14.8257065,150.9455,30.599998,1009.0,1006.9263,1.0,10.390226,165.96373,28.8,1009.2,1007.58905,5.2,12.904882,149.8587,31.68
2022-10-20 15:00:00,1008.9,1004.09015,0.4,13.479583,145.88548,29.519999,1008.7,1006.63074,0.1,11.435313,151.8215,23.039999,1008.6,1006.99365,0.3,15.530151,135.9391,28.08
2022-10-20 16:00:00,1009.1,1004.2834,0.0,12.682018,145.40765,28.44,1009.0,1006.93164,0.1,12.599998,143.13002,24.84,1009.0,1007.39343,0.2,14.003028,133.95847,31.68
2022-10-20 17:00:00,1009.7,1004.8652,0.1,10.799999,143.13002,24.84,1009.6,1007.5298,0.1,10.685391,147.38077,22.319998,1009.5,1007.8898,0.0,13.004922,131.63345,25.919998
2022-10-20 18:00:00,1010.4,1005.55396,0.1,7.386582,133.02507,19.44,1010.1,1008.02594,0.0,9.1641035,135.0001,18.0,1010.0,1008.38525,0.0,10.464797,116.56499,22.68
2022-10-20 19:00:00,1010.6,1005.7551,0.1,9.449572,107.74477,16.919998,1010.4,1008.3259,0.0,8.891343,121.75944,16.56,1010.3,1008.6828,0.0,11.384199,108.43504,18.359999
2022-10-20 20:00:00,1011.6,1006.74976,0.0,12.313893,105.25517,21.599998,1011.4,1009.32135,0.0,8.209263,127.875046,14.4,1011.4,1009.78076,0.0,11.631956,111.801476,20.880001
2022-10-20 21:00:00,1012.4,1007.5444,0.0,12.661564,104.82652,22.68,1012.5,1010.41595,0.0,7.7043357,127.40543,14.759999,1012.4,1010.7782,0.0,10.464797,116.56499,20.16
2022-10-20 22:00:00,1012.6,1007.7408,0.0,10.739833,103.57046,21.96,1012.7,1010.61426,0.0,7.24486,116.56499,14.4,1012.6,1010.9759,0.0,9.659814,116.56499,18.0
2022-10-20 23:00:00,1012.8,1007.9342,0.0,6.8399997,90.0,18.72,1012.8,1010.7128,0.0,7.289445,122.90524,13.679999,1012.8,1011.17377,0.0,7.4128532,119.05451,16.919998
2022-10-21 00:00:00,1012.3,1007.4195,0.0,7.69592,100.784256,11.159999,1012.5,1010.4105,0.0,4.6102495,128.65984,14.04,1012.3,1010.6729,0.0,5.692099,124.69522,12.599999
2022-10-21 01:00:00,1011.6,1006.7261,0.0,5.3999996,143.13002,9.0,1011.8,1009.7091,0.0,3.319036,139.39879,8.64,1011.6,1009.9724,0.0,5.154415,114.775116,9.36
2022-10-21 02:00:00,1011.2,1006.3419,0.0,1.484318,255.96373,6.4799995,1011.3,1009.2076,0.0,4.1046314,142.12495,7.2,1011.1,1009.4723,0.0,4.896529,72.89719,8.28
2022-10-21 03:00:00,1011.0,1006.1258,0.0,2.7416782,336.8014,3.2399998,1011.0,1008.908,0.0,3.8939953,123.6901,7.2,1010.9,1009.2709,0.0,4.3349743,48.366554,7.92
2022-10-21 04:00:00,1010.6,1005.7186,0.0,5.154415,335.22488,5.7599998,1010.7,1008.61487,0.0,1.8,90.0,7.2,1010.5,1008.8717,0.0,4.6102495,51.34017,6.8399997
2022-10-21 05:00:00,1010.9,1006.0238,0.0,5.3999996,323.13004,8.64,1010.8,1008.71155,0.0,5.00128,59.743652,8.64,1010.6,1008.97034,0.0,4.510787,61.389645,7.2
2022-10-21 06:00:00,1011.6,1006.7188,0.0,5.3999996,360.0,10.440001,1011.2,1009.11285,0.0,7.9036193,30.068504,14.4,1011.0,1009.37067,0.0,7.5942082,58.570484,12.24
2022-10-21 07:00:00,1012.0,1007.1469,0.0,7.628263,19.290138,15.119999,1012.0,1009.9191,0.0,8.891344,21.370695,18.72,1011.9,1010.2797,0.0,5.3517847,47.72637,13.679999
2022-10-21 08:00:00,1012.7,1007.86316,0.1,6.87779,6.0089183,16.56,1012.6,1010.52484,0.1,8.766573,19.179106,19.08,1012.5,1010.88727,0.0,8.287822,55.6196,18.359999
2022-10-21 09:00:00,1013.1,1008.27545,0.0,6.489992,19.440128,16.919998,1013.2,1011.13043,0.0,8.654986,16.927603,19.8,1012.9,1011.29364,0.0,8.707237,60.255207,20.519999
2022-10-21 10:00:00,1013.1,1008.2953,0.0,5.495161,31.607454,18.0,1013.3,1011.23584,0.0,6.162207,6.70975,21.599998,1013.1,1011.4989,0.1,7.7043357,52.594578,23.039999
2022-10-21 11:00:00,1012.2,1007.4148,0.0,3.563818,44.999897,18.72,1012.2,1010.1435,0.0,5.0911684,351.87,20.16,1012.0,1010.4038,0.0,7.5942082,58.570484,22.319998
2022-10-21 12:00:00,1011.1,1006.3301,0.0,4.3349743,94.76356,18.359999,1011.3,1009.2494,0.0,4.73506,351.2539,20.519999,1011.2,1009.6086,0.1,5.2416787,74.054535,22.68
2022-10-21 13:00:00,1010.2,1005.439,0.0,3.4152596,108.43504,18.359999,1010.3,1008.2543,0.0,4.73506,351.2539,19.44,1010.1,1008.5122,0.0,5.0528407,85.91447,21.24
2022-10-21 14:00:00,1009.1,1004.3467,0.0,2.968636,75.96373,16.56,1009.2,1007.15717,0.0,6.0347,342.64587,19.8,1009.0,1007.4136,0.1,3.8773184,111.801476,20.880001
2022-10-21 15:00:00,1008.3,1003.5489,0.0,2.0991426,149.03632,14.4,1008.2,1006.15857,0.1,3.319036,310.60123,19.8,1008.2,1006.61365,0.1,5.3517847,160.34608,17.64
2022-10-21 16:00:00,1009.1,1004.31616,5.8,9.290511,125.537766,18.0,1009.1,1007.0444,1.4,7.289445,237.09476,17.64,1009.6,1007.9826,7.0,13.202726,168.9965,33.48
2022-10-21 17:00:00,1010.6,1005.76276,4.1,13.979871,281.88864,21.599998,1011.4,1009.32367,9.6,2.0991426,300.96368,16.199999,1010.5,1008.8847,0.2,6.12,298.0724,24.119999
2022-10-21 18:00:00,1011.6,1006.74243,0.1,7.928177,320.52756,27.359999,1012.0,1009.9217,0.8,4.8965297,36.027473,8.28,1011.6,1009.97687,0.1,10.182337,351.87,20.519999
2022-10-21 19:00:00,1011.2,1006.3678,0.0,4.6938252,265.60138,12.959999,1011.1,1009.02484,6.1,6.830519,251.56496,11.159999,1011.1,1009.4887,0.1,6.9899354,191.88864,17.28
2022-10-21 20:00:00,1012.4,1007.5579,0.0,4.829907,243.43501,5.7599998,1012.8,1010.7198,0.0,10.041354,255.4655,16.919998,1012.6,1010.9854,0.0,3.96,270.0,7.92
2022-10-21 21:00:00,1012.9,1008.06067,0.0,2.1897945,260.53775,5.7599998,1013.0,1010.91455,0.0,8.654986,253.0724,19.8,1013.0,1011.37946,0.0,6.830519,288.43503,12.599999
2022-10-21 22:00:00,1013.3,1008.4441,0.0,5.154415,294.77512,8.28,1013.5,1011.41064,0.0,3.5455887,293.9625,14.759999,1013.2,1011.5747,0.0,4.8965297,306.02747,11.879999
2022-10-21 23:00:00,1013.1,1008.2352,0.0,8.654987,315.0001,14.4,1013.2,1011.1136,0.0,4.3349743,355.23645,9.72,1013.0,1011.3725,0.0,5.315336,298.30066,8.64
2022-10-22 00:00:00,1012.6,1007.7294,0.0,7.42159,320.90613,15.84,1012.9,1010.8142,0.0,5.6233797,309.8055,10.440001,1012.6,1010.97217,0.0,4.510787,298.61035,9.36
2022-10-22 01:00:00,1011.7,1006.8281,0.0,6.4096174,308.15726,12.959999,1011.8,1009.71545,0.0,7.2,323.13,13.679999,1011.6,1009.974,0.0,5.315336,331.69934,8.64
2022-10-22 02:00:00,1010.6,1005.7309,0.0,6.638072,319.39877,12.24,1010.6,1008.516,0.0,6.4096174,321.8427,13.679999,1010.5,1008.87494,0.0,6.489992,326.3099,11.159999
2022-10-22 03:00:00,1009.9,1005.0311,0.0,5.95906,334.98312,11.5199995,1010.0,1007.9167,0.0,5.692099,325.30478,12.24,1009.8,1008.1751,0.0,6.297428,329.03632,11.159999
2022-10-22 04:00:00,1010.1,1005.2266,0.0,5.0142193,338.9624,10.08,1010.0,1007.9161,0.0,6.489992,340.55988,12.24,1009.9,1008.27344,0.0,5.00128,329.74365,11.159999
2022-10-22 05:00:00,1010.8,1005.9217,0.0,5.00128,329.74365,9.0,1010.9,1008.81195,0.0,5.0142193,338.9624,12.24,1010.8,1009.17194,0.0,5.3999996,323.13004,8.64
2022-10-22 06:00:00,1012.0,1007.11536,0.0,6.489992,326.3099,11.159999,1012.1,1010.00977,0.0,5.315336,331.69934,10.08,1011.9,1010.27454,0.0,7.386582,316.9749,12.24
2022-10-22 07:00:00,1012.4,1007.53925,0.0,6.519877,6.3401003,15.4800005,1012.4,1010.31714,0.0,6.12,360.0,14.759999,1012.2,1010.57477,0.0,6.12,360.0,15.119999
2022-10-22 08:00:00,1013.3,1008.46027,0.0,7.628263,340.70987,17.28,1013.5,1011.4186,0.0,3.9763298,354.80566,15.84,1013.4,1011.7804,0.0,3.8268526,318.81415,14.04
2022-10-22 09:00:00,1014.0,1009.18005,0.2,9.021574,331.38962,21.24,1014.2,1012.12415,0.0,4.39436,304.9921,16.56,1014.1,1012.48395,0.0,5.6233797,309.8055,17.64
2022-10-22 10:00:00,1013.9,1009.09576,0.1,7.754637,338.19852,20.880001,1014.1,1012.0307,0.1,6.9899354,281.88864,18.359999,1014.0,1012.3937,0.0,5.4833565,293.1986,20.519999
2022-10-22 11:00:00,1013.2,1008.41254,0.1,7.5170207,343.3007,19.8,1013.5,1011.4364,0.2,6.489992,303.6901,18.72,1013.2,1011.5988,0.0,4.6938257,327.52884,20.519999
2022-10-22 12:00:00,1011.8,1007.0293,0.0,6.439876,333.43503,21.24,1012.2,1010.1422,0.2,8.78872,325.0079,20.880001,1011.9,1010.3053,0.0,6.12,331.9276,22.68
2022-10-22 13:00:00,1010.5,1005.74084,0.0,3.671294,348.6901,19.8,1010.7,1008.64874,0.1,9.021574,331.38962,20.880001,1010.5,1008.9062,0.2,6.6185193,337.6198,23.039999
2022-10-22 14:00:00,1009.0,1004.2456,0.0,3.671294,11.3098955,16.919998,1009.2,1007.1533,0.0,8.217153,331.1893,20.880001,1009.1,1007.50964,0.0,5.815978,338.19852,21.96
2022-10-22 15:00:00,1008.5,1003.748,0.0,3.2399998,360.0,17.28,1008.6,1006.5549,0.0,6.725354,344.47583,18.72,1008.4,1006.8105,0.1,5.1544156,347.90527,20.16
2022-10-22 16:00:00,1008.6,1003.8358,0.0,0.35999998,270.0,11.159999,1008.8,1006.75385,0.0,4.896529,342.8972,15.84,1008.6,1007.00916,0.0,6.6185193,337.6198,18.0
2022-10-22 17:00:00,1009.4,1004.6113,0.0,10.239453,169.8754,15.84,1009.2,1007.1496,0.0,3.0758414,290.55612,10.440001,1009.3,1007.7036,0.1,0.5091169,135.0001,14.759999
2022-10-22 18:00:00,1010.8,1005.9618,0.1,10.086427,177.95464,23.039999,1010.7,1008.63983,0.0,7.928178,267.3975,12.599999,1011.2,1009.5861,3.2,13.708391,166.32867,23.039999
2022-10-22 19:00:00,1010.7,1005.8869,0.0,6.162207,186.70975,17.64,1010.6,1008.5407,0.0,7.6367526,278.13,18.0,1010.6,1008.99457,2.1,6.9527545,291.25058,25.56
2022-10-22 20:00:00,1012.0,1007.168,0.0,10.315115,150.75127,17.64,1011.5,1009.437,0.0,5.95906,295.01685,12.24,1011.7,1010.09204,0.0,8.4042845,170.13426,12.599999
2022-10-22 21:00:00,1013.0,1008.15845,0.0,6.849467,183.01273,17.28,1012.6,1010.5287,0.0,5.4833565,293.1986,9.72,1012.9,1011.28217,0.0,8.473393,192.26476,18.359999
2022-10-22 22:00:00,1013.4,1008.54846,0.0,5.00128,210.25635,11.879999,1013.1,1011.02673,0.0,5.815978,248.19853,9.72,1013.3,1011.67865,0.0,7.0911775,203.9625,13.679999
2022-10-22 23:00:00,1013.0,1008.1436,0.0,5.8603754,222.5104,9.72,1013.1,1011.01373,0.2,15.937878,198.43504,32.039997,1013.5,1011.87286,1.1,5.8048253,262.8751,12.24
2022-10-23 00:00:00,1012.8,1007.93896,0.0,5.3517847,250.34608,11.159999,1013.0,1010.9108,1.9,6.87779,173.99109,25.56,1012.8,1011.17474,0.1,6.6087217,209.35765,13.32
2022-10-23 01:00:00,1012.0,1007.1396,0.1,6.12,270.0,10.440001,1012.4,1010.3079,4.7,5.315336,118.30067,13.32,1011.9,1010.2758,0.0,2.7416782,246.80138,9.72
2022-10-23 02:00:00,1011.1,1006.2398,0.0,6.5693827,279.46225,11.879999,1011.6,1009.5108,0.4,7.5942073,185.44025,14.4,1011.1,1009.4765,0.0,7.386582,313.0251,12.24
2022-10-23 03:00:00,1010.9,1006.0326,0.0,4.896529,287.1028,11.879999,1010.7,1008.61237,0.2,3.319036,192.5288,14.4,1010.7,1009.07526,0.0,5.8603754,312.5104,14.04
2022-10-23 04:00:00,1010.5,1005.6324,0.0,3.2599385,263.6599,7.92,1010.5,1008.4122,0.0,2.5455842,224.9999,7.5599995,1010.5,1008.87366,0.0,3.8268526,318.81415,10.440001
2022-10-23 05:00:00,1010.9,1006.0228,0.0,2.8116899,230.19447,5.7599998,1010.8,1008.71155,0.0,3.319036,229.39879,6.8399997,1010.7,1009.07367,0.0,4.32,270.0,8.64
2022-10-23 06:00:00,1011.6,1006.72345,0.0,2.8799999,270.0,5.04,1011.6,1009.5108,0.0,4.452954,255.96373,8.28,1011.5,1009.87164,0.0,4.379589,279.46225,7.2
2022-10-23 07:00:00,1012.5,1007.6397,0.0,4.2136917,289.9832,13.32,1012.5,1010.4179,0.0,3.6179552,264.2895,12.599999,1012.3,1010.679,0.0,4.072935,315.0001,11.879999
2022-10-23 08:00:00,1013.4,1008.5556,0.0,5.00128,300.25635,14.4,1013.4,1011.32306,0.0,5.0528407,274.08554,13.32,1013.3,1011.6862,0.0,4.3498964,294.44394,13.32
2022-10-23 09:00:00,1013.5,1008.6792,0.1,7.42159,309.09384,18.72,1013.7,1011.6294,0.0,7.127636,315.0001,17.28,1013.3,1011.6938,0.1,7.145796,310.91428,17.64
2022-10-23 10:00:00,1013.3,1008.4944,0.2,8.427383,340.0168,20.519999,1013.4,1011.33685,0.0,8.905908,345.9637,20.16,1013.1,1011.4989,0.1,8.759178,350.53775,20.880001
2022-10-23 11:00:00,1012.5,1007.7118,0.1,6.489992,356.82022,20.880001,1012.6,1010.54456,0.1,9.028754,355.42615,21.599998,1012.4,1010.8055,0.1,7.9526596,354.80566,21.599998
2022-10-23 12:00:00,1011.2,1006.42426,0.1,4.072935,315.0001,17.64,1011.6,1009.54913,0.1,7.2359104,354.2895,21.24,1011.4,1009.8067,0.2,7.342588,348.6901,20.880001
2022-10-23 13:00:00,1009.7,1004.9367,0.0,3.396233,327.99466,16.56,1009.8,1007.7528,0.0,6.9247384,332.1028,20.519999,1009.5,1007.911,0.1,7.24486,333.43503,20.519999
2022-10-23 14:00:00,1008.8,1004.04346,0.1,1.484318,345.9637,14.759999,1008.7,1006.6559,0.1,6.28713,336.3706,19.8,1008.5,1006.91315,0.2,4.39436,325.0079,19.8
2022-10-23 15:00:00,1008.2,1003.4315,2.2,4.6800003,112.61991,15.84,1007.9,1005.8557,0.0,5.771239,356.42374,18.72,1007.8,1006.2136,0.1,3.319036,12.528798,17.28
2022-10-23 16:00:00,1008.5,1003.7024,0.2,8.350138,97.43131,14.759999,1008.5,1006.4491,0.0,6.130579,356.6336,18.0,1008.4,1006.80194,4.0,6.849467,86.98728,16.919998
2022-10-23 17:00:00,1009.9,1005.0787,0.4,4.39436,145.0079,14.4,1010.3,1008.2232,7.3,5.4119864,273.814,17.64,1010.5,1008.8819,11.0,3.2599385,83.659904,17.64
2022-10-23 18:00:00,1010.9,1006.0547,0.1,11.726277,197.87878,20.16,1010.4,1008.32306,0.1,4.73506,188.74608,12.959999,1010.5,1008.87964,2.4,3.0547013,135.0001,10.799999
2022-10-23 19:00:00,1011.2,1006.36053,0.0,6.4096174,141.84273,20.880001,1010.8,1008.7286,0.1,11.246759,140.19447,9.72,1011.1,1009.4806,0.4,6.8399997,180.0,9.36
2022-10-23 20:00:00,1012.1,1007.2479,0.0,4.5536795,108.43504,10.440001,1011.7,1009.6242,0.0,3.7585104,73.300674,19.44,1011.6,1009.9807,0.1,6.3690495,137.29063,11.879999
2022-10-23 21:00:00,1012.5,1007.647,0.0,3.8939953,123.6901,6.4799995,1012.4,1010.3222,0.3,3.6,90.0,8.64,1012.4,1010.7782,0.0,6.4096174,128.15727,10.799999
2022-10-23 22:00:00,1012.6,1007.7377,0.0,3.219938,206.56499,6.8399997,1012.6,1010.5204,0.4,5.634891,116.56499,10.440001,1012.5,1010.8764,0.1,4.1046314,105.25517,11.879999
2022-10-23 23:00:00,1012.3,1007.43335,0.0,3.319036,220.60121,5.7599998,1012.3,1010.21985,0.2,3.5455887,113.962494,10.799999,1012.2,1010.5775,0.0,4.1046314,142.12495,7.2
2022-10-24 00:00:00,1011.9,1007.02875,0.0,3.319036,220.60121,5.7599998,1011.8,1009.72015,0.0,3.8939953,146.3099,10.08,1011.7,1010.0758,0.0,4.1046314,195.25517,7.2
2022-10-24 01:00:00,1010.8,1005.93555,0.0,3.219938,206.56499,5.3999996,1010.7,1008.61646,0.0,3.6,126.86999,7.92,1010.6,1008.9788,0.0,2.9024127,172.87508,4.68
2022-10-24 02:00:00,1009.9,1005.0359,0.0,3.219938,243.43501,3.6,1010.0,1007.9161,0.0,3.6,143.13002,6.4799995,1009.8,1008.17786,0.0,1.835647,281.3099,3.2399998
2022-10-24 03:00:00,1009.6,1004.7331,0.0,2.8799999,270.0,5.7599998,1009.5,1007.41675,0.0,3.319036,139.39879,6.4799995,1009.4,1007.77484,0.0,3.8773184,291.80148,5.3999996
2022-10-24 04:00:00,1009.4,1004.53577,0.0,3.563818,315.0001,6.12,1009.4,1007.31757,0.0,2.8116899,140.19447,6.12,1009.3,1007.6752,0.0,4.0249224,333.43503,5.7599998
2022-10-24 05:00:00,1009.6,1004.7331,0.0,3.8268526,311.18582,6.8399997,1009.8,1007.7215,0.3,2.0364676,224.9999,9.0,1009.6,1007.9747,0.0,3.6,306.86996,6.12
2022-10-24 06:00:00,1010.3,1005.4364,0.0,5.3517847,312.27362,8.64,1010.4,1008.3171,0.0,2.3051248,218.65984,5.3999996,1010.4,1008.7748,0.0,6.151683,290.55612,10.440001
2022-10-24 07:00:00,1011.1,1006.2594,0.0,4.6102495,308.65982,15.84,1011.2,1009.12427,0.0,3.6,90.0,8.28,1011.1,1009.4827,0.0,3.6179552,275.7105,12.959999
2022-10-24 08:00:00,1011.5,1006.67773,0.0,4.6102495,308.65982,13.32,1011.4,1009.3318,0.1,6.297428,30.963696,14.04,1011.1,1009.4897,0.0,1.9386592,291.80148,12.959999
2022-10-24 09:00:00,1011.5,1006.70074,0.0,6.439876,333.43503,18.72,1011.9,1009.8364,0.1,5.904439,322.43134,20.519999,1011.7,1010.09705,0.0,8.311245,274.96964,24.48
2022-10-24 10:00:00,1011.6,1006.81604,0.1,8.373386,334.53668,20.16,1012.0,1009.93945,0.2,8.854829,333.43503,25.199999,1011.7,1010.1015,0.2,7.928177,309.47244,25.56
2022-10-24 11:00:00,1011.3,1006.5301,0.1,7.6367526,315.0001,24.84,1011.6,1009.5434,0.1,6.725354,344.47583,23.759998,1011.5,1009.90533,0.3,6.8777895,317.1211,24.119999
2022-10-24 12:00:00,1010.1,1005.3436,0.2,7.8954163,294.22772,26.28,1010.7,1008.6493,0.0,4.198285,329.03632,17.28,1010.4,1008.8098,0.4,5.3517847,317.72638,22.68
2022-10-24 13:00:00,1008.8,1004.04193,0.8,8.287822,272.4895,27.72,1009.0,1006.95404,0.0,6.792466,327.99466,20.16,1008.7,1007.11346,0.4,6.763786,334.79892,23.4
2022-10-24 14:00:00,1007.4,1002.6507,0.4,8.311245,252.3498,26.64,1007.7,1005.6548,0.1,6.2145634,349.99207,20.16,1007.5,1005.91595,0.4,4.5820518,315.0001,23.4
2022-10-24 15:00:00,1007.2,1002.4275,4.6,4.3349743,228.36655,24.119999,1007.1,1005.05756,0.5,7.653705,318.81415,19.8,1007.5,1005.9008,8.4,9.227524,290.55612,25.199999
2022-10-24 16:00:00,1007.7,1002.9171,0.1,11.119281,209.0545,20.880001,1007.8,1005.7496,0.0,11.183201,236.82147,18.0,1008.4,1006.79095,6.9,8.350138,187.43132,26.28
2022-10-24 17:00:00,1009.8,1004.9559,9.9,11.726277,197.87878,25.199999,1009.0,1006.92786,0.0,15.463246,245.22488,33.839996,1009.0,1007.3877,0.1,4.39436,145.0079,17.64
2022-10-24 18:00:00,1009.9,1005.04913,3.0,5.6920996,198.43504,20.16,1009.6,1007.52344,0.0,6.297428,239.03632,25.56,1009.8,1008.1833,0.1,8.089993,159.14546,14.4
2022-10-24 19:00:00,1009.1,1004.2859,6.1,10.931203,162.75845,11.159999,1008.4,1006.34296,0.0,8.891344,248.6293,13.679999,1008.9,1007.2888,0.2,9.885262,146.88864,14.4
2022-10-24 20:00:00,1010.2,1005.37976,0.0,9.565437,160.20103,18.72,1009.8,1007.7379,0.0,9.3876505,184.39862,14.759999,1010.0,1008.388,0.0,5.937272,165.96373,16.56
2022-10-24 21:00:00,1011.3,1006.4666,0.0,7.9526596,174.80566,16.199999,1011.2,1009.1316,0.0,8.311245,184.96965,22.68,1011.2,1009.58514,0.0,7.5942073,185.44025,12.599999
2022-10-24 22:00:00,1012.0,1007.15094,1.3,5.8603754,190.6196,13.679999,1011.5,1009.42847,0.0,5.8048253,172.87508,13.679999,1011.5,1009.88306,0.0,7.5170207,163.30067,13.32
2022-10-24 23:00:00,1012.0,1007.1428,0.5,10.086427,145.17545,18.0,1012.0,1009.92395,0.0,6.9153743,141.34016,10.799999,1012.0,1010.37976,0.1,6.849467,176.98727,12.959999
2022-10-25 00:00:00,1011.7,1006.84045,0.0,6.6185193,202.38017,17.64,1011.3,1009.22095,0.1,12.682018,145.40765,20.880001,1011.6,1009.97974,0.5,6.9527545,158.74942,14.759999
2022-10-25 01:00:00,1010.8,1005.94055,0.0,7.729527,207.75845,14.759999,1010.9,1008.8177,0.0,9.531505,169.11452,23.039999,1010.9,1009.2806,0.1,7.69592,169.21574,12.959999
2022-10-25 02:00:00,1010.1,1005.2364,0.0,8.209263,232.12495,14.4,1010.0,1007.91724,0.0,10.086427,182.04536,17.28,1010.2,1008.57794,0.0,8.287822,182.4895,18.0
2022-10-25 03:00:00,1009.7,1004.8336,0.0,6.151683,249.44386,15.4800005,1009.7,1007.6177,0.0,10.739833,193.57045,19.44,1009.5,1007.87714,0.0,5.6233797,219.80553,14.4
2022-10-25 04:00:00,1009.8,1004.92596,0.0,2.6208394,254.05453,11.159999,1009.5,1007.4171,0.0,7.172949,197.52567,18.359999,1009.4,1007.77484,0.0,3.8773184,201.80147,10.440001
2022-10-25 05:00:00,1009.8,1004.9291,0.0,2.0991426,300.96368,5.04,1009.6,1007.5152,0.0,4.2136917,199.9832,12.599999,1009.6,1007.9741,0.0,3.671294,168.69011,5.3999996
2022-10-25 06:00:00,1010.5,1005.62256,0.0,2.8799999,360.0,3.2399998,1010.5,1008.4147,0.0,5.154415,204.77512,9.0,1010.3,1008.67236,0.0,3.4152596,251.56496,6.4799995
2022-10-25 07:00:00,1011.2,1006.34595,0.0,5.4119864,273.814,9.36,1011.1,1009.0204,0.0,7.9036193,239.9315,15.84,1011.0,1009.3804,0.1,8.311245,252.3498,13.679999
2022-10-25 08:00:00,1011.9,1007.0587,0.0,3.2599385,276.3401,13.679999,1011.7,1009.6268,0.0,4.1046314,232.12495,15.84,1011.7,1010.08685,0.0,5.2416787,254.05453,16.919998
2022-10-25 09:00:00,1012.5,1007.6729,0.1,3.9763298,275.19434,14.4,1012.3,1010.23303,0.0,2.968636,284.03625,13.679999,1012.2,1010.593,0.0,4.3498964,245.55606,15.119999
2022-10-25 10:00:00,1012.8,1007.9929,0.1,4.2136917,289.9832,16.56,1012.7,1010.6371,0.0,3.6,323.13,15.4800005,1012.5,1010.8999,0.1,3.9763298,275.19434,15.84
2022-10-25 11:00:00,1012.0,1007.20056,0.1,4.6800003,292.6199,16.919998,1012.0,1009.9423,0.0,4.6800003,337.3801,17.64,1011.7,1010.1043,0.2,5.815978,338.19852,18.359999
2022-10-25 12:00:00,1010.7,1005.91174,0.0,5.6920996,288.43503,19.08,1010.8,1008.7482,0.0,5.506941,348.6901,17.64,1010.6,1009.005,0.1,4.802999,347.00537,18.359999
2022-10-25 13:00:00,1009.3,1004.5294,0.0,5.0528407,265.91446,20.880001,1009.4,1007.3523,0.0,4.6800003,337.3801,16.56,1009.1,1007.5116,0.0,4.379589,350.53775,17.28
2022-10-25 14:00:00,1008.0,1003.23865,0.0,3.219938,296.56497,19.08,1007.9,1005.8592,0.0,2.7416782,336.8014,15.119999,1007.8,1006.21423,0.1,6.638072,347.4712,20.519999
2022-10-25 15:00:00,1007.3,1002.541,0.0,3.671294,11.3098955,15.84,1007.1,1005.06195,0.0,2.6208394,344.05453,12.24,1007.0,1005.41394,0.0,6.28713,336.3706,21.24
2022-10-25 16:00:00,1007.0,1002.23627,0.2,4.39436,34.9921,14.4,1006.8,1004.76044,0.0,3.9763298,354.80566,10.799999,1006.7,1005.11316,0.0,4.5536795,341.56494,15.84
2022-10-25 17:00:00,1007.6,1002.81757,0.2,4.0249224,26.564985,14.4,1007.5,1005.45557,0.0,2.52,360.0,9.72,1007.5,1005.9065,0.0,4.6102495,38.65983,11.159999
2022-10-25 18:00:00,1008.3,1003.49664,0.0,5.991594,57.264786,9.36,1008.0,1005.9457,0.3,4.3349743,48.366554,7.2,1007.9,1006.2989,0.0,3.671294,78.6901,8.28
2022-10-25 19:00:00,1009.1,1004.285,0.0,6.519877,83.659904,18.72,1008.9,1006.846,0.0,5.0911684,8.130019,14.04,1008.7,1007.0942,0.0,4.8433046,41.98713,7.2
2022-10-25 20:00:00,1010.5,1005.65814,6.0,4.072935,135.0001,19.8,1009.4,1007.3442,0.0,8.049845,26.564985,13.679999,1009.8,1008.18964,0.9,11.252519,82.64771,17.64
2022-10-25 21:00:00,1011.6,1006.7384,3.8,8.587338,146.97614,17.28,1010.3,1008.23785,0.0,5.506941,78.6901,14.04,1010.9,1009.2781,3.3,9.746631,94.23632,39.239998
2022-10-25 22:00:00,1010.7,1005.8418,0.1,7.386582,133.02507,21.96,1010.7,1008.6243,0.0,15.277749,124.43905,25.56,1010.9,1009.2781,0.2,8.435069,129.80553,18.72
2022-10-25 23:00:00,1011.0,1006.1346,0.0,5.3999996,180.0,11.5199995,1010.7,1008.6174,0.0,9.422101,136.54811,25.919998,1010.8,1009.1788,0.0,5.3517847,132.27362,14.759999
2022-10-26 00:00:00,1010.5,1005.63544,0.0,5.0911684,135.0001,9.0,1010.5,1008.41754,0.0,6.439876,153.43501,16.199999,1010.5,1008.87714,0.0,5.154415,155.22488,9.72
2022-10-26 01:00:00,1009.8,1004.93726,0.0,6.193674,144.46223,8.64,1009.8,1007.7174,0.0,5.95906,154.98314,12.959999,1009.6,1007.9754,0.0,4.0249224,153.43501,9.0
2022-10-26 02:00:00,1009.1,1004.2462,0.0,3.396233,212.00534,7.2,1008.9,1006.81836,0.0,4.1046314,127.875046,10.799999,1008.8,1007.17596,0.0,3.8268526,131.18582,6.4799995
2022-10-26 03:00:00,1008.6,1003.73956,0.0,3.396233,237.99466,3.96,1008.6,1006.5173,0.0,3.7064266,119.05451,8.64,1008.4,1006.7751,0.0,4.510787,118.61037,6.8399997
2022-10-26 04:00:00,1008.6,1003.7415,0.0,3.6,233.13002,4.32,1008.7,1006.61554,0.0,2.8116899,140.19447,7.5599995,1008.5,1006.8759,0.0,5.1165614,129.28938,7.5599995
2022-10-26 05:00:00,1009.1,1004.2349,0.0,3.5455887,246.0375,4.32,1009.4,1007.3141,0.0,2.9024127,172.87508,6.12,1009.1,1007.478,0.0,1.1384199,288.43503,5.3999996
2022-10-26 06:00:00,1009.8,1004.925,0.0,3.4152596,288.43503,4.68,1010.1,1008.0145,0.0,2.0991426,210.96368,5.3999996,1009.9,1008.27423,0.0,5.8603754,280.6196,9.0
2022-10-26 07:00:00,1010.5,1005.6654,0.0,1.484318,194.03627,11.5199995,1010.8,1008.722,0.0,3.319036,257.4712,13.679999,1010.5,1008.8856,0.0,5.1919937,236.3099,18.359999
2022-10-26 08:00:00,1011.3,1006.4802,0.1,1.484318,14.036275,15.119999,1011.2,1009.1281,0.1,1.2979984,213.6901,13.679999,1010.9,1009.2916,0.0,2.7416782,203.19862,14.04
2022-10-26 09:00:00,1011.4,1006.594,0.1,4.6938257,57.528828,20.880001,1011.3,1009.2355,0.1,7.5599995,90.0,19.44,1011.1,1009.4976,0.0,6.989936,124.50858,22.319998
2022-10-26 10:00:00,1011.3,1006.5096,0.0,6.28713,66.37061,24.84,1011.6,1009.53986,0.1,4.0249224,100.30479,20.519999,1011.3,1009.7037,0.1,5.8048253,119.74479,23.759998
2022-10-26 11:00:00,1010.6,1005.8248,0.0,2.5455842,81.86999,24.48,1011.0,1008.94556,0.1,3.4152596,198.43504,18.359999,1010.8,1009.20795,0.1,3.6,143.13002,23.4
2022-10-26 12:00:00,1009.6,1004.8403,0.0,0.35999998,270.0,20.519999,1009.9,1007.85095,0.1,1.8,233.13002,18.72,1009.6,1008.0089,0.1,2.0364676,135.0001,19.8
2022-10-26 13:00:00,1008.3,1003.55273,0.1,1.8,323.13,18.0,1008.5,1006.45605,0.1,2.5455842,278.13,18.359999,1008.2,1006.6123,0.0,2.5455842,44.999897,19.44
2022-10-26 14:00:00,1007.1,1002.3568,0.0,2.7416782,156.80138,17.64,1007.2,1005.1583,0.0,2.4149535,243.43501,18.359999,1007.0,1005.41705,0.0,2.968636,284.03625,21.599998
2022-10-26 15:00:00,1006.7,1001.9339,0.1,3.9763298,174.80566,15.84,1006.2,1004.1613,0.1,0.5091169,44.999897,15.4800005,1006.4,1004.8082,1.3,14.081477,147.52882,24.48
2022-10-26 16:00:00,1007.8,1002.9736,9.7,6.8399997,90.0,21.599998,1007.1,1005.0491,0.4,3.8773184,111.801476,12.599999,1007.3,1005.6813,5.5,6.9899354,168.11136,37.079998
2022-10-26 17:00:00,1008.0,1003.1711,1.8,12.10157,67.24899,23.039999,1008.4,1006.331,1.2,8.049845,100.30479,15.84,1008.2,1006.5849,2.1,7.5599995,360.0,17.28
2022-10-26 18:00:00,1009.2,1004.36285,0.3,6.28713,23.629398,21.24,1009.8,1007.71704,2.4,14.255272,135.0001,28.8,1009.5,1007.8791,6.8,9.360001,22.61991,23.4
2022-10-26 19:00:00,1009.7,1004.85565,5.1,7.7879906,326.3099,13.679999,1010.3,1008.2232,0.4,6.439876,26.564985,27.0,1009.6,1007.9816,0.1,3.7064266,330.9455,20.16
2022-10-26 20:00:00,1010.8,1005.95514,0.1,6.193674,35.537766,15.119999,1011.2,1009.12335,5.5,4.198285,210.96368,10.440001,1011.2,1009.5766,5.6,14.168641,332.78397,28.8
2022-10-26 21:00:00,1011.1,1006.25116,0.9,3.6179552,264.2895,10.799999,1011.4,1009.32135,10.1,6.297428,210.96368,11.5199995,1011.2,1009.57635,5.5,5.991594,327.26477,31.68
2022-10-26 22:00:00,1011.5,1006.64044,0.2,5.8048253,277.1249,16.919998,1011.2,1009.11865,11.6,5.95906,244.98314,15.119999,1011.5,1009.8771,0.3,5.0911684,315.0001,10.440001
2022-10-26 23:00:00,1010.9,1006.0424,0.0,5.00128,239.74365,9.72,1011.0,1008.9193,2.7,3.096837,234.46223,12.24,1010.9,1009.27783,0.1,4.68,180.0,8.64
2022-10-27 00:00:00,1010.9,1006.04083,0.1,7.42159,284.03625,15.4800005,1010.6,1008.5195,0.3,2.4149535,116.56499,10.08,1010.7,1009.07465,0.0,4.2136917,160.0168,10.08
2022-10-27 01:00:00,1009.8,1004.9445,0.5,3.2599385,353.6599,20.16,1009.8,1007.7196,0.1,1.0182338,44.999897,9.72,1009.6,1007.977,0.0,3.219938,116.56499,6.12
2022-10-27 02:00:00,1009.2,1004.3475,0.1,3.7064266,330.9455,6.4799995,1009.1,1007.0206,0.0,3.8939953,123.6901,9.36,1009.2,1007.57825,0.0,1.835647,191.30989,8.28
2022-10-27 03:00:00,1008.5,1003.6482,0.0,3.7585104,343.3007,9.72,1008.5,1006.41785,0.0,2.9024127,29.744795,9.0,1008.2,1006.5808,0.0,0.35999998,90.0,3.96
2022-10-27 04:00:00,1008.0,1003.1506,0.0,3.6179552,354.2895,6.4799995,1008.2,1006.1223,0.0,6.439876,26.564985,11.159999,1007.8,1006.1795,0.0,4.0249224,10.304792,7.2
2022-10-27 05:00:00,1008.5,1003.64355,0.0,6.28713,346.75946,11.159999,1008.5,1006.42194,0.0,6.9153743,38.65983,15.4800005,1008.5,1006.8807,0.0,5.8603754,10.61961,12.599999
2022-10-27 06:00:00,1009.3,1004.4362,0.0,3.6,323.13,11.159999,1009.5,1007.41986,0.0,5.634891,26.564985,12.959999,1009.4,1007.7795,0.0,5.2416787,344.05453,10.799999
2022-10-27 07:00:00,1010.1,1005.2481,0.0,5.95906,334.98312,14.04,1010.3,1008.2217,0.0,8.287822,34.3804,11.5199995,1010.1,1008.48157,0.0,8.089993,20.854538,12.24
2022-10-27 08:00:00,1010.5,1005.667,0.0,3.8939953,326.3099,13.679999,1010.7,1008.6259,0.1,6.849467,3.0127327,15.84,1010.5,1008.88794,0.0,7.9932976,7.7650824,20.16
2022-10-27 09:00:00,1010.9,1006.0894,0.0,5.1544156,347.90527,16.199999,1011.1,1009.03296,0.0,9.659814,333.43503,20.519999,1010.9,1009.2941,0.0,7.342588,11.3098955,19.44
2022-10-27 10:00:00,1011.3,1006.50323,0.0,3.096837,324.46225,21.24,1011.4,1009.3397,0.1,9.021574,331.38962,23.039999,1011.3,1009.7002,0.0,6.849467,356.98727,21.24
2022-10-27 11:00:00,1010.3,1005.51587,0.1,2.6208394,285.94547,19.8,1010.5,1008.44464,0.1,9.107359,341.56494,21.599998,1010.2,1008.6064,0.1,6.130579,356.6336,21.599998
2022-10-27 12:00:00,1009.3,1004.5183,0.2,2.7416782,293.1986,19.08,1009.3,1007.24866,0.1,8.12197,347.19574,21.24,1009.1,1007.50934,0.2,5.8048253,352.87506,21.24
2022-10-27 13:00:00,1008.6,1003.81854,0.2,1.1384199,288.43503,18.359999,1008.3,1006.25165,0.0,7.072878,345.25638,19.44,1008.4,1006.8099,0.3,3.0547013,44.999897,20.519999
2022-10-27 14:00:00,1008.1,1003.2954,3.3,3.6179552,174.2895,16.199999,1007.9,1005.84186,3.8,12.819235,51.842735,23.039999,1007.8,1006.20074,7.9,6.87779,83.99109,18.359999
2022-10-27 15:00:00,1007.6,1002.77203,1.9,6.9527545,158.74942,17.28,1007.6,1005.5282,1.7,14.264361,47.045418,28.8,1007.4,1005.78906,2.7,11.966954,133.7812,20.880001
2022-10-27 16:00:00,1007.3,1002.47284,0.6,5.3999996,180.0,18.359999,1007.4,1005.3315,0.8,5.815978,68.19853,24.84,1007.6,1005.9839,1.5,4.8433046,138.01286,25.919998
2022-10-27 17:00:00,1007.8,1002.96796,0.1,2.5455842,224.9999,11.159999,1007.7,1005.6315,0.1,2.5455842,98.13002,11.5199995,1007.6,1005.98584,0.1,2.6208394,254.05453,10.08
2022-10-27 18:00:00,1008.6,1003.75433,0.1,3.0758414,249.44386,6.4799995,1008.7,1006.62573,0.0,2.968636,165.96373,5.04,1008.6,1006.98047,0.1,3.319036,192.5288,6.12
2022-10-27 19:00:00,1009.2,1004.35803,0.1,4.1046314,195.25517,6.12,1009.1,1007.0353,0.1,2.5455842,44.999897,6.4799995,1009.0,1007.3836,0.1,3.7064266,209.0545,5.04
2022-10-27 20:00:00,1009.6,1004.7505,0.2,3.4152596,198.43504,6.8399997,1009.7,1007.6306,0.3,4.0249224,10.304792,7.5599995,1009.7,1008.08246,0.1,3.8268526,221.18582,7.2
2022-10-27 21:00:00,1010.1,1005.2456,0.7,2.9024127,209.7448,5.7599998,1010.1,1008.03033,0.1,7.968939,18.435053,11.879999,1009.9,1008.281,0.1,1.8,233.13002,7.92
2022-10-27 22:00:00,1009.9,1005.0449,2.2,2.4149535,206.56499,5.04,1010.0,1007.9271,0.2,8.209263,15.255177,15.119999,1009.8,1008.1807,0.7,3.219938,243.43501,4.68
2022-10-27 23:00:00,1009.7,1004.84436,1.2,2.7416782,203.19862,4.68,1009.6,1007.5269,0.3,6.151683,20.556128,15.119999,1009.6,1007.98047,0.5,3.671294,258.6901,6.12
2022-10-28 00:00:00,1009.4,1004.54486,0.7,4.3498964,204.44394,7.5599995,1009.4,1007.32605,0.1,4.6938257,32.471172,11.159999,1009.4,1007.7808,1.0,3.5455887,246.0375,6.12
2022-10-28 01:00:00,1008.9,1004.04626,0.3,4.072935,224.9999,8.64,1009.0,1006.92505,0.0,5.815978,21.801476,10.799999,1008.8,1007.1814,1.4,4.0249224,280.30478,6.8399997
2022-10-28 02:00:00,1008.0,1003.14655,0.1,3.319036,257.4712,6.8399997,1008.1,1006.02716,0.0,8.759178,9.462248,15.119999,1007.8,1006.1836,0.7,5.95906,334.98312,10.440001
2022-10-28 03:00:00,1007.5,1002.65643,0.1,1.484318,14.036275,3.96,1007.5,1005.4265,0.0,11.770403,23.428713,20.519999,1007.3,1005.6838,0.5,7.2805495,8.530692,11.879999
2022-10-28 04:00:00,1006.9,1002.0559,0.0,3.5455887,23.962492,3.6,1007.0,1004.92596,0.0,14.021525,29.197395,24.119999,1006.9,1005.2816,0.3,8.654986,16.927603,15.4800005
2022-10-28 05:00:00,1006.6,1001.7615,0.0,2.9024127,82.875084,4.68,1006.8,1004.7242,0.0,13.392774,36.253937,24.48,1006.6,1004.9787,0.0,6.5693827,9.462261,14.759999
2022-10-28 06:00:00,1007.1,1002.2549,0.0,1.08,270.0,3.6,1007.4,1005.3211,0.0,10.086427,34.82457,23.039999,1007.2,1005.57605,0.0,7.072878,14.743609,12.24
2022-10-28 07:00:00,1007.6,1002.7664,0.1,3.5455887,66.037506,9.0,1007.8,1005.72815,0.0,11.631956,21.801476,21.96,1007.6,1005.9808,0.0,7.628263,19.290138,13.32
2022-10-28 08:00:00,1008.4,1003.5812,0.0,3.5455887,66.037506,10.799999,1008.4,1006.3326,0.0,12.245293,24.304548,23.039999,1008.4,1006.7853,0.0,6.9247384,27.897186,15.4800005
2022-10-28 09:00:00,1008.9,1004.0938,0.0,3.9763298,84.805664,12.24,1009.0,1006.93823,0.0,11.019764,38.367523,23.039999,1009.1,1007.4901,0.0,5.3999996,36.86998,15.4800005
2022-10-28 10:00:00,1009.0,1004.20306,0.0,3.671294,168.69011,11.879999,1009.1,1007.04376,0.0,9.085988,56.3099,22.319998,1009.2,1007.596,0.0,2.968636,75.96373,13.679999
2022-10-28 11:00:00,1008.5,1003.7206,0.0,5.0142193,201.03758,14.04,1008.7,1006.6449,0.0,5.8048253,60.255207,19.8,1008.6,1007.0037,0.0,2.5959969,146.3099,12.959999
2022-10-28 12:00:00,1007.8,1003.0396,0.0,3.563818,224.9999,15.84,1008.2,1006.1472,0.0,4.198285,30.963696,14.759999,1007.7,1006.1113,0.0,2.968636,194.03627,16.919998
2022-10-28 13:00:00,1007.3,1002.5448,0.0,1.484318,255.96373,13.32,1007.6,1005.5559,0.0,2.7416782,23.198618,15.119999,1007.2,1005.6133,0.1,2.0364676,224.9999,17.28
2022-10-28 14:00:00,1006.2,1001.45,0.1,4.73506,261.2539,14.04,1006.5,1004.46106,0.0,1.1384199,288.43503,12.599999,1006.3,1004.7116,0.3,2.7416782,246.80138,12.24
2022-10-28 15:00:00,1005.5,1000.7505,0.0,5.937272,255.96373,15.84,1005.7,1003.66364,0.0,3.319036,310.60123,11.159999,1005.6,1004.01294,0.2,2.52,270.0,11.879999
2022-10-28 16:00:00,1005.3,1000.53894,0.0,4.896529,252.89719,14.04,1005.2,1003.1637,0.0,4.829907,296.56497,11.159999,1005.2,1003.61395,0.0,4.0249224,280.30478,10.440001
2022-10-28 17:00:00,1005.7,1000.922,0.0,3.8939953,236.3099,9.72,1006.0,1003.9538,0.0,5.771239,3.5762644,10.799999,1005.7,1004.10815,0.0,2.5959969,236.3099,9.72
2022-10-28 18:00:00,1006.3,1001.5009,0.0,5.0911684,224.9999,7.5599995,1006.5,1004.44684,0.0,4.39436,325.0079,10.08,1006.5,1004.898,0.0,5.4477882,262.40546,6.4799995
2022-10-28 19:00:00,1007.8,1002.95667,2.0,8.350138,187.43132,19.44,1007.4,1005.3406,0.0,5.0528407,265.91446,7.5599995,1007.4,1005.7937,0.0,4.32,360.0,8.64
2022-10-28 20:00:00,1008.3,1003.4533,0.0,1.2979984,236.3099,16.919998,1008.1,1006.03503,0.0,5.904439,307.56866,11.5199995,1008.1,1006.48944,0.2,6.130579,93.366394,13.32
2022-10-28 21:00:00,1008.3,1003.44916,0.0,1.9386592,158.19853,5.3999996,1008.2,1006.13715,0.0,6.8399997,360.0,11.879999,1008.2,1006.5833,0.0,3.096837,125.537766,10.08
2022-10-28 22:00:00,1008.5,1003.65643,0.0,1.2979984,213.6901,3.96,1008.5,1006.43805,0.0,15.124284,38.23387,25.199999,1008.4,1006.7811,0.0,2.5455842,98.13002,4.68
2022-10-28 23:00:00,1008.6,1003.74054,0.0,4.6938257,327.52884,8.28,1008.7,1006.63324,0.0,14.113652,37.746864,26.28,1008.6,1006.9817,0.0,2.0991426,59.03632,4.32
2022-10-29 00:00:00,1008.3,1003.447,0.0,9.36,360.0,15.4800005,1008.4,1006.3304,0.0,14.20062,30.465475,24.48,1008.5,1006.8819,0.0,3.319036,77.4712,2.8799999
2022-10-29 01:00:00,1007.6,1002.74536,0.0,9.114471,9.090207,15.84,1008.0,1005.92676,0.0,10.966713,23.198618,24.119999,1007.7,1006.081,0.0,6.519877,6.3401003,10.08
2022-10-29 02:00:00,1007.3,1002.4396,0.0,7.5685663,2.7262611,15.4800005,1007.7,1005.62396,0.0,10.483357,15.945477,19.08,1007.3,1005.6803,0.0,10.495713,5.9060555,16.919998
2022-10-29 03:00:00,1006.9,1002.0356,0.0,7.5599995,360.0,12.599999,1007.4,1005.3224,0.0,12.9249525,12.875007,22.319998,1006.9,1005.2791,0.0,11.165805,1.8475709,19.08
2022-10-29 04:00:00,1006.6,1001.73627,0.0,7.342588,11.3098955,13.32,1007.0,1004.9219,0.0,15.542662,13.392516,26.64,1006.7,1005.0773,0.0,10.086427,2.0453732,19.08
2022-10-29 05:00:00,1006.6,1001.72974,0.0,5.6920996,18.435053,12.24,1007.0,1004.9194,0.0,14.494192,14.381432,26.64,1006.9,1005.2744,0.0,8.28,360.0,16.919998
2022-10-29 06:00:00,1007.0,1002.1269,0.0,7.289444,20.224945,9.36,1007.3,1005.21814,0.0,12.9249525,12.875007,24.48,1007.1,1005.4737,0.0,10.1376915,6.1154146,16.919998
2022-10-29 07:00:00,1008.3,1003.46405,0.0,6.6185193,22.380184,8.28,1008.6,1006.5242,0.0,14.759999,12.680387,23.4,1008.4,1006.77893,0.0,10.446206,1.9748993,19.08
2022-10-29 08:00:00,1008.9,1004.08344,0.0,7.928177,39.47243,17.64,1009.2,1007.1297,0.0,14.408997,12.99463,26.28,1009.0,1007.3886,0.0,10.483357,15.945477,20.880001
2022-10-29 09:00:00,1009.2,1004.40216,0.0,7.127636,44.999897,18.359999,1009.5,1007.4382,0.0,15.034041,16.699326,28.08,1009.2,1007.59717,0.0,11.91812,25.016869,25.56
2022-10-29 10:00:00,1009.2,1004.4205,0.0,6.489992,56.3099,18.359999,1009.4,1007.3463,0.0,12.979984,19.440128,28.44,1009.2,1007.60547,0.0,11.384198,34.69522,26.64
2022-10-29 11:00:00,1008.4,1003.6375,0.0,5.0911684,44.999897,17.64,1008.9,1006.8537,0.0,14.336861,28.495539,27.72,1008.4,1006.812,0.0,8.587338,33.023872,24.84
2022-10-29 12:00:00,1007.4,1002.6522,0.0,4.8965297,53.972538,16.199999,1007.7,1005.6614,0.0,14.904173,37.146767,29.88,1007.3,1005.717,0.0,7.628263,19.290138,21.24
2022-10-29 13:00:00,1006.2,1001.4594,0.0,6.1094027,44.999897,16.199999,1006.4,1004.36475,0.0,10.883676,34.215755,28.8,1006.1,1004.5194,0.0,7.342588,11.3098955,19.8
2022-10-29 14:00:00,1005.5,1000.7637,0.0,4.0249224,349.69522,17.64,1005.6,1003.5675,0.0,11.119281,29.054508,23.4,1005.4,1003.8209,0.0,7.208994,2.8623457,19.08
2022-10-29 15:00:00,1005.3,1000.56055,0.0,4.0249224,259.69522,18.0,1005.6,1003.56537,0.0,10.137692,16.504446,23.039999,1005.2,1003.62085,0.0,6.849467,3.0127327,18.0
2022-10-29 16:00:00,1005.3,1000.53955,0.7,3.671294,281.3099,15.84,1005.3,1003.26025,0.0,5.6233797,39.805527,19.08,1005.5,1003.90533,0.6,8.714677,38.290207,21.96
2022-10-29 17:00:00,1006.9,1002.0682,6.7,9.0,73.73973,22.68,1006.1,1004.05334,0.0,4.0249224,26.564985,9.36,1006.1,1004.50146,0.0,4.3498964,155.55606,16.199999
2022-10-29 18:00:00,1007.0,1002.1693,0.3,1.1384199,198.43504,14.759999,1006.9,1004.84064,0.4,13.202726,25.866312,24.119999,1006.8,1005.1934,1.0,11.212135,95.52745,17.64
2022-10-29 19:00:00,1006.9,1002.07697,0.0,5.0142193,68.96242,5.3999996,1006.7,1004.64545,0.1,5.6920996,18.435053,22.68,1006.7,1005.0921,0.5,4.5536795,108.43504,20.519999
2022-10-29 20:00:00,1007.8,1002.97046,0.0,6.6087217,60.64234,7.5599995,1007.7,1005.6444,0.0,6.489992,356.82022,11.5199995,1007.6,1005.99084,0.0,3.4152596,108.43504,6.4799995
2022-10-29 21:00:00,1008.0,1003.1686,0.0,5.4477882,352.40543,7.92,1008.0,1005.93835,0.0,5.8048253,7.12493,11.5199995,1008.1,1006.48883,0.0,3.319036,77.4712,5.7599998
2022-10-29 22:00:00,1008.1,1003.26654,0.0,3.7585104,343.3007,7.2,1008.1,1006.03754,0.0,7.8625183,15.945477,13.32,1008.1,1006.4863,0.0,5.4833565,66.801384,6.4799995
2022-10-29 23:00:00,1008.1,1003.26495,0.0,5.154415,335.22488,9.0,1008.3,1006.2331,0.0,7.172949,17.52567,13.679999,1008.1,1006.48535,0.0,5.5887027,14.931467,7.5599995
2022-10-30 00:00:00,1007.6,1002.76227,0.0,8.654986,343.0724,14.4,1007.9,1005.8314,0.0,6.9899354,11.888645,12.599999,1007.6,1005.9865,0.0,4.896529,342.8972,7.92
2022-10-30 01:00:00,1006.9,1002.06165,0.0,11.525623,358.21014,18.72,1007.3,1005.2313,0.0,7.5942073,5.4402504,14.04,1007.0,1005.38776,0.0,8.217153,331.1893,13.679999
2022-10-30 02:00:00,1006.3,1001.45874,0.0,14.05845,357.0644,23.4,1006.8,1004.7304,0.0,9.72,360.0,16.919998,1006.4,1004.78754,0.0,9.255571,346.50424,15.4800005
2022-10-30 03:00:00,1006.1,1001.2582,0.0,12.979984,3.179772,24.119999,1006.5,1004.43024,0.0,12.261158,3.3664,20.880001,1006.2,1004.5862,0.0,9.178235,348.6901,15.84
2022-10-30 04:00:00,1006.1,1001.25507,0.0,11.966953,6.9111314,21.96,1006.6,1004.5293,0.0,13.441071,7.695961,23.4,1006.2,1004.58496,0.0,11.298495,337.5205,18.359999
2022-10-30 05:00:00,1006.2,1001.35046,0.0,10.739833,13.5704565,20.16,1006.6,1004.52747,0.0,14.264361,10.175456,24.84,1006.2,1004.5837,0.0,12.413476,343.1415,20.880001
2022-10-30 06:00:00,1006.8,1001.94507,0.0,9.9571085,12.528798,18.0,1007.2,1005.12494,0.0,14.494192,14.381432,25.56,1006.7,1005.0807,0.0,13.138765,350.53775,21.96
2022-10-30 07:00:00,1007.9,1003.0593,0.0,8.311245,17.650223,19.08,1008.1,1006.02844,0.0,16.766108,14.931467,27.0,1007.8,1006.18396,0.0,9.007196,2.2905633,24.119999
2022-10-30 08:00:00,1008.6,1003.777,0.0,9.021574,28.610369,18.72,1008.8,1006.73364,0.0,17.727943,12.907409,31.319998,1008.5,1006.89197,0.0,9.885262,10.491434,19.8
2022-10-30 09:00:00,1008.9,1004.09955,0.0,9.449572,40.364468,21.599998,1009.3,1007.24084,0.0,19.011953,18.778133,33.839996,1008.9,1007.3,0.0,14.578888,20.224945,28.8
2022-10-30 10:00:00,1008.9,1004.12024,0.0,8.209263,52.124958,21.96,1009.2,1007.1467,0.0,17.654688,20.282646,34.2,1009.0,1007.40576,0.0,14.48972,26.564985,30.960001
2022-10-30 11:00:00,1008.5,1003.7317,0.0,6.9153743,51.34017,20.16,1008.8,1006.75256,0.0,15.827721,17.198626,32.399998,1008.5,1006.91064,0.0,13.049689,24.443953,29.88
2022-10-30 12:00:00,1007.5,1002.7454,0.0,4.072935,44.999897,18.359999,1007.9,1005.8573,0.0,15.844089,21.31798,30.599998,1007.5,1005.91437,0.0,12.303366,20.556128,28.08
2022-10-30 13:00:00,1006.7,1001.954,0.0,2.5959969,56.309914,14.4,1007.0,1004.962,0.0,14.182355,23.962492,30.239998,1006.6,1005.0177,0.0,11.726277,17.87879,26.64
2022-10-30 14:00:00,1006.0,1001.25726,0.0,2.9024127,60.255207,12.24,1006.2,1004.1657,0.0,12.397806,25.820946,27.72,1005.9,1004.3194,0.0,11.792404,12.339083,25.919998
2022-10-30 15:00:00,1005.5,1000.7558,0.0,2.0991426,30.963696,11.879999,1005.6,1003.56976,0.0,8.473393,12.26477,23.4,1005.5,1003.9181,0.0,11.726277,17.87879,25.199999
2022-10-30 16:00:00,1005.7,1000.947,0.0,7.289444,200.22495,11.879999,1005.5,1003.4702,0.0,7.2805495,8.530692,16.199999,1005.6,1004.0177,0.0,8.209263,15.255177,23.039999
2022-10-30 17:00:00,1006.3,1001.5015,0.0,13.363711,184.63538,24.48,1006.0,1003.95886,0.0,6.924738,8.97255,11.879999,1006.1,1004.5103,0.0,3.0547013,135.0001,14.04
2022-10-30 18:00:00,1006.9,1002.0811,0.0,7.92,180.0,24.119999,1006.7,1004.6483,0.0,7.2359104,5.7105074,12.24,1006.6,1004.99744,0.0,9.290511,144.46223,16.199999
2022-10-30 19:00:00,1007.4,1002.5642,0.0,5.4119864,183.814,13.679999,1007.5,1005.44763,0.0,11.165805,358.15244,15.84,1007.2,1005.5957,0.0,7.2805495,278.53067,16.199999
2022-10-30 20:00:00,1008.6,1003.7657,0.0,4.510787,208.61037,7.5599995,1008.6,1006.54034,0.0,12.429127,349.99207,21.24,1008.3,1006.692,0.0,7.24486,333.43503,8.28
2022-10-30 21:00:00,1008.8,1003.96783,0.0,2.0364676,135.0001,7.2,1008.9,1006.8344,0.0,12.144331,348.0239,21.24,1008.5,1006.88885,0.0,5.1919937,33.6901,8.64
2022-10-30 22:00:00,1008.5,1003.6533,0.0,3.8268526,138.81418,4.68,1008.6,1006.5336,0.0,10.948973,350.53775,21.24,1008.6,1006.98615,0.0,7.342588,348.6901,10.799999
2022-10-30 23:00:00,1008.4,1003.5651,0.0,2.5455842,188.13002,4.32,1008.6,1006.529,0.0,8.049845,349.69522,19.08,1008.5,1006.88574,0.0,9.0645685,353.15732,15.119999
2022-10-31 00:00:00,1008.4,1003.5594,0.0,1.5273507,135.0001,2.8799999,1008.0,1005.92487,0.0,5.8603754,10.61961,14.4,1008.2,1006.5812,0.0,6.489992,356.82022,15.119999
2022-10-31 01:00:00,1007.8,1002.93713,0.0,4.39436,325.0079,4.32,1007.8,1005.7206,0.0,5.1919937,33.6901,10.440001,1007.7,1006.0801,0.0,7.5685663,2.7262611,12.24
2022-10-31 02:00:00,1007.2,1002.3376,0.0,4.3349743,355.23645,7.5599995,1007.5,1005.4187,0.0,4.8433046,48.01287,9.72,1007.3,1005.6769,0.0,5.8048253,7.12493,12.599999
2022-10-31 03:00:00,1006.7,1001.8349,0.0,5.0528407,355.91446,8.28,1007.0,1004.92035,0.0,6.162207,6.70975,11.879999,1006.7,1005.07416,0.0,5.5887027,345.06854,9.36
2022-10-31 04:00:00,1006.8,1001.9303,0.0,4.802999,347.00537,8.28,1007.0,1004.91876,0.0,5.0911684,351.87,11.879999,1006.8,1005.1723,0.0,7.754637,338.19852,12.24
2022-10-31 05:00:00,1007.0,1002.1269,0.0,5.2416787,344.05453,8.28,1007.2,1005.11865,0.0,6.2145634,349.99207,11.879999,1007.2,1005.57043,0.0,6.830519,341.56494,14.04
2022-10-31 06:00:00,1007.4,1002.52594,0.0,6.9527545,338.74942,11.879999,1007.5,1005.41833,0.0,6.9527545,338.74942,12.24,1007.4,1005.77014,0.0,6.9527545,338.74942,11.5199995
2022-10-31 07:00:00,1008.4,1003.5425,0.0,7.289445,327.09476,12.959999,1008.6,1006.5234,0.0,9.605998,347.00537,18.72,1008.5,1006.87683,0.0,8.350138,352.5687,14.4
2022-10-31 08:00:00,1009.0,1004.16284,0.0,7.42159,345.9637,16.919998,1009.1,1007.0283,0.0,10.594036,350.21765,21.24,1008.9,1007.2888,0.0,7.8625183,344.05453,17.28
2022-10-31 09:00:00,1009.5,1004.69037,0.0,7.208994,2.8623457,18.359999,1009.6,1007.5361,0.0,9.47012,8.746089,21.24,1009.4,1007.79785,0.0,10.105681,355.91446,22.68
2022-10-31 10:00:00,1009.4,1004.61383,0.0,7.208994,2.8623457,18.72,1009.7,1007.6451,0.0,9.693296,21.801476,21.96,1009.5,1007.9052,0.0,9.826088,8.426887,23.4
2022-10-31 11:00:00,1009.0,1004.2324,0.0,6.379216,343.61038,18.72,1009.3,1007.25214,0.0,9.227524,20.556128,22.319998,1009.0,1007.4111,0.0,10.8955765,7.59456,24.48
2022-10-31 12:00:00,1007.9,1003.1508,0.0,7.729527,332.24155,19.44,1008.3,1006.25836,0.0,7.9526596,354.80566,21.24,1007.9,1006.31604,0.0,11.525623,1.7898695,26.28
2022-10-31 13:00:00,1007.2,1002.46045,0.0,9.605998,347.00537,21.96,1007.6,1005.56384,0.0,9.793058,342.8972,21.24,1007.3,1005.7191,0.0,11.367109,349.04596,25.56
2022-10-31 14:00:00,1006.2,1001.46356,0.0,7.289444,339.77505,21.96,1006.4,1004.3682,0.0,11.435313,331.8215,22.68,1006.2,1004.62085,0.0,12.0694,342.64587,25.199999
2022-10-31 15:00:00,1006.2,1001.4594,0.0,5.95906,334.98312,17.28,1006.0,1003.9686,0.0,10.383987,326.3099,22.68,1006.1,1004.5194,0.0,10.587917,342.18103,24.84
2022-10-31 16:00:00,1006.2,1001.451,0.0,5.3999996,306.86996,14.04,1006.1,1004.0659,0.0,7.2,306.86996,18.72,1006.2,1004.61676,0.0,7.24486,333.43503,20.519999
2022-10-31 17:00:00,1006.9,1002.12415,0.0,4.1046314,285.25516,9.72,1006.7,1004.6549,0.0,4.3498964,294.44394,11.5199995,1006.8,1005.20795,0.0,3.8268526,311.18582,12.959999
2022-10-31 18:00:00,1007.5,1002.6974,0.0,6.9899354,258.11136,11.5199995,1007.4,1005.3413,0.0,6.130579,273.3664,9.72,1007.4,1005.79504,0.0,6.830519,251.56496,7.2
2022-10-31 19:00:00,1008.4,1003.58276,0.0,8.4042845,260.13425,11.5199995,1008.5,1006.44116,0.0,8.534353,332.3541,11.159999,1008.4,1006.79694,0.0,8.534353,297.64587,9.0
2022-10-31 20:00:00,1009.8,1004.9833,0.0,7.7879906,123.6901,11.159999,1009.5,1007.43445,0.0,7.42159,320.90613,14.4,1009.5,1007.89014,0.0,6.489992,303.6901,14.04
2022-10-31 21:00:00,1010.5,1005.66327,0.0,11.770403,113.42871,19.8,1010.0,1007.92804,0.0,6.830519,288.43503,12.599999,1010.0,1008.38525,0.0,6.297428,300.96368,9.36
2022-10-31 22:00:00,1010.4,1005.55304,0.0,5.904439,127.568665,21.96,1009.9,1007.8283,0.0,8.049845,280.30478,13.679999,1010.1,1008.48663,0.0,5.8048253,299.74478,10.440001
2022-10-31 23:00:00,1010.2,1005.3385,0.0,4.39436,124.992096,10.08,1009.7,1007.62195,0.0,8.587338,303.02386,14.04,1010.0,1008.37885,0.0,4.0249224,116.56499,6.12
2022-11-01 00:00:00,1009.8,1004.9321,0.0,4.0249224,100.30479,7.5599995,1009.7,1007.62195,0.0,7.5685663,87.27374,12.599999,1009.6,1007.9764,0.0,4.510787,118.61037,9.0
2022-11-01 01:00:00,1009.5,1004.6274,0.0,5.0911684,98.13002,6.8399997,1009.2,1007.12085,0.0,5.154415,114.775116,13.32,1009.1,1007.4762,0.0,5.1544156,102.09474,7.92
2022-11-01 02:00:00,1008.7,1003.83685,0.0,5.3517847,137.72638,9.36,1008.7,1006.6213,0.0,4.0249224,100.30479,7.2,1008.5,1006.8759,0.0,5.0911684,98.13002,6.4799995
2022-11-01 03:00:00,1008.4,1003.5283,0.0,4.072935,135.0001,9.36,1008.3,1006.2246,0.0,2.0991426,30.963696,6.12,1008.3,1006.6727,0.0,5.692099,124.69522,7.92
2022-11-01 04:00:00,1008.5,1003.62555,0.0,3.7585104,106.699326,6.4799995,1008.3,1006.21826,0.0,4.1046314,37.875053,6.12,1008.3,1006.67596,0.0,4.8433046,138.01286,10.08
2022-11-01 05:00:00,1008.9,1004.0237,0.0,3.4152596,108.43504,5.7599998,1008.8,1006.71027,0.0,5.506941,78.6901,8.28,1008.8,1007.1742,0.0,4.379589,99.46225,7.92
2022-11-01 06:00:00,1009.5,1004.6296,0.0,1.484318,75.96373,3.96,1009.3,1007.2092,0.0,4.68,90.0,8.64,1009.2,1007.5767,0.0,4.5536795,108.43504,7.5599995
2022-11-01 07:00:00,1010.3,1005.45026,0.0,4.829907,63.435013,7.5599995,1010.1,1008.0211,0.0,7.8954163,24.227736,10.799999,1010.0,1008.37854,0.0,4.8433046,41.98713,11.879999
2022-11-01 08:00:00,1011.0,1006.1728,0.1,5.95906,64.98315,15.4800005,1010.9,1008.82434,0.0,7.8954163,24.227736,17.64,1010.9,1009.28656,0.0,5.904439,37.568665,15.4800005
2022-11-01 09:00:00,1011.2,1006.39014,0.3,5.154415,65.22488,15.84,1011.3,1009.2291,0.0,6.6185193,22.380184,18.0,1011.2,1009.5946,0.1,5.3999996,53.13002,16.56
2022-11-01 10:00:00,1011.2,1006.40436,0.0,4.072935,44.999897,15.84,1011.5,1009.43384,0.0,5.8603754,10.61961,17.28,1011.2,1009.60004,0.2,5.3999996,36.86998,16.919998
2022-11-01 11:00:00,1010.2,1005.42206,0.0,4.829907,26.564985,15.84,1010.5,1008.4406,0.0,6.519877,6.3401003,17.64,1010.2,1008.6051,0.0,4.452954,14.036275,16.919998
2022-11-01 12:00:00,1009.3,1004.53253,0.0,3.4152596,18.435053,15.84,1009.5,1007.44824,0.0,5.771239,3.5762644,18.0,1009.2,1007.61017,0.1,4.3349743,4.763556,16.199999
2022-11-01 13:00:00,1008.5,1003.74164,0.0,1.835647,11.3098955,14.04,1008.7,1006.6541,0.0,5.4119864,3.8140097,16.919998,1008.4,1006.813,0.1,3.96,360.0,15.84
2022-11-01 14:00:00,1007.4,1002.64856,0.0,3.096837,305.53775,11.5199995,1007.5,1005.4587,0.0,5.5887027,345.06854,15.84,1007.3,1005.71564,0.0,4.5536795,341.56494,14.759999
2022-11-01 15:00:00,1006.9,1002.14923,0.0,2.5455842,261.87,12.24,1006.9,1004.8612,0.0,4.8965297,323.97253,15.119999,1006.8,1005.2158,0.0,3.219938,333.43503,14.4
2022-11-01 16:00:00,1006.9,1002.14386,0.0,3.8939953,236.3099,9.72,1006.7,1004.6603,0.0,4.510787,298.61035,12.959999,1006.6,1005.01575,0.0,1.484318,345.9637,11.159999
2022-11-01 17:00:00,1007.6,1002.8,0.0,10.823973,176.186,19.08,1007.1,1005.05096,0.0,2.9024127,262.8751,9.0,1007.1,1005.51245,0.0,1.8,143.13002,6.12
2022-11-01 18:00:00,1008.4,1003.56824,0.0,13.049689,155.55606,24.48,1007.8,1005.73566,0.0,6.297428,239.03632,9.36,1008.1,1006.49603,0.0,12.261157,139.76372,19.8
2022-11-01 19:00:00,1009.4,1004.5628,0.0,7.4128532,150.9455,23.039999,1008.7,1006.6377,0.0,5.5887027,284.93146,9.72,1008.9,1007.2923,0.0,9.931042,133.53127,23.039999
2022-11-01 20:00:00,1010.4,1005.55457,0.0,8.373386,154.5367,15.84,1009.9,1007.82635,0.0,6.638072,282.5288,8.28,1010.1,1008.4853,0.0,10.948973,136.33215,20.519999
2022-11-01 21:00:00,1010.9,1006.04333,0.0,8.217153,151.1893,15.4800005,1010.5,1008.4235,0.0,5.634891,296.56497,9.0,1010.5,1008.8835,0.0,8.913181,136.63654,18.359999
2022-11-01 22:00:00,1010.7,1005.83453,0.0,8.587338,123.02387,15.119999,1010.5,1008.4282,0.0,3.319036,167.4712,8.64,1010.4,1008.78174,0.0,8.161764,131.42357,15.4800005
2022-11-01 23:00:00,1010.8,1005.929,0.0,6.9153743,128.65984,15.119999,1010.7,1008.6197,0.0,5.3517847,160.34608,9.72,1010.5,1008.8793,0.0,7.7879906,146.3099,14.4
2022-11-02 00:00:00,1010.5,1005.6257,0.0,4.829907,116.56499,11.879999,1010.4,1008.31683,0.0,7.968939,161.56496,13.679999,1010.4,1008.7789,0.0,3.396233,147.99466,12.599999
2022-11-02 01:00:00,1010.3,1005.4175,0.0,5.3517847,109.653915,7.92,1010.2,1008.1128,0.0,9.511088,150.5242,15.84,1010.4,1008.7742,0.7,2.9024127,262.8751,5.7599998
2022-11-02 02:00:00,1009.8,1004.91986,0.0,5.1919937,56.309914,7.5599995,1009.6,1007.5115,0.0,8.373386,154.5367,16.199999,1009.8,1008.17474,0.4,5.315336,208.30066,13.32
2022-11-02 03:00:00,1009.5,1004.6372,0.0,1.0182338,224.9999,5.7599998,1009.3,1007.2108,0.0,5.3517847,160.34608,14.4,1009.3,1007.674,0.1,4.8433046,131.98714,9.36
2022-11-02 04:00:00,1009.4,1004.513,0.0,4.452954,194.03627,5.3999996,1009.2,1007.10693,0.0,4.1046314,142.12495,10.440001,1009.0,1007.37067,0.0,3.8268526,138.81418,9.36
2022-11-02 05:00:00,1009.7,1004.81573,0.0,4.452954,165.96373,7.92,1009.7,1007.6053,0.0,4.198285,149.03632,8.64,1009.5,1007.8679,0.0,5.4833565,156.80138,7.92
2022-11-02 06:00:00,1010.4,1005.5064,0.0,3.7064266,150.9455,7.92,1010.4,1008.3039,0.0,4.198285,149.03632,9.36,1010.3,1008.6695,0.0,1.484318,255.96373,6.4799995
2022-11-02 07:00:00,1011.2,1006.3352,0.0,4.510787,118.61037,10.08,1011.1,1009.0138,0.0,5.3999996,126.86998,9.72,1011.0,1009.376,0.0,2.4149535,116.56499,7.2
2022-11-02 08:00:00,1012.0,1007.1613,0.1,4.32,90.0,12.959999,1012.0,1009.92145,0.1,6.8777895,137.12111,15.84,1011.9,1010.28345,0.1,5.1919937,123.690094,14.04
2022-11-02 09:00:00,1012.2,1007.379,0.3,3.0758414,69.44387,13.32,1012.3,1010.22644,0.2,5.4833565,156.80138,16.56,1012.1,1010.4904,0.3,5.8048253,119.74479,16.919998
2022-11-02 10:00:00,1011.9,1007.0916,0.2,2.5959969,56.309914,13.679999,1011.9,1009.8333,0.1,1.484318,194.03627,15.119999,1011.7,1010.0964,0.2,4.1046314,142.12495,16.919998
2022-11-02 11:00:00,1011.3,1006.50635,0.2,0.71999997,180.0,12.959999,1011.3,1009.23956,0.0,1.835647,258.6901,12.599999,1011.2,1009.601,0.1,3.319036,167.4712,14.759999
2022-11-02 12:00:00,1010.2,1005.4158,0.4,2.4149535,206.56499,12.959999,1010.3,1008.24445,0.0,3.0758414,290.55612,13.679999,1010.0,1008.4048,0.1,2.5455842,188.13002,14.759999
2022-11-02 13:00:00,1009.1,1004.3209,0.5,2.9024127,209.7448,12.959999,1009.1,1007.05,0.0,5.3517847,317.72638,15.84,1008.9,1007.3071,0.2,3.8939953,213.6901,14.4
2022-11-02 14:00:00,1008.0,1003.22925,0.2,3.9763298,275.19434,12.959999,1008.1,1006.05273,0.0,5.6002855,315.0001,16.56,1007.8,1006.212,0.1,4.379589,260.53775,14.759999
2022-11-02 15:00:00,1007.9,1003.1162,0.2,7.42159,202.8337,16.56,1007.6,1005.555,0.0,5.3517847,312.27362,15.4800005,1007.7,1006.1071,0.1,6.725354,164.47583,16.199999
2022-11-02 16:00:00,1008.0,1003.2038,0.3,7.9526596,185.19434,19.8,1007.5,1005.454,0.0,2.8116899,320.1945,13.32,1007.8,1006.2,0.0,9.826088,151.55717,20.880001
2022-11-02 17:00:00,1008.8,1003.9766,0.2,9.360001,202.6199,16.919998,1008.1,1006.04675,0.0,2.1897945,9.462248,7.92,1008.4,1006.7938,0.0,12.397806,154.17906,22.319998
2022-11-02 18:00:00,1009.3,1004.4576,0.1,9.726665,182.12105,17.28,1008.5,1006.44116,0.0,4.3349743,85.23644,6.4799995,1008.8,1007.1864,0.0,12.181624,145.84026,24.48
2022-11-02 19:00:00,1009.4,1004.5553,0.2,10.587918,144.6887,17.28,1008.8,1006.73517,0.0,5.1165614,129.28938,20.519999,1009.1,1007.4882,0.0,12.979984,146.3099,20.880001
2022-11-02 20:00:00,1010.4,1005.55054,0.0,9.422101,136.54811,18.72,1009.9,1007.8302,0.0,15.484185,144.46223,24.84,1010.1,1008.4841,0.0,12.031756,141.07245,23.039999
2022-11-02 21:00:00,1010.8,1005.9438,0.0,7.9036193,120.0685,16.199999,1010.4,1008.31995,0.0,12.594856,149.03632,27.359999,1010.5,1008.88214,0.0,12.229406,132.61403,22.319998
2022-11-02 22:00:00,1010.7,1005.83765,0.0,6.792466,122.00535,13.679999,1010.6,1008.51794,0.0,10.787993,154.2901,21.24,1010.6,1008.97906,0.0,11.200571,135.0001,21.24
2022-11-02 23:00:00,1010.8,1005.9309,0.0,5.904439,127.568665,11.5199995,1010.7,1008.6146,0.0,9.565437,160.20103,18.0,1010.6,1008.9773,0.0,9.686609,131.98714,19.44
2022-11-03 00:00:00,1010.4,1005.5231,0.0,5.1919937,123.690094,10.08,1010.4,1008.31274,0.0,8.427383,160.0168,16.199999,1010.3,1008.67645,0.0,9.0,126.86999,16.919998
2022-11-03 01:00:00,1009.9,1005.02203,0.0,5.3517847,109.653915,8.28,1009.9,1007.81116,0.0,7.4128532,150.9455,15.84,1009.7,1008.07587,0.0,7.24486,116.56499,15.4800005
2022-11-03 02:00:00,1009.4,1004.5285,0.0,6.9899354,101.88863,11.5199995,1009.4,1007.3106,0.0,7.7043357,142.59457,14.04,1009.3,1007.67456,0.0,6.379216,106.38962,12.24
2022-11-03 03:00:00,1009.2,1004.33044,0.0,8.12197,102.80426,14.4,1009.3,1007.2096,0.0,6.1094027,135.0001,13.32,1009.2,1007.57355,0.0,6.0347,107.35411,11.879999
2022-11-03 04:00:00,1009.1,1004.22327,0.0,5.8603754,100.619606,14.04,1009.3,1007.2067,0.0,4.3349743,131.63345,11.159999,1009.1,1007.47205,0.0,5.0142193,111.03758,9.72
2022-11-03 05:00:00,1009.5,1004.6142,0.0,6.519877,96.340096,9.36,1009.7,1007.6044,0.0,4.1046314,127.875046,8.28,1009.5,1007.86865,0.0,5.8048253,97.12492,8.28
2022-11-03 06:00:00,1010.5,1005.614,0.0,5.4119864,86.186005,9.0,1010.6,1008.5021,0.0,4.0249224,116.56499,7.92,1010.4,1008.76843,0.0,4.379589,80.53775,7.2
2022-11-03 07:00:00,1011.3,1006.4414,0.0,6.162207,83.29026,11.5199995,1011.4,1009.3144,0.0,5.2416787,105.945465,10.799999,1011.2,1009.57947,0.0,5.4119864,93.814,10.440001
2022-11-03 08:00:00,1012.0,1007.1567,0.0,7.172949,72.47434,15.84,1012.1,1010.0205,0.0,6.28713,103.24053,15.119999,1011.9,1010.28284,0.0,7.2805495,98.530685,15.4800005
2022-11-03 09:00:00,1012.6,1007.7611,0.0,7.754637,68.19853,16.919998,1012.6,1010.5262,0.0,6.28713,103.24053,16.199999,1012.5,1010.88556,0.0,7.69592,100.784256,16.919998
2022-11-03 10:00:00,1012.6,1007.7715,0.0,6.638072,77.4712,17.28,1012.6,1010.52966,0.0,6.12,118.072395,16.56,1012.5,1010.89136,0.0,8.557102,104.62092,20.880001
2022-11-03 11:00:00,1012.0,1007.19586,0.0,6.519877,83.659904,17.64,1012.0,1009.93286,0.2,5.95906,115.01687,15.84,1011.9,1010.2933,0.0,7.5942073,95.44024,20.16
2022-11-03 12:00:00,1011.0,1006.2015,0.0,8.825508,101.768265,21.599998,1011.0,1008.9396,0.4,4.6800003,112.61991,15.84,1011.0,1009.4017,0.0,9.885262,100.491425,23.4
2022-11-03 13:00:00,1010.4,1005.6018,0.0,6.489992,93.17977,20.880001,1010.3,1008.24384,0.0,4.8965297,126.027466,14.759999,1010.2,1008.6004,0.0,9.3876505,94.39862,23.759998
2022-11-03 14:00:00,1009.7,1004.89514,0.1,6.830519,108.43504,18.72,1009.4,1007.34155,0.0,6.696387,143.74608,14.759999,1009.4,1007.8007,0.1,10.464797,116.56499,25.199999
2022-11-03 15:00:00,1009.4,1004.5931,0.0,6.439876,116.56499,16.56,1009.4,1007.33026,1.1,7.968939,161.56496,18.72,1009.7,1008.0854,4.6,13.5515,163.0091,26.64
2022-11-03 16:00:00,1009.7,1004.8894,1.4,7.5685663,154.65387,14.759999,1009.6,1007.5289,0.7,5.6002855,135.0001,15.84,1009.8,1008.1852,0.6,3.096837,144.46223,25.919998
2022-11-03 17:00:00,1010.6,1005.74316,6.3,5.3517847,109.653915,18.359999,1010.3,1008.2224,0.6,6.5693827,170.53775,16.199999,1010.3,1008.6834,0.1,9.387651,147.52882,15.4800005
2022-11-03 18:00:00,1011.1,1006.2424,0.1,2.5959969,56.309914,9.36,1011.1,1009.0179,0.3,7.968939,161.56496,14.04,1010.9,1009.2786,0.2,5.6002855,135.0001,17.64
2022-11-03 19:00:00,1011.7,1006.83374,0.0,4.896529,107.10281,5.3999996,1011.6,1009.5137,0.0,6.193674,144.46223,14.04,1011.7,1010.0762,0.0,7.172949,162.47433,9.36
2022-11-03 20:00:00,1012.6,1007.72534,1.0,5.3999996,143.13002,9.72,1012.4,1010.3127,0.6,5.6920996,108.43504,12.959999,1012.4,1010.7744,0.2,4.896529,162.89719,13.32
2022-11-03 21:00:00,1012.7,1007.81415,1.7,6.618519,135.0001,15.84,1012.5,1010.4125,0.1,6.162207,96.70974,12.599999,1012.4,1010.77374,0.1,3.8773184,111.801476,9.0
2022-11-03 22:00:00,1012.5,1007.62177,1.9,2.16,90.0,11.5199995,1012.5,1010.4109,0.0,4.1046314,105.25517,11.159999,1012.4,1010.7725,0.0,5.5887027,104.93147,9.72
2022-11-03 23:00:00,1012.2,1007.32477,1.5,2.6208394,105.945465,4.68,1012.2,1010.1125,0.0,3.219938,116.56499,8.28,1012.1,1010.47235,0.0,4.73506,98.74608,9.72
2022-11-04 00:00:00,1011.8,1006.9292,1.0,2.4149535,116.56499,4.32,1011.8,1009.7126,0.0,3.319036,130.60121,6.8399997,1011.6,1009.9724,0.0,6.2145634,79.99209,10.799999
2022-11-04 01:00:00,1011.1,1006.231,0.1,3.8773184,68.19853,5.04,1011.1,1009.01404,0.0,4.5536795,108.43504,9.0,1011.0,1009.37244,0.0,5.815978,68.19853,11.159999
2022-11-04 02:00:00,1010.8,1005.929,0.0,5.5887027,75.068535,7.2,1010.7,1008.61523,0.0,4.6938252,94.39862,9.36,1010.8,1009.1728,0.0,6.489992,70.559875,11.159999
2022-11-04 03:00:00,1010.7,1005.8428,0.0,3.0758414,110.55613,6.4799995,1010.6,1008.51447,0.0,2.8116899,129.80553,9.0,1010.6,1008.9715,0.1,3.9763298,84.805664,11.159999
2022-11-04 04:00:00,1010.8,1005.929,0.0,3.6,143.13002,4.32,1010.8,1008.71405,0.0,2.0991426,149.03632,6.12,1010.7,1009.07117,0.0,3.2399998,90.0,6.8399997
2022-11-04 05:00:00,1011.3,1006.4187,0.0,4.2136917,160.0168,5.7599998,1011.2,1009.11194,0.0,2.2768397,161.56496,5.04,1011.3,1009.66846,0.0,3.0547013,224.9999,4.32
2022-11-04 06:00:00,1012.0,1007.11536,0.0,3.2599385,173.6599,6.12,1012.1,1010.00977,0.0,4.32,180.0,8.28,1012.1,1010.46985,0.0,1.484318,255.96373,4.32
2022-11-04 07:00:00,1012.8,1007.9326,0.0,4.3349743,175.23645,9.36,1012.6,1010.51764,0.1,1.9386592,111.801476,10.799999,1012.8,1011.17377,0.0,8.404285,133.26433,9.36
2022-11-04 08:00:00,1013.2,1008.3519,0.0,2.52,180.0,11.5199995,1013.2,1011.1202,0.0,2.4149535,116.56499,11.5199995,1013.1,1011.48083,0.1,5.3999996,90.0,16.919998
2022-11-04 09:00:00,1013.7,1008.8688,0.1,1.2979984,146.3099,12.959999,1013.9,1011.8213,0.1,1.0182338,135.0001,11.879999,1013.7,1012.08716,0.1,4.0249224,100.30479,18.0
2022-11-04 10:00:00,1013.7,1008.88617,0.1,1.484318,194.03627,16.56,1013.9,1011.82513,0.2,1.8,323.13,12.24,1013.8,1012.1918,0.1,2.1897945,99.46225,18.0
2022-11-04 11:00:00,1012.9,1008.0982,0.1,2.1897945,279.46225,19.44,1013.2,1011.12946,0.2,4.3349743,318.36655,16.199999,1012.9,1011.29443,0.0,2.5959969,33.6901,18.0
2022-11-04 12:00:00,1012.0,1007.2103,0.1,3.6179552,264.2895,21.599998,1012.2,1010.1358,0.1,6.1305785,310.2363,21.599998,1012.0,1010.40283,0.1,2.5455842,98.13002,20.519999
2022-11-04 13:00:00,1010.5,1005.7253,0.1,4.2136917,250.0168,21.599998,1011.0,1008.9392,0.5,8.891343,301.75943,25.56,1010.7,1009.1074,0.1,3.7064266,119.05451,20.16
2022-11-04 14:00:00,1010.5,1005.6919,3.9,13.202726,191.0035,26.28,1010.5,1008.43744,3.9,6.989936,325.4914,25.56,1010.7,1009.08435,3.7,15.226764,173.21112,29.88
2022-11-04 15:00:00,1010.9,1006.0522,0.5,3.2599385,263.6599,29.16,1010.6,1008.5309,1.7,6.12,180.0,19.8,1010.7,1009.0816,0.6,7.8954163,136.8476,29.16
2022-11-04 16:00:00,1011.0,1006.1567,0.0,3.2599385,353.6599,10.08,1010.8,1008.7214,0.6,8.669949,175.23645,19.08,1010.8,1009.183,0.5,1.609969,63.435013,15.84
2022-11-04 17:00:00,1011.8,1006.9415,0.9,6.638072,319.39877,11.5199995,1011.8,1009.7158,1.8,9.693296,158.19853,18.0,1011.6,1009.9757,2.5,7.5685663,2.7262611,18.0
2022-11-04 18:00:00,1012.6,1007.7294,0.1,5.8603754,349.3804,20.16,1012.7,1010.6092,2.6,4.2136917,160.0168,17.28,1012.4,1010.7725,0.6,5.8603754,42.510403,16.919998
2022-11-04 19:00:00,1012.8,1007.9317,0.0,5.154415,24.775122,10.440001,1012.9,1010.8063,0.3,10.495713,112.1664,6.8399997,1012.5,1010.87427,0.1,4.6938257,57.528828,11.159999
2022-11-04 20:00:00,1014.0,1009.1252,0.1,5.6233797,39.805527,10.08,1014.1,1012.0053,8.7,4.1046314,285.25516,20.16,1013.8,1012.1702,0.0,3.671294,78.6901,8.28
2022-11-04 21:00:00,1014.5,1009.6203,0.0,6.151683,20.556128,10.799999,1014.6,1012.5075,0.7,4.3349743,311.63345,8.64,1014.4,1012.7693,0.0,4.6102495,38.65983,8.28
2022-11-04 22:00:00,1014.6,1009.7107,0.0,4.452954,14.036275,10.440001,1014.3,1012.209,0.1,3.319036,49.398785,10.08,1014.3,1012.66943,0.0,4.8965297,53.972538,8.64
2022-11-04 23:00:00,1014.4,1009.5044,0.0,5.634891,26.564985,7.5599995,1014.2,1012.109,0.0,5.904439,52.431335,11.159999,1014.2,1012.5693,0.0,5.0142193,68.96242,9.0
2022-11-05 00:00:00,1013.9,1009.0093,0.0,5.495161,58.392544,8.64,1013.8,1011.70844,0.0,6.439876,63.435013,12.599999,1013.8,1012.16797,0.0,5.2416787,74.054535,9.36
2022-11-05 01:00:00,1013.1,1008.21564,0.0,5.00128,59.743652,6.4799995,1013.0,1010.9082,0.0,5.315336,61.69934,11.879999,1012.9,1011.26764,0.0,5.0142193,68.96242,9.36
2022-11-05 02:00:00,1012.1,1007.21387,0.0,5.0911684,44.999897,6.12,1012.1,1010.00885,0.0,4.2136917,70.01681,10.440001,1012.0,1010.3671,0.0,4.452954,75.96373,9.36
2022-11-05 03:00:00,1011.8,1006.92096,0.0,4.6800003,22.61991,6.12,1012.0,1009.9056,0.0,3.7064266,60.94549,8.28,1012.0,1010.3652,0.0,3.6,53.13002,7.92
2022-11-05 04:00:00,1012.1,1007.2252,0.0,0.71999997,270.0,5.3999996,1012.1,1010.00476,0.0,4.0249224,63.435013,7.2,1012.0,1010.36426,0.0,4.1046314,37.875053,6.4799995
2022-11-05 05:00:00,1012.1,1007.222,0.0,2.9024127,352.87506,3.2399998,1012.2,1010.10675,0.0,3.8268526,41.185837,7.5599995,1012.1,1010.4631,0.0,4.6102495,38.65983,6.12
2022-11-05 06:00:00,1012.8,1007.9155,0.0,2.5455842,315.0001,3.6,1012.9,1010.80725,0.0,4.6800003,22.61991,9.0,1012.8,1011.162,0.0,4.8433046,41.98713,6.4799995
2022-11-05 07:00:00,1013.6,1008.71893,0.0,0.71999997,360.0,9.0,1013.5,1011.4114,0.0,3.0758414,69.44387,14.4,1013.3,1011.67224,0.0,5.4833565,66.801384,7.92
2022-11-05 08:00:00,1014.4,1009.5446,0.0,3.8773184,21.801476,12.599999,1014.4,1012.3165,0.0,4.5820518,44.999897,18.0,1014.2,1012.5797,0.0,5.5887027,75.068535,15.119999
2022-11-05 09:00:00,1015.0,1010.16315,0.0,3.8939953,56.3099,13.32,1015.1,1013.02106,0.0,5.315336,28.30066,20.880001,1014.9,1013.28625,0.0,5.506941,78.6901,16.199999
2022-11-05 10:00:00,1014.9,1010.07983,0.0,4.072935,44.999897,18.359999,1015.1,1013.0277,0.0,5.2416787,15.945477,21.96,1014.8,1013.19336,0.0,5.3517847,70.346085,20.880001
2022-11-05 11:00:00,1014.1,1009.2988,0.0,3.8939953,33.6901,18.72,1014.4,1012.3342,0.0,4.0249224,10.304792,21.96,1014.1,1012.4989,0.1,5.815978,68.19853,21.599998
2022-11-05 12:00:00,1012.9,1008.1115,0.1,3.8939953,33.6901,18.359999,1013.1,1011.04065,0.0,5.2416787,15.945477,20.519999,1012.8,1011.20325,0.0,6.0347,72.64589,21.599998
2022-11-05 13:00:00,1012.0,1007.2205,0.0,5.00128,59.743652,14.759999,1011.8,1009.74646,0.0,3.8268526,41.185837,20.880001,1011.7,1010.1062,0.0,6.379216,73.61038,21.96
2022-11-05 14:00:00,1010.9,1006.124,0.0,3.4152596,71.564964,15.4800005,1010.9,1008.8502,0.0,3.219938,63.435013,18.0,1010.8,1009.2076,0.1,6.379216,106.38962,21.96
2022-11-05 15:00:00,1010.5,1005.7228,0.1,5.8048253,97.12492,14.4,1010.5,1008.45294,0.0,4.1046314,142.12495,16.919998,1010.4,1008.80634,0.1,6.193674,125.537766,20.880001
2022-11-05 16:00:00,1010.7,1005.9086,0.0,5.04,90.0,14.759999,1010.9,1008.8446,0.1,5.8048253,7.12493,16.56,1010.5,1008.9027,0.1,5.2416787,105.945465,18.72
2022-11-05 17:00:00,1012.6,1007.762,4.1,9.957108,139.39879,18.0,1013.3,1011.2127,6.9,7.9932976,82.234924,20.519999,1013.2,1011.57666,12.2,5.3999996,306.86996,14.4
2022-11-05 18:00:00,1013.8,1008.9253,7.3,8.049845,280.30478,19.08,1013.7,1011.61316,1.5,4.5820518,44.999897,14.04,1013.3,1011.6755,0.7,4.3349743,41.63345,15.119999
2022-11-05 19:00:00,1013.6,1008.7344,0.6,3.4152596,18.435053,15.119999,1013.9,1011.8108,0.6,4.510787,241.38963,12.599999,1013.6,1011.96643,0.5,10.105681,4.085537,13.679999
2022-11-05 20:00:00,1014.9,1010.0298,0.1,8.217153,331.1893,15.84,1015.3,1013.20886,1.5,2.8799999,270.0,11.159999,1014.7,1013.0679,0.4,4.896529,342.8972,19.8
2022-11-05 21:00:00,1015.3,1010.4206,0.0,8.557102,345.3791,15.119999,1015.7,1013.60614,1.7,5.1544156,282.09473,9.36,1015.3,1013.66785,0.1,9.107359,341.56494,15.84
2022-11-05 22:00:00,1015.5,1010.6083,0.0,6.5693827,350.53775,15.119999,1015.5,1013.4063,0.2,3.6,323.13,10.08,1015.4,1013.7677,0.0,4.8965297,323.97253,13.679999
2022-11-05 23:00:00,1015.2,1010.30304,0.0,7.8625183,344.05453,13.679999,1015.6,1013.50543,0.1,10.495713,337.8336,18.359999,1015.3,1013.66626,0.0,5.495161,328.39255,10.08
2022-11-06 00:00:00,1014.6,1009.6951,0.0,5.1919937,326.3099,13.679999,1014.7,1012.606,0.0,9.227524,339.44388,19.44,1014.5,1012.8662,0.0,5.634891,333.43503,11.159999
2022-11-06 01:00:00,1013.8,1008.8965,0.0,6.792466,327.99466,11.5199995,1014.0,1011.9049,0.0,9.793059,323.97253,17.64,1013.8,1012.16614,0.0,6.696387,323.74606,11.5199995
2022-11-06 02:00:00,1012.8,1007.8988,0.0,6.763786,334.79892,12.959999,1012.8,1010.7049,0.0,5.8048253,330.25522,18.0,1012.7,1011.06757,0.0,7.491114,324.78232,14.04
2022-11-06 03:00:00,1012.5,1007.6012,0.0,6.489992,340.55988,11.5199995,1012.4,1010.3051,0.0,6.9247384,332.1028,12.959999,1012.3,1010.6669,0.0,6.28713,336.3706,13.32
2022-11-06 04:00:00,1012.3,1007.40216,0.0,7.24486,333.43503,13.32,1012.3,1010.20557,0.0,8.28,360.0,15.4800005,1012.1,1010.46655,0.0,6.4799995,360.0,11.159999
2022-11-06 05:00:00,1012.5,1007.6003,0.0,6.725354,344.47583,12.959999,1012.6,1010.5055,0.0,11.966953,6.9111314,20.519999,1012.3,1010.66565,0.0,7.9932976,7.7650824,14.4
2022-11-06 06:00:00,1012.9,1007.9993,0.0,6.4799995,360.0,11.159999,1012.7,1010.60535,0.0,13.039754,6.3401003,23.4,1012.7,1011.0641,0.0,7.771331,13.392516,14.4
2022-11-06 07:00:00,1013.8,1008.92267,0.0,8.557102,345.3791,18.359999,1013.7,1011.6129,0.0,10.948973,9.462261,23.039999,1013.8,1012.1702,0.0,7.628263,19.290138,19.08
2022-11-06 08:00:00,1014.6,1009.74005,0.0,8.654986,343.0724,19.08,1014.3,1012.21576,0.0,9.19939,30.579157,20.16,1014.4,1012.7794,0.0,8.707238,7.12493,19.08
2022-11-06 09:00:00,1014.5,1009.66016,0.0,7.208994,2.8623457,19.44,1014.4,1012.32025,0.0,9.686609,41.98713,20.880001,1014.3,1012.6865,0.0,9.0,16.26028,20.519999
2022-11-06 10:00:00,1014.1,1009.2805,0.0,3.8773184,21.801476,18.0,1014.4,1012.3247,0.0,7.10031,30.465475,20.880001,1014.1,1012.49286,0.0,8.427383,19.983198,20.880001
2022-11-06 11:00:00,1013.2,1008.3983,0.0,2.4149535,63.435013,14.4,1013.5,1011.43134,0.0,6.849467,3.0127327,17.64,1013.1,1011.4995,0.0,6.130579,356.6336,20.16
2022-11-06 12:00:00,1012.4,1007.6107,0.0,2.9024127,82.875084,14.04,1012.6,1010.5382,0.0,6.725354,344.47583,17.64,1012.2,1010.6045,0.0,5.2416787,344.05453,18.0
2022-11-06 13:00:00,1011.3,1006.5221,0.0,2.2768397,71.564964,13.679999,1011.4,1009.3442,0.0,6.763786,334.79892,18.0,1011.1,1009.50903,0.0,3.7585104,343.3007,18.359999
2022-11-06 14:00:00,1010.4,1005.635,0.0,2.52,90.0,12.599999,1010.6,1008.5473,0.0,5.315336,331.69934,17.28,1010.3,1008.7106,0.0,2.3051248,308.65982,16.56
2022-11-06 15:00:00,1009.5,1004.7417,0.0,1.1384199,161.56496,11.5199995,1009.6,1007.5509,0.0,2.9024127,352.87506,14.759999,1009.4,1007.81177,0.0,0.8049845,296.56497,14.759999
2022-11-06 16:00:00,1010.2,1005.3959,0.9,12.324414,173.29025,23.759998,1009.7,1007.6505,0.0,2.6208394,344.05453,10.799999,1009.8,1008.2045,1.7,6.696387,126.25393,12.959999
2022-11-06 17:00:00,1010.7,1005.8764,0.1,8.350138,187.43132,23.4,1010.3,1008.24664,0.0,1.8,233.13002,7.92,1010.9,1009.28284,4.4,4.1046314,142.12495,24.48
2022-11-06 18:00:00,1011.7,1006.85754,0.0,4.072935,224.9999,14.759999,1011.9,1009.8122,4.8,13.044722,129.40063,29.519999,1011.8,1010.1798,0.3,3.4152596,198.43504,9.36
2022-11-06 19:00:00,1012.9,1008.0461,0.0,1.9386592,21.801476,6.4799995,1012.6,1010.5179,0.1,19.011953,71.22187,21.599998,1012.4,1010.7782,0.1,5.991594,147.26479,6.4799995
2022-11-06 20:00:00,1013.4,1008.54584,0.1,3.8939953,326.3099,6.4799995,1013.7,1011.61096,0.9,4.1046314,127.875046,31.319998,1013.3,1011.67865,0.0,4.8433046,131.98714,10.08
2022-11-06 21:00:00,1013.3,1008.43835,0.0,4.829907,296.56497,9.36,1013.4,1011.3103,0.3,3.5455887,113.962494,8.28,1013.3,1011.67474,0.0,2.8799999,360.0,5.3999996
2022-11-06 22:00:00,1013.0,1008.12915,0.0,2.8799999,270.0,8.64,1013.0,1010.91364,0.1,4.452954,165.96373,7.5599995,1013.0,1011.37213,0.0,3.096837,324.46225,5.04
2022-11-06 23:00:00,1013.0,1008.1244,0.0,3.8939953,303.6901,5.7599998,1013.2,1011.11395,0.0,1.4399999,360.0,9.0,1013.0,1011.37115,0.0,3.671294,258.6901,4.68
2022-11-07 00:00:00,1012.7,1007.8224,0.0,3.319036,310.60123,6.12,1013.0,1010.91614,0.0,2.5455842,8.130019,4.68,1012.7,1011.0701,0.0,3.096837,305.53775,5.3999996
2022-11-07 01:00:00,1011.9,1007.02466,0.0,4.072935,315.0001,6.8399997,1012.0,1009.90967,0.0,4.8433046,311.98712,6.8399997,1011.8,1010.1721,0.0,5.1165614,309.28937,8.64
2022-11-07 02:00:00,1011.3,1006.4243,0.0,5.3999996,323.13004,9.36,1011.4,1009.31323,0.0,4.0249224,333.43503,8.28,1011.2,1009.57214,0.0,4.8433046,311.98712,8.64
2022-11-07 03:00:00,1010.9,1006.0207,0.0,5.95906,334.98312,10.799999,1010.8,1008.71594,0.0,5.506941,348.6901,10.799999,1010.6,1008.97186,0.0,5.1165614,320.7106,9.36
2022-11-07 04:00:00,1010.8,1005.91504,0.0,4.6800003,337.3801,10.440001,1010.7,1008.6146,0.0,5.4119864,356.186,11.879999,1010.7,1009.0698,0.0,4.0249224,349.69522,8.64
2022-11-07 05:00:00,1011.1,1006.2064,0.0,5.00128,329.74365,7.92,1011.0,1008.9105,0.0,4.0249224,10.304792,11.159999,1011.0,1009.3672,0.0,4.32,360.0,6.4799995
2022-11-07 06:00:00,1011.7,1006.8107,0.0,3.396233,302.00534,6.12,1011.6,1009.50757,0.0,4.2136917,19.983198,8.28,1011.6,1009.9652,0.0,4.3349743,355.23645,7.2
2022-11-07 07:00:00,1012.4,1007.5336,0.0,3.096837,305.53775,9.72,1012.4,1010.3206,0.0,3.319036,347.4712,11.5199995,1012.3,1010.67676,0.0,4.6102495,308.65982,10.08
2022-11-07 08:00:00,1013.3,1008.45514,0.0,3.8268526,311.18582,12.24,1013.0,1010.9247,0.1,5.4119864,3.8140097,14.04,1013.1,1011.48553,0.0,3.8268526,311.18582,14.04
2022-11-07 09:00:00,1013.7,1008.8726,0.0,3.319036,310.60123,13.32,1013.5,1011.43,0.0,6.6087217,29.357658,17.28,1013.4,1011.79114,0.0,2.3051248,321.34018,12.599999
2022-11-07 10:00:00,1013.4,1008.59393,0.0,0.71999997,360.0,12.599999,1013.2,1011.137,0.0,6.3690495,42.709366,18.0,1013.2,1011.5965,0.2,1.8,360.0,12.24
2022-11-07 11:00:00,1012.6,1007.81287,0.1,1.2979984,146.3099,11.159999,1012.6,1010.5429,0.0,3.8268526,41.185837,17.64,1012.5,1010.90204,0.0,0.0,270.0,12.24
2022-11-07 12:00:00,1011.7,1006.9273,0.0,2.5455842,171.86998,12.599999,1011.8,1009.7487,0.0,2.1897945,9.462248,14.759999,1011.7,1010.1068,0.0,0.0,270.0,11.879999
2022-11-07 13:00:00,1010.7,1005.93915,0.0,2.2768397,198.43504,12.599999,1010.8,1008.7523,0.0,2.1897945,350.53775,12.959999,1010.6,1009.00946,0.2,0.8049845,26.564985,11.879999
2022-11-07 14:00:00,1009.4,1004.6476,0.0,3.8939953,236.3099,12.959999,1009.5,1007.45746,0.0,1.9386592,338.19852,12.24,1009.4,1007.8124,0.2,0.35999998,90.0,10.799999
2022-11-07 15:00:00,1008.7,1003.947,0.0,4.3349743,221.63345,13.32,1008.7,1006.65875,0.0,1.9386592,21.801476,11.159999,1008.5,1006.91376,0.1,2.16,90.0,10.440001
2022-11-07 16:00:00,1008.4,1003.63904,0.0,3.8939953,213.6901,11.879999,1008.3,1006.2586,0.0,3.319036,49.398785,9.72,1008.2,1006.6114,0.0,3.0758414,110.55613,10.440001
2022-11-07 17:00:00,1009.3,1004.5118,0.0,4.510787,208.61037,9.36,1009.2,1007.14923,0.0,2.5959969,56.309914,8.64,1009.4,1007.7975,0.0,9.178235,221.82008,15.84
2022-11-07 18:00:00,1010.3,1005.48804,0.0,8.225035,203.19861,12.959999,1010.2,1008.1434,0.0,2.968636,194.03627,3.6,1010.7,1009.079,0.9,12.661564,284.8265,28.8
2022-11-07 19:00:00,1011.4,1006.56616,0.0,5.3999996,216.86998,15.4800005,1011.0,1008.9336,0.0,3.6,233.13002,15.84,1011.0,1009.3801,0.1,4.5536795,198.43504,20.880001
2022-11-07 20:00:00,1012.2,1007.3542,0.2,8.311245,184.96965,14.4,1011.9,1009.8244,0.1,7.928178,182.60251,12.959999,1012.0,1010.3772,0.0,8.557102,165.37909,13.32
2022-11-07 21:00:00,1012.6,1007.7417,0.0,8.12197,167.19574,14.4,1012.1,1010.0158,0.0,11.570515,174.64427,19.44,1012.4,1010.7735,0.0,7.8625183,195.94547,20.880001
2022-11-07 22:00:00,1012.4,1007.5377,0.0,4.452954,165.96373,14.4,1012.2,1010.11597,0.0,9.028754,175.42616,20.519999,1012.2,1010.5738,0.0,5.8048253,150.2552,13.32
2022-11-07 23:00:00,1012.4,1007.5314,0.0,4.8433046,131.98714,6.8399997,1012.5,1010.4146,0.0,2.968636,165.96373,15.119999,1012.2,1010.5722,0.0,3.7585104,163.30067,11.159999
2022-11-08 00:00:00,1012.3,1007.42834,0.0,3.96,180.0,5.7599998,1012.3,1010.2144,0.1,7.072878,194.7436,13.679999,1012.3,1010.67035,0.0,2.8799999,270.0,6.4799995
2022-11-08 01:00:00,1011.6,1006.72766,0.0,3.0758414,249.44386,5.3999996,1011.8,1009.712,0.0,2.9024127,209.7448,12.959999,1011.7,1010.0721,0.0,3.7585104,286.6993,5.3999996
2022-11-08 02:00:00,1010.6,1005.72925,0.0,3.6179552,275.7105,6.4799995,1010.7,1008.613,0.0,2.6208394,195.94547,5.7599998,1010.5,1008.87305,0.1,3.4152596,251.56496,6.4799995
2022-11-08 03:00:00,1010.0,1005.129,0.0,2.968636,284.03625,5.7599998,1010.0,1007.9126,0.0,3.0758414,200.55612,6.12,1009.9,1008.27344,0.0,4.2136917,289.9832,7.2
2022-11-08 04:00:00,1009.9,1005.03015,0.0,3.8268526,311.18582,6.8399997,1009.8,1007.7107,0.0,3.7064266,209.0545,6.4799995,1009.7,1008.0705,0.0,4.829907,296.56497,7.5599995
2022-11-08 05:00:00,1010.2,1005.32404,0.0,4.3498964,335.55606,6.4799995,1010.0,1007.9138,0.0,3.319036,220.60121,6.4799995,1009.9,1008.2715,0.0,4.0249224,296.56497,7.2
2022-11-08 06:00:00,1010.8,1005.9242,0.0,2.968636,345.9637,6.12,1010.6,1008.51733,0.0,2.0364676,44.999897,5.3999996,1010.5,1008.87146,0.0,1.2979984,33.6901,4.32
2022-11-08 07:00:00,1012.2,1007.3412,0.0,5.5887027,345.06854,9.0,1012.0,1009.92145,0.0,5.1919937,33.6901,12.24,1012.0,1010.3763,0.0,2.5959969,33.6901,9.0
2022-11-08 08:00:00,1013.0,1008.1592,0.0,5.154415,335.22488,15.84,1012.9,1010.82623,0.1,7.42159,50.906155,16.56,1013.0,1011.38354,0.0,2.9024127,7.12493,11.879999
2022-11-08 09:00:00,1013.4,1008.5791,0.1,6.6185193,337.6198,17.64,1013.4,1011.3309,0.1,7.653705,41.185837,17.64,1013.3,1011.6913,0.0,4.73506,351.2539,15.119999
2022-11-08 10:00:00,1013.0,1008.2025,0.0,5.495161,328.39255,17.64,1013.3,1011.23773,0.1,7.491114,35.217674,18.72,1013.1,1011.4979,0.1,7.5170207,16.699326,18.359999
2022-11-08 11:00:00,1012.2,1007.4274,0.0,5.3517847,340.3461,17.28,1012.6,1010.5458,0.0,8.217153,28.810698,19.44,1012.4,1010.8045,0.1,8.707237,29.744795,21.24
2022-11-08 12:00:00,1010.8,1006.05096,0.0,5.04,360.0,16.56,1011.2,1009.1531,0.0,8.209263,15.255177,19.8,1010.9,1009.3106,0.0,7.8625183,15.945477,20.880001
2022-11-08 13:00:00,1009.7,1004.9648,0.0,3.7064266,29.054508,15.119999,1010.0,1007.9602,0.0,9.346143,15.642312,20.16,1009.8,1008.21576,0.0,8.4042845,9.865748,20.16
2022-11-08 14:00:00,1008.5,1003.7688,0.0,2.2768397,71.564964,12.959999,1008.8,1006.76526,0.0,9.983106,25.640957,20.880001,1008.7,1007.1173,0.0,7.9526596,5.19435,20.16
2022-11-08 15:00:00,1007.8,1003.07135,0.0,1.2979984,56.309914,10.440001,1008.0,1005.9681,0.0,7.5685663,25.346138,20.16,1007.9,1006.31854,0.0,7.69592,349.21573,18.0
2022-11-08 16:00:00,1007.9,1003.16095,0.0,1.8,126.86999,7.5599995,1007.9,1005.86926,0.0,4.510787,28.610369,15.119999,1008.0,1006.4155,0.0,7.172949,342.47433,16.199999
2022-11-08 17:00:00,1008.4,1003.6337,0.0,2.8799999,180.0,7.5599995,1008.1,1006.0618,0.0,1.8,90.0,7.5599995,1008.3,1006.70685,0.0,4.6102495,321.34018,12.599999
2022-11-08 18:00:00,1009.0,1004.1975,0.0,5.04,180.0,8.28,1008.6,1006.56024,0.0,3.219938,243.43501,3.6,1008.8,1007.2079,0.0,0.71999997,180.0,6.12
2022-11-08 19:00:00,1010.2,1005.38544,0.0,10.182337,171.86998,23.759998,1009.8,1007.7493,0.0,2.9024127,240.2552,5.04,1009.8,1008.1915,0.0,4.3498964,204.44394,6.8399997
2022-11-08 20:00:00,1011.0,1006.1697,0.0,12.43434,157.8905,24.119999,1010.7,1008.63983,0.0,4.379589,279.46225,6.12,1010.7,1009.09076,0.0,6.28713,166.75948,9.0
2022-11-08 21:00:00,1011.4,1006.56055,0.0,8.913181,136.63654,22.319998,1011.0,1008.932,0.0,5.8048253,330.25522,7.5599995,1011.1,1009.48596,0.0,11.4862,147.80429,19.44
2022-11-08 22:00:00,1011.6,1006.74554,0.0,5.771239,86.423744,15.119999,1011.1,1009.02856,0.0,5.937272,14.036275,10.08,1011.3,1009.6843,0.0,8.891344,158.62932,19.44
2022-11-08 23:00:00,1011.9,1007.0566,0.0,2.1897945,99.46225,6.4799995,1011.9,1009.8277,0.0,7.172949,72.47434,12.599999,1011.8,1010.18256,0.0,6.87779,173.99109,15.119999
2022-11-09 00:00:00,1011.4,1006.54346,0.0,2.8799999,180.0,3.2399998,1011.6,1009.5215,0.0,7.386582,133.02507,14.759999,1011.5,1009.8777,0.0,5.0142193,201.03758,11.159999
2022-11-09 01:00:00,1010.7,1005.83203,0.0,4.072935,224.9999,5.7599998,1010.7,1008.6193,0.0,8.12197,167.19574,14.04,1010.7,1009.079,0.0,6.1305785,220.23628,13.679999
2022-11-09 02:00:00,1009.9,1005.03015,0.0,4.68,270.0,6.12,1009.8,1007.71826,0.0,8.4042845,170.13426,14.759999,1009.8,1008.1782,0.1,4.198285,239.0363,10.440001
2022-11-09 03:00:00,1009.5,1004.6434,0.0,3.0547013,315.0001,6.8399997,1009.3,1007.2177,0.0,7.2359104,185.7105,14.4,1009.3,1007.6794,0.0,6.1094027,224.9999,10.08
2022-11-09 04:00:00,1009.6,1004.7325,0.0,3.671294,281.3099,3.96,1009.3,1007.21497,0.0,5.4119864,176.186,12.599999,1009.3,1007.67804,0.0,5.3517847,222.27362,10.799999
2022-11-09 05:00:00,1010.3,1005.4333,0.0,2.9024127,262.8751,4.32,1010.0,1007.91223,0.0,5.95906,154.98314,11.159999,1010.0,1008.3732,0.0,6.9153743,218.65984,8.64
2022-11-09 06:00:00,1010.9,1006.0253,0.0,3.5455887,293.9625,4.32,1010.8,1008.7102,0.0,4.6102495,141.34016,11.159999,1010.7,1009.07294,0.0,5.3999996,233.13002,8.28
2022-11-09 07:00:00,1011.2,1006.34595,0.0,5.1919937,326.3099,9.36,1011.1,1009.0198,0.0,3.8773184,68.19853,12.599999,1010.9,1009.2813,0.0,3.7064266,299.0545,7.92
2022-11-09 08:00:00,1012.1,1007.2675,0.3,3.5455887,336.0375,15.4800005,1011.9,1009.8277,0.0,9.422101,46.54811,19.08,1011.9,1010.2873,0.0,2.16,270.0,10.799999
2022-11-09 09:00:00,1012.8,1007.985,0.3,1.609969,333.43503,12.24,1012.8,1010.73303,0.0,9.726664,51.009003,20.519999,1012.6,1010.99426,0.0,1.1384199,288.43503,11.159999
2022-11-09 10:00:00,1012.6,1007.8044,0.1,0.5091169,44.999897,10.799999,1012.7,1010.639,0.0,9.178235,41.82009,20.880001,1012.5,1010.90106,0.0,1.5273507,44.999897,11.5199995
2022-11-09 11:00:00,1011.9,1007.12317,0.0,2.2768397,251.56496,12.599999,1012.2,1010.1457,0.0,7.9036193,30.068504,20.880001,1011.9,1010.3063,0.1,1.8,90.0,12.599999
2022-11-09 12:00:00,1010.9,1006.13824,0.0,1.5273507,224.9999,12.959999,1011.1,1009.05133,0.0,6.5693827,9.462261,19.44,1010.9,1009.31,0.1,1.835647,101.3099,12.599999
2022-11-09 13:00:00,1010.2,1005.4479,0.0,2.9024127,187.12492,12.959999,1010.2,1008.1563,0.0,5.5887027,14.931467,17.64,1010.0,1008.4133,0.1,2.5959969,123.690094,12.959999
2022-11-09 14:00:00,1009.5,1004.75397,0.0,1.8,216.86998,12.959999,1009.7,1007.659,0.0,4.3349743,48.366554,15.84,1009.4,1007.8149,0.0,3.0758414,110.55613,12.959999
2022-11-09 15:00:00,1008.7,1003.95715,0.0,0.8049845,333.43503,14.759999,1008.9,1006.8603,0.0,4.072935,44.999897,13.32,1008.7,1007.11597,0.0,2.0991426,120.96369,14.759999
2022-11-09 16:00:00,1008.8,1004.0466,0.2,2.16,90.0,12.24,1008.8,1006.75854,0.0,4.8965297,53.972538,11.159999,1008.6,1007.0149,0.0,2.52,90.0,9.72
2022-11-09 17:00:00,1009.2,1004.42896,0.0,3.8939953,123.6901,7.2,1009.0,1006.95026,0.0,3.671294,78.6901,9.36,1009.0,1007.4076,0.0,3.6179552,84.2895,7.5599995
2022-11-09 18:00:00,1010.2,1005.39276,0.0,5.634891,153.43501,9.0,1009.8,1007.73987,0.0,5.6233797,129.80553,8.64,1009.9,1008.29645,0.0,5.4477882,82.40546,6.8399997
2022-11-09 19:00:00,1010.6,1005.78827,0.0,6.379216,163.61038,11.159999,1010.2,1008.1406,0.0,5.8603754,169.3804,10.08,1010.4,1008.79877,0.0,4.73506,81.25392,10.440001
2022-11-09 20:00:00,1011.7,1006.87427,0.0,7.0911775,156.0375,14.4,1011.1,1009.03467,0.0,5.4833565,203.19862,9.36,1011.4,1009.7943,0.0,6.9527545,158.74942,10.08
2022-11-09 21:00:00,1012.1,1007.25867,0.0,5.154415,155.22488,12.24,1011.5,1009.43256,0.0,5.8048253,172.87508,10.440001,1011.8,1010.18835,0.0,12.10157,157.249,20.519999
2022-11-09 22:00:00,1011.8,1006.9494,0.0,4.3349743,138.36655,8.64,1011.8,1009.73035,0.0,5.8048253,150.2552,10.08,1011.6,1009.9858,0.0,9.360001,157.3801,20.519999
2022-11-09 23:00:00,1011.6,1006.758,0.0,2.6208394,164.05453,6.4799995,1011.8,1009.7281,0.0,3.96,180.0,7.92,1011.6,1009.9823,0.0,3.8939953,146.3099,15.84
2022-11-10 00:00:00,1011.4,1006.5425,0.0,3.319036,257.4712,3.96,1011.4,1009.3239,0.0,7.289444,159.77505,12.599999,1011.4,1009.7813,0.0,4.379589,189.46225,5.3999996
2022-11-10 01:00:00,1010.5,1005.6437,0.0,4.1046314,285.25516,5.04,1010.4,1008.3228,0.0,7.386582,136.97493,13.32,1010.4,1008.78235,0.0,1.609969,296.56497,5.04
2022-11-10 02:00:00,1009.9,1005.0415,0.0,4.39436,304.9921,6.4799995,1009.8,1007.7196,0.0,4.3349743,138.36655,12.599999,1009.8,1008.1836,0.0,2.1897945,260.53775,2.52
2022-11-10 03:00:00,1009.4,1004.53986,0.0,5.1165614,309.28937,6.8399997,1009.5,1007.42487,0.0,1.835647,78.6901,6.8399997,1009.2,1007.58307,0.0,1.484318,104.03627,2.8799999
2022-11-10 04:00:00,1009.1,1004.2391,0.0,5.315336,331.69934,6.8399997,1009.2,1007.11926,0.0,4.2136917,70.01681,6.12,1008.9,1007.2778,0.0,3.4152596,18.435053,5.04
2022-11-10 05:00:00,1009.1,1004.23553,0.0,5.3517847,340.3461,6.8399997,1009.2,1007.117,0.0,5.1919937,56.309914,7.92,1009.1,1007.4758,0.0,4.1046314,344.7448,7.92
2022-11-10 06:00:00,1010.0,1005.129,0.0,5.4477882,352.40543,7.5599995,1010.0,1007.9176,0.0,4.1046314,52.124958,8.28,1009.9,1008.27344,0.0,4.896529,342.8972,6.4799995
2022-11-10 07:00:00,1010.8,1005.964,0.0,2.3051248,51.34017,8.28,1010.8,1008.72894,0.0,8.699793,65.55606,15.4800005,1010.8,1009.1846,0.0,2.5959969,33.6901,9.72
2022-11-10 08:00:00,1011.9,1007.08624,0.0,3.671294,101.3099,12.24,1011.9,1009.8314,0.0,9.793059,53.972538,19.08,1011.8,1010.19244,0.0,1.835647,11.3098955,10.08
2022-11-10 09:00:00,1012.5,1007.7039,0.0,3.319036,139.39879,20.880001,1012.6,1010.5357,0.0,8.435069,50.194473,19.44,1012.4,1010.7985,0.0,1.2979984,33.6901,11.159999
2022-11-10 10:00:00,1012.1,1007.3231,0.0,2.0991426,210.96368,22.319998,1012.4,1010.34155,0.0,5.6002855,44.999897,19.08,1012.1,1010.5046,0.0,1.1384199,18.435053,20.880001
2022-11-10 11:00:00,1011.3,1006.54266,0.0,2.9024127,187.12492,23.4,1011.5,1009.4484,0.0,4.2136917,19.983198,16.199999,1011.3,1009.70874,0.1,0.8049845,63.435013,21.599998
2022-11-10 12:00:00,1010.2,1005.4538,0.0,2.2768397,161.56496,23.039999,1010.4,1008.3557,0.0,3.671294,348.6901,14.759999,1010.2,1008.61395,0.0,2.8116899,129.80553,22.68
2022-11-10 13:00:00,1009.4,1004.65857,0.1,0.71999997,360.0,20.880001,1009.6,1007.5607,0.0,1.835647,348.6901,14.759999,1009.4,1007.81586,0.0,3.8939953,146.3099,24.119999
2022-11-10 14:00:00,1008.4,1003.65,0.4,0.5091169,224.9999,17.64,1008.5,1006.4632,0.0,3.5455887,336.0375,18.72,1008.1,1006.5194,0.1,2.9024127,172.87508,23.4
2022-11-10 15:00:00,1008.4,1003.62897,1.8,5.95906,154.98314,18.0,1008.0,1005.96423,0.0,3.563818,315.0001,19.8,1008.9,1007.29047,15.5,15.137133,154.65387,30.599998
2022-11-10 16:00:00,1008.9,1004.09894,2.4,5.1165614,219.28938,22.68,1009.0,1006.9484,2.3,12.72283,154.8852,24.84,1008.9,1007.29205,0.1,6.792466,57.99466,28.44
2022-11-10 17:00:00,1009.1,1004.2859,0.0,6.28713,203.6294,12.24,1008.8,1006.7286,2.6,12.599998,126.86999,28.44,1008.9,1007.2876,0.0,7.7043357,37.405437,18.0
2022-11-10 18:00:00,1009.4,1004.5738,0.0,2.3051248,308.65982,10.799999,1009.4,1007.32776,0.0,4.5536795,108.43504,21.96,1009.5,1007.8835,0.0,1.484318,345.9637,13.32
2022-11-10 19:00:00,1010.3,1005.473,0.0,7.7879906,123.6901,5.3999996,1010.8,1008.7222,0.0,11.090103,103.13403,9.36,1010.0,1008.39124,0.0,3.4152596,18.435053,3.96
2022-11-10 20:00:00,1010.7,1005.8654,0.1,2.0364676,224.9999,19.44,1010.7,1008.6257,0.1,3.8268526,131.18582,17.64,1010.6,1008.9886,0.0,5.4119864,3.8140097,10.08
2022-11-10 21:00:00,1010.8,1005.95514,0.0,3.2599385,276.3401,5.04,1010.8,1008.72955,0.0,1.8,90.0,7.5599995,1010.6,1008.9864,0.0,2.5959969,326.3099,10.08
2022-11-10 22:00:00,1010.9,1006.0562,0.0,3.4152596,288.43503,5.3999996,1010.9,1008.8328,0.0,1.8,360.0,3.6,1010.8,1009.183,0.0,3.319036,12.528798,5.3999996
2022-11-10 23:00:00,1010.9,1006.06195,0.0,1.9386592,248.19853,3.96,1010.8,1008.7343,0.0,0.35999998,180.0,3.2399998,1010.7,1009.08185,0.0,4.0249224,10.304792,5.7599998
2022-11-11 00:00:00,1010.8,1005.95667,0.0,1.484318,255.96373,2.16,1010.7,1008.6346,0.0,2.1897945,80.53775,3.6,1010.7,1009.08185,0.0,4.0249224,10.304792,6.4799995
2022-11-11 01:00:00,1010.2,1005.34,0.0,6.439876,333.43503,6.8399997,1010.1,1008.02185,0.0,5.4833565,23.198618,7.92,1009.9,1008.281,0.0,3.9763298,5.19435,4.68
2022-11-11 02:00:00,1009.5,1004.64435,0.0,4.5536795,341.56494,8.28,1009.5,1007.42487,0.0,4.6800003,22.61991,9.0,1009.3,1007.6794,0.0,4.3349743,4.763556,6.8399997
2022-11-11 03:00:00,1009.0,1004.1509,0.0,5.1544156,347.90527,8.64,1009.1,1007.02484,0.0,5.5887027,14.931467,10.440001,1008.9,1007.2797,0.0,3.9763298,354.80566,6.4799995
2022-11-11 04:00:00,1008.9,1004.0401,0.0,6.151683,339.44388,8.64,1008.9,1006.82306,0.0,5.0911684,8.130019,10.799999,1008.8,1007.1779,0.0,3.9763298,354.80566,6.4799995
2022-11-11 05:00:00,1009.3,1004.43396,0.0,6.489992,326.3099,8.28,1009.4,1007.3208,0.0,4.6938252,4.398633,10.440001,1009.3,1007.6759,0.0,4.3349743,4.763556,6.4799995
2022-11-11 06:00:00,1010.1,1005.2291,0.0,5.495161,328.39255,7.92,1010.2,1008.1169,0.0,4.452954,14.036275,9.36,1010.0,1008.37445,0.0,4.1046314,344.7448,6.8399997
2022-11-11 07:00:00,1010.7,1005.85657,0.0,4.379589,9.462248,9.72,1010.6,1008.528,0.0,8.891344,21.370695,14.759999,1010.5,1008.885,0.0,6.12,360.0,11.5199995
2022-11-11 08:00:00,1011.5,1006.67773,0.0,4.8433046,48.01287,14.4,1011.5,1009.4316,0.0,10.296251,36.469334,20.16,1011.4,1009.79083,0.0,5.771239,3.5762644,15.4800005
2022-11-11 09:00:00,1011.9,1007.0964,0.0,4.829907,63.435013,15.4800005,1012.0,1009.93536,0.0,10.00256,30.256361,21.24,1011.7,1010.098,0.0,6.28713,13.240531,17.28
2022-11-11 10:00:00,1012.1,1007.31464,0.0,4.6938252,85.60138,21.96,1012.1,1010.0427,0.0,8.587338,33.023872,21.599998,1011.9,1010.30396,0.0,3.6,36.86999,21.599998
2022-11-11 11:00:00,1011.5,1006.73444,0.0,4.3349743,94.76356,22.68,1011.6,1009.55,0.0,7.127636,44.999897,20.16,1011.4,1009.80707,0.0,3.219938,63.435013,20.519999
2022-11-11 12:00:00,1010.4,1005.64825,0.0,4.452954,75.96373,22.319998,1010.6,1008.5568,0.0,5.904439,52.431335,21.24,1010.4,1008.8104,0.0,1.835647,78.6901,20.519999
2022-11-11 13:00:00,1009.5,1004.7571,0.0,4.3498964,65.55606,21.24,1009.6,1007.56287,0.0,4.2136917,70.01681,20.16,1009.5,1007.91473,0.0,2.1897945,189.46225,19.8
2022-11-11 14:00:00,1008.3,1003.559,0.0,3.2599385,96.340096,20.880001,1008.2,1006.1658,0.0,2.7416782,23.198618,17.28,1008.4,1006.81525,0.1,7.2359104,185.7105,19.44
2022-11-11 15:00:00,1008.9,1004.1068,1.0,11.592895,154.23073,27.359999,1008.1,1006.05493,0.6,5.4833565,156.80138,14.759999,1008.5,1006.88666,5.2,9.19939,120.57915,33.839996
2022-11-11 16:00:00,1009.0,1004.17664,0.2,6.725354,195.52417,24.48,1009.0,1006.9311,1.3,11.200571,135.0001,28.8,1009.1,1007.48535,0.0,5.904439,127.568665,19.8
2022-11-11 17:00:00,1008.7,1003.87714,0.0,5.1544156,167.90526,14.759999,1008.8,1006.7298,0.0,10.495713,149.03632,20.16,1008.9,1007.28784,0.0,1.08,90.0,12.24
2022-11-11 18:00:00,1009.3,1004.46484,0.0,3.0758414,200.55612,9.72,1009.1,1007.02856,0.0,7.5685663,182.72626,18.359999,1009.1,1007.48413,0.0,2.5455842,171.86998,4.32
2022-11-11 19:00:00,1009.1,1004.29224,0.0,6.28713,156.3706,6.12,1008.9,1006.84674,0.0,4.1046314,164.74483,14.04,1009.1,1007.49286,0.0,7.2359104,185.7105,6.8399997
2022-11-11 20:00:00,1009.5,1004.6821,0.0,4.379589,170.53775,11.879999,1009.4,1007.3372,0.0,11.212135,185.52745,19.08,1009.6,1007.9902,0.0,7.2359104,185.7105,13.32
2022-11-11 21:00:00,1009.9,1005.0699,0.0,3.396233,237.99466,6.4799995,1009.9,1007.82983,0.0,8.12197,192.80426,19.08,1009.8,1008.1873,0.0,5.771239,183.57626,12.24
2022-11-11 22:00:00,1010.2,1005.3638,0.0,3.8268526,221.18582,5.7599998,1010.4,1008.3263,0.0,3.96,180.0,13.679999,1010.1,1008.4869,0.0,6.849467,176.98727,11.879999
2022-11-11 23:00:00,1010.1,1005.2625,0.0,3.2399998,270.0,5.04,1010.4,1008.3253,0.0,2.9024127,330.25522,6.4799995,1010.0,1008.3818,0.0,5.4119864,183.814,11.5199995
2022-11-12 00:00:00,1009.7,1004.85474,0.0,3.6179552,275.7105,5.7599998,1009.9,1007.82635,0.0,4.5536795,288.43503,7.5599995,1009.7,1008.0823,0.0,4.802999,192.99461,7.2
2022-11-12 01:00:00,1009.1,1004.25757,0.0,5.5887027,284.93146,9.36,1009.4,1007.3286,0.0,4.3498964,294.44394,7.92,1009.2,1007.5811,0.0,2.3051248,321.34018,5.3999996
2022-11-12 02:00:00,1008.3,1003.4583,0.0,5.506941,281.3099,11.159999,1008.5,1006.4292,0.0,4.8433046,311.98712,9.0,1008.4,1006.7809,0.0,4.072935,315.0001,6.4799995
2022-11-12 03:00:00,1008.2,1003.35535,0.0,5.0911684,278.13,10.440001,1008.2,1006.1267,0.0,5.00128,329.74365,9.72,1008.1,1006.4806,0.0,4.6938257,302.47116,8.28
2022-11-12 04:00:00,1008.3,1003.4526,0.0,5.8048253,262.8751,10.08,1008.3,1006.2214,0.0,5.3999996,323.13004,9.36,1008.3,1006.6791,0.0,4.379589,279.46225,7.92
2022-11-12 05:00:00,1008.6,1003.74866,0.0,6.519877,263.6599,11.879999,1008.6,1006.51953,0.0,5.1919937,326.3099,9.0,1008.6,1006.9788,0.0,5.0142193,291.03757,8.28
2022-11-12 06:00:00,1008.9,1004.0432,0.0,5.8048253,277.1249,11.879999,1008.9,1006.8196,0.0,4.6800003,337.3801,9.0,1008.8,1007.1789,0.0,6.12,298.0724,10.08
2022-11-12 07:00:00,1010.0,1005.1599,0.0,2.968636,284.03625,12.24,1009.9,1007.83044,0.0,8.209263,15.255177,11.879999,1010.0,1008.3849,0.0,6.2145634,259.9921,12.959999
2022-11-12 08:00:00,1010.6,1005.77527,0.0,3.319036,282.5288,11.159999,1010.8,1008.7292,0.0,7.289444,20.224945,14.759999,1010.6,1008.99023,0.0,7.172949,287.52567,16.56
2022-11-12 09:00:00,1011.2,1006.3959,0.0,1.08,360.0,11.879999,1011.1,1009.03644,0.0,8.049845,26.564985,17.64,1010.9,1009.29333,0.0,6.3690495,312.70938,16.919998
2022-11-12 10:00:00,1011.2,1006.4116,0.0,1.0182338,224.9999,10.799999,1011.2,1009.142,0.0,6.9153743,38.65983,18.359999,1011.2,1009.5988,0.0,3.4152596,341.56494,16.56
2022-11-12 11:00:00,1010.6,1005.8302,0.0,1.835647,191.30989,18.0,1010.7,1008.64905,0.0,4.6938257,32.471172,17.64,1010.6,1009.00574,0.0,2.0364676,315.0001,18.0
2022-11-12 12:00:00,1009.3,1004.5442,0.0,3.319036,229.39879,18.359999,1009.7,1007.65424,0.0,2.5959969,326.3099,15.4800005,1009.5,1007.9103,0.0,2.7416782,293.1986,18.0
2022-11-12 13:00:00,1008.5,1003.75024,0.0,2.1897945,260.53775,19.08,1008.6,1006.5589,0.0,2.968636,284.03625,14.759999,1008.5,1006.9151,0.0,3.671294,281.3099,18.359999
2022-11-12 14:00:00,1007.6,1002.83746,0.0,8.4042845,189.86574,20.16,1007.4,1005.36237,0.0,2.52,270.0,14.04,1007.1,1005.5198,0.0,0.8049845,243.43501,18.359999
2022-11-12 15:00:00,1007.9,1003.0804,0.4,14.689588,126.027466,27.359999,1007.0,1004.965,0.0,2.968636,75.96373,11.5199995,1007.3,1005.7033,0.8,11.043261,160.9743,19.08
2022-11-12 16:00:00,1008.0,1003.17163,0.8,6.696387,126.25393,31.319998,1007.4,1005.3535,0.0,7.42159,112.833694,12.24,1007.9,1006.29114,0.3,8.854829,153.43501,25.56
2022-11-12 17:00:00,1008.4,1003.5714,0.1,2.5959969,213.6901,12.959999,1008.3,1006.23346,1.0,15.629972,82.056625,28.8,1008.3,1006.6872,0.2,10.739832,129.55963,21.599998
2022-11-12 18:00:00,1008.9,1004.06116,0.1,1.1384199,251.56496,6.12,1009.1,1007.0267,0.7,7.8625183,105.945465,26.64,1009.0,1007.3836,0.8,6.489992,123.6901,19.08
2022-11-12 19:00:00,1009.8,1004.9486,0.0,2.5455842,224.9999,5.04,1009.8,1007.72845,0.9,5.7599998,270.0,20.519999,1009.6,1007.9814,0.2,4.510787,208.61037,13.679999
2022-11-12 20:00:00,1010.7,1005.8468,0.0,2.9024127,277.1249,5.7599998,1010.4,1008.32654,0.1,5.6233797,219.80553,12.599999,1010.5,1008.8793,0.1,4.1046314,285.25516,12.24
2022-11-12 21:00:00,1011.2,1006.3419,0.2,4.3349743,48.366554,7.5599995,1011.1,1009.0223,0.2,2.16,180.0,11.5199995,1011.0,1009.3785,0.0,1.1384199,71.564964,6.8399997
2022-11-12 22:00:00,1011.3,1006.4537,0.1,1.2979984,33.6901,5.3999996,1011.2,1009.12213,0.2,1.484318,194.03627,4.32,1011.2,1009.57886,0.0,1.9386592,21.801476,2.8799999
2022-11-12 23:00:00,1011.3,1006.44293,0.0,2.7416782,246.80138,2.8799999,1011.3,1009.2206,0.0,1.835647,168.69011,7.5599995,1011.3,1009.6771,0.0,0.8049845,116.56499,2.16
2022-11-13 00:00:00,1010.8,1005.93555,0.0,4.68,270.0,6.12,1010.9,1008.8214,0.0,1.8,126.86999,3.96,1010.9,1009.2736,0.0,3.396233,147.99466,4.68
2022-11-13 01:00:00,1010.4,1005.53094,0.0,4.896529,287.1028,5.7599998,1010.4,1008.3234,0.1,0.8049845,333.43503,3.2399998,1010.2,1008.57666,0.0,1.1384199,288.43503,4.68
2022-11-13 02:00:00,1009.6,1004.73975,0.0,3.4152596,288.43503,6.4799995,1009.5,1007.42236,0.0,2.3051248,321.34018,6.8399997,1009.5,1007.8749,0.0,3.7064266,330.9455,3.6
2022-11-13 03:00:00,1008.8,1003.9421,0.0,3.319036,310.60123,6.12,1008.8,1006.7226,0.0,2.5455842,351.87,8.64,1008.7,1007.0753,0.0,4.829907,333.43503,6.8399997
2022-11-13 04:00:00,1008.5,1003.6401,0.0,3.563818,315.0001,6.4799995,1008.5,1006.42285,0.0,5.1544156,12.094739,10.08,1008.5,1006.8747,0.0,5.00128,329.74365,6.8399997
2022-11-13 05:00:00,1009.2,1004.3335,0.0,2.52,270.0,5.3999996,1009.0,1006.9199,0.0,3.5455887,23.962492,10.440001,1009.0,1007.37506,0.0,3.396233,327.99466,6.4799995
2022-11-13 06:00:00,1009.4,1004.53674,0.0,2.7416782,336.8014,4.32,1009.3,1007.22156,0.0,5.6233797,39.805527,10.440001,1009.2,1007.57635,0.0,3.2399998,360.0,6.12
2022-11-13 07:00:00,1010.5,1005.65,0.0,4.3498964,65.55606,8.28,1010.2,1008.1232,0.0,8.225035,66.80139,12.959999,1010.2,1008.5798,0.0,6.439876,63.435013,11.5199995
2022-11-13 08:00:00,1011.2,1006.3734,0.1,6.638072,77.4712,22.319998,1011.3,1009.22656,0.0,10.483357,74.054535,20.880001,1011.2,1009.588,0.0,9.346143,74.3577,20.16
2022-11-13 09:00:00,1011.2,1006.39014,0.0,8.669949,94.76356,26.64,1011.1,1009.0337,0.0,8.825508,78.231735,21.96,1010.9,1009.2968,0.0,11.212135,84.47256,24.119999
2022-11-13 10:00:00,1010.7,1005.9086,0.1,10.1376915,83.88459,27.0,1010.8,1008.7421,0.0,6.924738,81.02746,19.8,1010.5,1008.9036,0.1,15.4800005,90.0,30.960001
2022-11-13 11:00:00,1010.2,1005.42993,0.1,14.081478,85.60138,34.56,1010.2,1008.1501,0.1,9.779817,96.340096,21.24,1010.1,1008.50903,0.1,16.808569,99.865746,33.48
2022-11-13 12:00:00,1009.3,1004.5442,0.0,14.799459,94.18484,34.92,1009.3,1007.2575,0.0,12.074766,100.30479,23.4,1009.1,1007.51373,0.1,18.35647,101.3099,38.16
2022-11-13 13:00:00,1008.5,1003.7512,0.1,14.408997,102.99462,36.36,1008.5,1006.4624,0.0,8.905908,104.03627,29.519999,1008.4,1006.8155,0.1,16.279802,108.03438,37.8
2022-11-13 14:00:00,1006.7,1001.95496,0.0,15.484185,107.592514,36.36,1006.3,1004.26416,0.1,9.826088,98.42689,28.8,1006.4,1004.8167,0.1,15.463246,114.775116,37.8
2022-11-13 15:00:00,1006.4,1001.65,0.0,16.171976,106.821495,35.28,1006.9,1004.8325,4.9,14.044615,91.46877,43.199997,1006.6,1005.0086,0.6,9.36,90.0,39.6
2022-11-13 16:00:00,1006.5,1001.7402,0.0,10.883676,124.21575,30.239998,1006.9,1004.8354,0.0,2.52,90.0,25.56,1006.5,1004.91095,0.1,10.685391,122.61923,26.64
2022-11-13 17:00:00,1007.3,1002.5182,0.0,8.714677,128.2902,20.16,1007.8,1005.73627,0.0,1.8,323.13,7.92,1007.4,1005.8039,0.2,6.696387,143.74608,25.199999
2022-11-13 18:00:00,1008.1,1003.3027,0.0,7.491114,144.78232,14.759999,1008.3,1006.23694,0.0,1.484318,255.96373,4.32,1008.2,1006.59625,0.0,4.510787,151.38963,11.5199995
2022-11-13 19:00:00,1009.5,1004.679,0.0,8.942214,130.10085,15.4800005,1009.6,1007.532,0.0,5.8048253,262.8751,3.6,1009.5,1007.8888,0.0,4.3349743,85.23644,15.4800005
2022-11-13 20:00:00,1010.4,1005.57166,0.0,7.289444,110.22495,15.119999,1010.7,1008.6257,0.6,3.219938,296.56497,10.440001,1010.3,1008.6863,0.0,5.2416787,105.945465,9.0
2022-11-13 21:00:00,1010.8,1005.9609,0.0,5.8048253,97.12492,12.599999,1010.9,1008.8265,0.0,8.891344,21.370695,15.84,1010.6,1008.9855,0.0,6.5693827,99.46225,10.799999
2022-11-13 22:00:00,1010.9,1006.0537,0.0,5.8048253,82.875084,9.0,1010.7,1008.62317,0.0,6.9153743,38.65983,16.199999,1010.6,1008.9829,0.0,7.771331,103.39252,12.959999
2022-11-13 23:00:00,1010.6,1005.752,0.0,5.771239,86.423744,10.799999,1010.7,1008.6197,0.0,4.8433046,48.01287,12.599999,1010.6,1008.9785,0.0,4.5536795,71.564964,12.959999
2022-11-14 00:00:00,1010.5,1005.6468,0.0,5.4477882,82.40546,9.0,1010.7,1008.6187,0.0,5.00128,30.256361,11.159999,1010.5,1008.87555,0.0,6.9247384,62.10283,8.28
2022-11-14 01:00:00,1010.3,1005.4535,0.0,1.609969,333.43503,6.4799995,1010.4,1008.31683,0.0,4.0249224,26.564985,9.72,1010.3,1008.67584,0.0,5.6233797,39.805527,7.92
2022-11-14 02:00:00,1010.0,1005.1306,0.0,4.6938257,302.47116,5.7599998,1010.1,1008.0168,0.0,4.2136917,19.983198,7.92,1010.0,1008.3748,0.0,4.6800003,22.61991,6.12
2022-11-14 03:00:00,1009.7,1004.8384,0.0,3.8773184,291.80148,6.8399997,1009.7,1007.6179,0.0,4.1046314,15.255177,8.28,1009.6,1007.9729,0.0,4.32,360.0,7.2
2022-11-14 04:00:00,1009.6,1004.73474,0.0,3.7064266,299.0545,7.2,1009.5,1007.4196,0.0,5.0528407,4.085537,9.72,1009.5,1007.87177,0.0,5.506941,11.3098955,7.2
2022-11-14 05:00:00,1009.5,1004.6315,0.0,3.0547013,315.0001,6.8399997,1009.4,1007.31915,0.0,6.489992,19.440128,11.879999,1009.2,1007.5738,0.0,4.3498964,24.443953,7.92
2022-11-14 06:00:00,1009.9,1005.0343,0.0,4.6938252,355.60138,7.92,1009.9,1007.8175,0.0,7.5685663,25.346138,14.4,1009.7,1008.07275,0.0,5.315336,28.30066,8.64
2022-11-14 07:00:00,1010.8,1005.95355,0.0,6.763786,334.79892,12.599999,1010.6,1008.52606,0.0,9.255571,13.495748,19.44,1010.5,1008.8819,0.0,5.8048253,29.744795,16.199999
2022-11-14 08:00:00,1011.3,1006.4754,0.0,3.4152596,18.435053,14.759999,1011.2,1009.1297,0.0,9.565437,19.798973,19.8,1011.1,1009.4903,0.0,6.439876,26.564985,16.56
2022-11-14 09:00:00,1011.6,1006.7977,0.0,2.4149535,26.564985,12.599999,1011.8,1009.7358,0.0,7.968939,18.435053,19.8,1011.6,1009.9972,0.0,7.42159,14.036275,27.359999
2022-11-14 10:00:00,1011.3,1006.51996,0.0,3.096837,54.46224,23.759998,1011.4,1009.3438,0.0,7.342588,11.3098955,19.08,1011.3,1009.70465,0.0,6.151683,20.556128,28.08
2022-11-14 11:00:00,1010.7,1005.9376,0.0,3.4152596,108.43504,24.119999,1010.8,1008.75134,0.0,4.896529,17.102825,23.4,1010.9,1009.3094,0.0,4.6800003,67.3801,27.72
2022-11-14 12:00:00,1009.8,1005.04877,0.0,5.8048253,119.74479,25.199999,1009.8,1007.7571,0.0,1.609969,26.564985,22.319998,1009.7,1008.11285,0.1,4.73506,98.74608,25.56
2022-11-14 13:00:00,1008.7,1003.9556,0.0,4.510787,118.61037,25.199999,1008.7,1006.661,0.0,0.35999998,360.0,19.44,1008.6,1007.0161,0.1,5.506941,101.3099,26.28
2022-11-14 14:00:00,1007.5,1002.759,0.0,4.379589,170.53775,23.039999,1007.6,1005.5635,0.0,1.484318,255.96373,17.64,1007.5,1005.91846,0.1,5.154415,114.775116,26.28
2022-11-14 15:00:00,1007.1,1002.35834,0.0,5.8603754,190.6196,22.319998,1007.3,1005.2587,1.6,7.8625183,164.05453,18.72,1008.0,1006.39276,4.8,11.440978,167.27565,34.2
2022-11-14 16:00:00,1007.2,1002.4501,0.0,7.24486,206.56499,20.880001,1008.0,1005.9397,3.6,10.829958,158.5522,27.359999,1007.8,1006.19495,0.1,8.404285,223.26433,22.319998
2022-11-14 17:00:00,1007.9,1003.12,0.0,6.924738,261.02747,18.0,1008.0,1005.93494,0.1,10.30883,204.77512,20.880001,1008.0,1006.3931,0.0,5.8048253,240.2552,16.919998
2022-11-14 18:00:00,1008.4,1003.5956,0.3,8.049845,280.30478,14.759999,1008.7,1006.6275,0.0,6.9153743,218.65984,18.0,1008.4,1006.7881,0.0,3.6179552,275.7105,11.159999
2022-11-14 19:00:00,1009.0,1004.1854,0.1,6.5693827,170.53775,13.679999,1009.1,1007.03937,0.0,9.085988,213.6901,12.599999,1009.0,1007.3944,0.0,7.968939,161.56496,6.4799995
2022-11-14 20:00:00,1010.1,1005.2811,0.0,4.5536795,161.56496,7.92,1010.4,1008.332,0.1,8.4042845,189.86574,15.119999,1010.2,1008.59094,0.0,6.989936,145.49142,15.84
2022-11-14 21:00:00,1010.6,1005.77686,0.0,2.7416782,203.19862,5.04,1010.6,1008.529,0.0,9.422101,223.45189,15.4800005,1010.7,1009.0832,0.0,6.792466,147.99466,11.5199995
2022-11-14 22:00:00,1010.5,1005.6809,0.0,1.8,216.86998,4.68,1010.6,1008.52704,0.0,7.5942082,211.42952,15.4800005,1010.5,1008.88153,0.0,5.3517847,160.34608,8.28
2022-11-14 23:00:00,1010.8,1005.95667,0.0,4.379589,350.53775,3.96,1011.2,1009.1297,0.0,3.0547013,315.0001,13.32,1010.6,1008.9788,0.0,6.638072,167.4712,7.92
2022-11-15 00:00:00,1010.7,1005.85815,0.0,8.089993,339.14545,13.32,1010.9,1008.82465,0.0,4.5536795,341.56494,8.28,1010.6,1008.9835,0.0,1.609969,296.56497,7.92
2022-11-15 01:00:00,1010.4,1005.5483,0.0,7.968939,341.56494,15.84,1010.4,1008.3213,0.0,4.510787,331.38962,9.72,1010.2,1008.5763,0.0,3.2599385,276.3401,3.6
2022-11-15 02:00:00,1009.9,1005.0434,0.0,6.9527545,338.74942,14.4,1009.9,1007.8216,0.0,4.452954,345.9637,8.64,1009.7,1008.07495,0.0,3.8773184,338.19852,5.7599998
2022-11-15 03:00:00,1009.1,1004.2422,0.0,6.151683,339.44388,12.599999,1009.0,1006.92316,0.0,4.802999,347.00537,9.72,1008.9,1007.27563,0.0,4.0249224,349.69522,6.4799995
2022-11-15 04:00:00,1008.8,1003.9396,0.0,5.0528407,355.91446,11.159999,1008.7,1006.6228,0.0,5.04,360.0,10.08,1008.7,1007.0753,0.0,4.452954,14.036275,7.5599995
2022-11-15 05:00:00,1009.3,1004.433,0.0,4.2136917,340.0168,8.28,1009.4,1007.31757,0.0,4.68,360.0,10.08,1009.3,1007.67456,0.0,4.802999,12.99463,7.5599995
2022-11-15 06:00:00,1009.7,1004.8336,0.0,4.829907,333.43503,8.28,1009.8,1007.718,0.0,4.3349743,4.763556,8.28,1009.7,1008.0737,0.0,4.6938252,355.60138,7.92
2022-11-15 07:00:00,1010.8,1005.952,0.0,5.937272,345.9637,12.24,1010.8,1008.72485,0.0,6.849467,3.0127327,12.959999,1010.7,1009.08026,0.0,6.2145634,349.99207,12.959999
2022-11-15 08:00:00,1011.3,1006.4735,0.0,4.3349743,4.763556,14.4,1011.1,1009.03143,0.0,7.2359104,354.2895,16.56,1011.1,1009.4887,0.0,6.489992,356.82022,16.199999
2022-11-15 09:00:00,1011.6,1006.79236,0.0,1.609969,63.435013,13.32,1011.6,1009.53674,0.0,6.519877,353.6599,16.919998,1011.5,1009.89667,0.0,5.8603754,10.61961,16.919998
2022-11-15 10:00:00,1011.2,1006.4141,0.0,1.835647,168.69011,11.879999,1011.3,1009.2434,0.0,6.379216,343.61038,17.64,1011.1,1009.50397,0.0,6.5693827,9.462261,18.72
2022-11-15 11:00:00,1010.7,1005.9351,0.0,5.5887027,194.93147,23.759998,1010.8,1008.74945,0.0,4.510787,331.38962,17.64,1010.8,1009.2098,0.0,4.1046314,52.124958,18.359999
2022-11-15 12:00:00,1009.8,1005.05255,0.0,6.87779,186.00891,26.28,1010.0,1007.95514,0.0,1.1384199,288.43503,15.4800005,1010.0,1008.4137,0.1,5.3517847,109.653915,21.599998
2022-11-15 13:00:00,1008.8,1004.0674,0.0,7.8625183,164.05453,26.64,1009.1,1007.0598,0.0,2.968636,194.03627,18.0,1009.0,1007.4168,0.0,7.127636,135.0001,25.56
2022-11-15 14:00:00,1007.8,1003.0683,0.0,8.587338,146.97614,26.64,1007.8,1005.7644,0.0,5.4119864,176.186,20.16,1007.8,1006.2187,0.0,8.311245,162.3498,27.0
2022-11-15 15:00:00,1007.6,1002.84125,1.8,9.504273,155.37645,24.48,1007.7,1005.65765,1.3,9.449572,139.63554,21.599998,1007.7,1006.1087,4.6,10.883676,145.78424,28.08
2022-11-15 16:00:00,1008.2,1003.3909,4.7,6.6185193,247.61981,25.199999,1007.9,1005.85535,0.1,7.42159,157.1663,19.08,1007.9,1006.3062,1.2,5.937272,165.96373,26.64
2022-11-15 17:00:00,1008.5,1003.68317,0.1,2.4149535,243.43501,14.759999,1008.3,1006.24316,0.1,7.5685663,177.27374,15.84,1008.3,1006.6974,0.9,8.699793,65.55606,16.56
2022-11-15 18:00:00,1009.0,1004.172,0.0,5.0142193,338.9624,9.36,1008.8,1006.73553,0.0,6.519877,173.6599,15.119999,1008.6,1006.9896,0.0,7.42159,39.09386,15.119999
2022-11-15 19:00:00,1009.9,1005.0724,0.0,6.28713,23.629398,9.36,1009.5,1007.43854,0.0,3.6,233.13002,11.5199995,1009.5,1007.8923,0.0,6.6087217,150.64235,12.599999
2022-11-15 20:00:00,1010.2,1005.3719,0.0,4.1046314,15.255177,11.879999,1010.2,1008.13135,0.0,3.7064266,150.9455,6.8399997,1010.0,1008.3915,0.0,6.638072,139.39879,12.599999
2022-11-15 21:00:00,1010.3,1005.46063,0.0,5.8048253,29.744795,7.5599995,1010.3,1008.23016,0.0,3.4152596,161.56496,6.12,1010.2,1008.5884,0.0,7.10031,149.53453,11.879999
2022-11-15 22:00:00,1010.2,1005.3647,0.0,4.802999,12.99463,8.64,1010.5,1008.42725,0.0,4.072935,224.9999,7.2,1010.4,1008.7852,0.0,5.0528407,175.91446,12.24
2022-11-15 23:00:00,1010.3,1005.4695,0.0,2.3051248,321.34018,5.3999996,1010.3,1008.22766,0.0,5.3517847,227.72638,9.72,1010.2,1008.583,0.0,5.506941,168.69011,9.0
2022-11-16 00:00:00,1009.9,1005.0604,0.0,3.0547013,315.0001,3.6,1010.0,1007.9265,0.0,5.904439,232.43134,10.799999,1009.9,1008.2794,0.0,5.3517847,160.34608,9.0
2022-11-16 01:00:00,1009.3,1004.4397,0.0,5.1165614,309.28937,6.12,1009.5,1007.42523,0.0,6.28713,246.3706,11.879999,1009.3,1007.6825,0.0,1.8,270.0,6.8399997
2022-11-16 02:00:00,1009.0,1004.136,0.0,4.5820518,315.0001,7.2,1009.0,1006.92413,0.0,5.0911684,261.87,11.879999,1008.9,1007.2775,0.0,2.9024127,299.74478,3.6
2022-11-16 03:00:00,1008.3,1003.4445,0.0,4.6938257,327.52884,8.28,1008.2,1006.1235,0.0,3.6179552,264.2895,9.36,1008.1,1006.4771,0.0,2.8116899,309.8055,3.6
2022-11-16 04:00:00,1008.7,1003.83594,0.0,4.6800003,337.3801,8.28,1008.7,1006.62317,0.1,6.1094027,315.0001,11.159999,1008.4,1006.77454,0.0,3.6179552,354.2895,4.32
2022-11-16 05:00:00,1009.5,1004.6362,0.0,4.896529,342.8972,7.5599995,1009.2,1007.1247,0.8,6.1094027,315.0001,14.759999,1009.2,1007.57416,0.0,5.154415,24.775122,8.28
2022-11-16 06:00:00,1009.7,1004.8384,0.0,8.049845,333.43503,13.32,1010.2,1008.1201,1.3,2.968636,345.9637,11.879999,1009.9,1008.2737,0.0,7.42159,14.036275,12.24
2022-11-16 07:00:00,1010.5,1005.65656,0.0,6.830519,341.56494,15.119999,1010.6,1008.5278,0.1,6.0347,342.64587,15.84,1010.4,1008.7833,0.0,8.049845,10.304792,16.199999
2022-11-16 08:00:00,1011.1,1006.2802,0.0,6.519877,6.3401003,16.199999,1010.7,1008.63324,0.0,7.5685663,2.7262611,16.56,1010.7,1009.0917,0.0,5.6920996,18.435053,16.919998
2022-11-16 09:00:00,1011.2,1006.4028,0.0,8.534353,27.645891,20.16,1011.0,1008.9392,0.0,6.830519,18.435053,17.28,1010.9,1009.3009,0.0,7.9932966,35.837746,19.08
2022-11-16 10:00:00,1010.5,1005.72064,0.0,8.14587,44.999897,20.880001,1010.5,1008.446,0.0,7.7879906,33.6901,19.08,1010.3,1008.7072,0.1,9.585739,55.713078,22.68
2022-11-16 11:00:00,1009.5,1004.7402,0.0,7.10031,59.53454,20.880001,1009.5,1007.4537,0.0,6.696387,36.253937,19.08,1009.3,1007.71344,0.0,9.178235,64.440094,23.039999
2022-11-16 12:00:00,1008.5,1003.75336,0.0,6.28713,76.75947,19.08,1008.6,1006.5599,0.0,3.8939953,33.6901,18.0,1008.5,1006.9186,0.0,8.707238,82.875084,22.319998
2022-11-16 13:00:00,1008.0,1003.25726,0.0,5.0911684,98.13002,23.759998,1007.9,1005.8648,0.0,1.2979984,33.6901,16.199999,1007.8,1006.22144,0.0,7.5170207,106.699326,24.119999
2022-11-16 14:00:00,1006.8,1002.06824,0.0,4.0249224,116.56499,21.96,1006.9,1004.86816,0.0,1.1384199,288.43503,15.84,1006.7,1005.1239,0.0,7.42159,112.833694,24.119999
2022-11-16 15:00:00,1006.2,1001.46893,0.0,3.8939953,146.3099,19.44,1006.1,1004.0697,0.0,3.5455887,23.962492,16.919998,1006.1,1004.5223,0.0,9.387651,122.471176,24.84
2022-11-16 16:00:00,1006.5,1001.7402,0.7,4.6102495,141.34016,16.56,1006.3,1004.263,1.1,5.815978,68.19853,17.28,1006.3,1004.71185,0.0,12.979984,146.3099,25.199999
2022-11-16 17:00:00,1006.7,1001.9314,0.0,1.1384199,251.56496,11.159999,1006.6,1004.5574,0.4,0.8049845,116.56499,15.119999,1006.7,1005.1077,0.0,6.9247384,152.10283,24.119999
2022-11-16 18:00:00,1007.4,1002.60034,0.0,5.4477882,277.59454,6.12,1007.5,1005.45746,0.0,0.35999998,180.0,2.16,1007.4,1005.80164,0.0,6.5693827,170.53775,11.5199995
2022-11-16 19:00:00,1008.8,1003.97046,0.1,2.4149535,63.435013,7.2,1008.1,1006.0476,2.5,3.6,126.86999,7.92,1008.4,1006.7991,0.0,9.107359,161.56496,14.4
2022-11-16 20:00:00,1009.3,1004.4721,0.0,2.3051248,308.65982,5.04,1009.5,1007.43317,3.7,5.991594,32.73523,12.24,1009.1,1007.4958,0.0,10.195057,132.13753,16.919998
2022-11-16 21:00:00,1009.7,1004.87427,0.0,1.1384199,288.43503,2.8799999,1009.7,1007.6324,0.0,5.0528407,94.08554,10.799999,1009.4,1007.7905,0.0,9.983106,115.64096,18.0
2022-11-16 22:00:00,1009.5,1004.65985,0.0,5.0911684,351.87,7.2,1009.6,1007.53076,0.1,8.089993,110.854546,14.759999,1009.4,1007.7874,0.0,5.95906,115.01687,16.919998
2022-11-16 23:00:00,1009.4,1004.5628,0.0,4.6800003,337.3801,8.64,1009.3,1007.22565,0.0,4.1046314,74.74483,14.759999,1009.3,1007.6841,0.0,3.5455887,66.037506,9.36
2022-11-17 00:00:00,1009.3,1004.4501,0.0,6.0347,342.64587,8.28,1009.2,1007.1262,0.0,5.6233797,50.194473,12.24,1009.1,1007.48224,0.0,4.0249224,116.56499,5.7599998
2022-11-17 01:00:00,1008.5,1003.6508,0.0,5.5887027,345.06854,7.5599995,1008.6,1006.5242,0.0,3.8939953,56.3099,10.799999,1008.5,1006.8813,0.0,4.072935,44.999897,5.7599998
2022-11-17 02:00:00,1007.9,1003.04956,0.0,6.0347,342.64587,7.5599995,1008.0,1005.9233,0.0,4.510787,61.389645,7.5599995,1008.0,1006.3802,0.0,4.452954,345.9637,5.7599998
2022-11-17 03:00:00,1007.6,1002.7607,0.0,3.319036,310.60123,7.5599995,1007.6,1005.5254,0.0,4.198285,30.963696,7.5599995,1007.6,1005.9814,0.0,2.5455842,278.13,5.3999996
2022-11-17 04:00:00,1007.6,1002.7396,0.0,5.0142193,291.03757,5.7599998,1007.5,1005.4224,0.0,5.1544156,12.094739,8.28,1007.5,1005.881,0.0,2.4149535,333.43503,2.8799999
2022-11-17 05:00:00,1007.9,1003.0367,0.0,4.2136917,289.9832,6.12,1007.8,1005.72815,0.0,3.96,360.0,8.28,1007.8,1006.17737,0.0,4.32,360.0,5.04
2022-11-17 06:00:00,1008.5,1003.6303,0.0,3.671294,258.6901,5.04,1008.4,1006.33,0.0,3.0758414,339.44388,5.7599998,1008.4,1006.77893,0.0,2.968636,14.036275,5.04
2022-11-17 07:00:00,1009.3,1004.46326,0.0,2.5455842,224.9999,10.440001,1009.3,1007.2326,0.0,3.0758414,20.556128,7.92,1009.2,1007.58655,0.0,2.1897945,80.53775,8.28
2022-11-17 08:00:00,1010.2,1005.387,0.0,0.35999998,180.0,9.36,1009.9,1007.83875,0.0,4.198285,30.963696,12.24,1009.9,1008.2949,0.0,3.0758414,69.44387,11.879999
2022-11-17 09:00:00,1010.1,1005.3105,0.0,1.9386592,68.19853,11.879999,1010.2,1008.14374,0.0,4.802999,12.99463,14.4,1010.1,1008.50305,0.0,2.6208394,74.054535,22.68
2022-11-17 10:00:00,1009.9,1005.13043,0.0,2.9024127,60.255207,13.32,1010.1,1008.04987,0.0,4.2136917,19.983198,25.919998,1009.9,1008.31,0.0,2.16,90.0,23.759998
2022-11-17 11:00:00,1009.2,1004.44696,0.0,3.4152596,71.564964,23.759998,1009.4,1007.35614,0.0,2.968636,14.036275,24.84,1009.1,1007.5151,0.1,4.379589,80.53775,24.48
2022-11-17 12:00:00,1008.1,1003.36053,0.0,5.3517847,70.346085,24.84,1008.3,1006.26086,0.0,2.4149535,26.564985,23.759998,1008.0,1006.418,0.2,6.519877,83.659904,26.64
2022-11-17 13:00:00,1006.9,1002.1678,0.0,5.315336,61.69934,25.199999,1007.1,1005.06604,0.0,1.1384199,18.435053,12.959999,1006.9,1005.3211,0.0,4.6800003,112.61991,26.28
2022-11-17 14:00:00,1005.9,1001.1719,0.0,4.39436,55.0079,23.759998,1005.9,1003.8683,0.0,0.8049845,333.43503,19.08,1005.9,1004.32324,0.0,7.42159,140.90616,23.4
2022-11-17 15:00:00,1006.2,1001.4431,2.9,11.177405,165.06853,21.599998,1006.2,1004.1547,3.0,10.086427,145.17545,21.599998,1006.2,1004.60077,1.3,12.261157,130.23628,33.48
2022-11-17 16:00:00,1006.6,1001.785,4.1,5.815978,111.801476,29.16,1006.4,1004.3449,1.5,7.5685663,92.72626,24.119999,1006.2,1004.6058,0.0,5.00128,149.74365,24.84
2022-11-17 17:00:00,1007.4,1002.5843,0.2,4.802999,12.99463,14.04,1007.6,1005.54333,0.1,2.8116899,140.19447,15.84,1007.3,1005.70404,0.1,3.8773184,68.19853,12.959999
2022-11-17 18:00:00,1008.3,1003.47186,0.0,4.452954,14.036275,8.64,1008.3,1006.23846,1.2,5.3517847,160.34608,9.0,1008.2,1006.5941,1.1,2.1897945,9.462248,9.72
2022-11-17 19:00:00,1008.8,1003.9839,0.0,6.696387,36.253937,12.24,1008.8,1006.74536,0.0,3.4152596,108.43504,10.799999,1008.7,1007.09766,0.0,5.1165614,129.28938,7.2
2022-11-17 20:00:00,1009.3,1004.49286,0.0,4.5536795,71.564964,7.92,1009.6,1007.5345,0.2,3.219938,26.564985,8.28,1009.2,1007.59564,0.0,4.3498964,155.55606,7.2
2022-11-17 21:00:00,1009.9,1005.09265,0.0,3.7585104,163.30067,5.3999996,1010.4,1008.325,4.7,5.0142193,338.9624,23.4,1009.9,1008.29144,0.0,5.3999996,143.13002,10.440001
2022-11-17 22:00:00,1010.2,1005.36206,0.0,3.7064266,240.94548,4.32,1010.8,1008.7245,0.7,5.904439,307.56866,13.32,1010.4,1008.78546,0.6,7.5685663,334.65387,14.759999
2022-11-17 23:00:00,1010.2,1005.35956,0.3,5.95906,295.01685,13.32,1010.4,1008.3273,0.2,7.42159,320.90613,10.799999,1010.3,1008.6803,0.1,11.212135,312.39737,24.119999
2022-11-18 00:00:00,1009.9,1005.0547,0.3,9.0,306.86996,17.28,1010.3,1008.22266,0.0,7.145796,310.91428,19.08,1010.1,1008.4752,1.0,11.770403,293.4287,27.0
2022-11-18 01:00:00,1009.3,1004.451,0.0,7.928177,320.52756,16.919998,1009.5,1007.42236,0.0,6.1305785,310.2363,13.32,1009.3,1007.67804,0.0,9.1641035,315.0001,20.519999
2022-11-18 02:00:00,1009.1,1004.24316,0.0,7.653705,311.18582,14.4,1009.0,1006.92255,0.0,7.10031,329.53452,13.32,1008.8,1007.1777,0.0,6.9153743,321.34018,15.84
2022-11-18 03:00:00,1008.7,1003.83594,0.0,4.198285,329.03632,13.679999,1008.6,1006.52203,0.0,7.8954163,335.77228,15.4800005,1008.5,1006.87646,0.0,5.3517847,317.72638,12.24
2022-11-18 04:00:00,1008.7,1003.83435,0.0,4.510787,331.38962,7.92,1008.5,1006.42096,0.0,6.28713,346.75946,14.759999,1008.5,1006.8757,0.0,4.198285,329.03632,9.0
2022-11-18 05:00:00,1008.8,1003.9339,0.0,4.6938257,327.52884,8.64,1008.9,1006.8196,0.0,5.8603754,349.3804,12.599999,1008.7,1007.07465,0.0,4.198285,329.03632,7.2
2022-11-18 06:00:00,1009.3,1004.42896,0.0,4.510787,331.38962,8.64,1009.3,1007.2187,0.0,6.151683,339.44388,12.24,1009.2,1007.5729,0.0,4.0249224,333.43503,7.2
2022-11-18 07:00:00,1009.8,1004.9609,0.0,6.489992,340.55988,13.32,1009.5,1007.4312,0.0,9.605998,347.00537,15.4800005,1009.6,1007.98645,0.0,6.87779,6.0089183,12.599999
2022-11-18 08:00:00,1010.7,1005.88153,0.0,3.8268526,311.18582,12.959999,1010.7,1008.63324,0.0,7.5942073,354.55975,18.359999,1010.7,1009.0936,0.0,6.87779,353.9911,17.28
2022-11-18 09:00:00,1010.9,1006.10425,0.0,1.484318,345.9637,12.959999,1011.0,1008.9376,0.0,6.87779,353.9911,18.0,1010.8,1009.2006,0.0,6.379216,343.61038,18.0
2022-11-18 10:00:00,1010.6,1005.82544,0.0,1.484318,14.036275,19.8,1010.7,1008.645,0.0,5.937272,345.9637,17.64,1010.5,1008.9077,0.0,6.28713,346.75946,22.68
2022-11-18 11:00:00,1010.0,1005.24316,0.0,2.8116899,129.80553,19.8,1010.2,1008.1503,0.0,4.5536795,341.56494,17.28,1010.0,1008.41296,0.1,3.671294,348.6901,22.68
2022-11-18 12:00:00,1008.5,1003.7581,0.0,1.8,180.0,21.96,1008.7,1006.6591,0.0,3.5455887,336.0375,15.84,1008.6,1007.01666,0.1,1.8,53.13002,20.880001
2022-11-18 13:00:00,1008.0,1003.22144,2.9,12.7279215,171.86998,28.44,1007.6,1005.56384,0.0,1.8,306.86996,14.4,1007.6,1006.019,0.1,5.1919937,146.3099,17.64
2022-11-18 14:00:00,1007.5,1002.68134,2.1,8.669949,94.76356,30.599998,1006.7,1004.66785,0.0,0.8049845,333.43503,13.32,1006.9,1005.3053,0.5,9.931042,136.46873,23.039999
2022-11-18 15:00:00,1007.1,1002.2945,0.3,7.208994,87.13766,19.44,1006.2,1004.1663,0.2,3.671294,101.3099,13.679999,1006.6,1005.0079,0.0,5.315336,151.69934,21.599998
2022-11-18 16:00:00,1007.2,1002.4013,0.2,2.0991426,30.963696,18.72,1007.4,1005.3371,3.6,10.990322,148.39255,25.56,1007.2,1005.6019,1.8,6.9527545,158.74942,20.16
2022-11-18 17:00:00,1008.3,1003.4905,0.1,2.5455842,171.86998,8.28,1008.0,1005.93756,0.1,11.923557,118.88649,21.24,1008.0,1006.39465,0.1,8.891344,111.3707,21.96
2022-11-18 18:00:00,1008.7,1003.874,0.0,4.510787,151.38963,8.28,1008.5,1006.43427,0.0,7.6367526,135.0001,20.880001,1008.5,1006.8911,0.0,5.4833565,113.19862,14.759999
2022-11-18 19:00:00,1008.7,1003.86835,0.0,3.319036,220.60121,7.2,1008.8,1006.7305,0.0,7.628263,199.29015,14.4,1008.6,1006.98706,0.0,3.8268526,228.81418,9.36
2022-11-18 20:00:00,1009.8,1004.9624,0.0,3.563818,224.9999,7.5599995,1009.6,1007.5273,0.0,5.8048253,209.7448,12.959999,1009.6,1007.98486,0.0,3.8268526,228.81418,6.8399997
2022-11-18 21:00:00,1010.0,1005.1559,0.0,5.1165614,230.71062,5.3999996,1010.0,1007.9258,0.0,3.8268526,221.18582,10.08,1009.8,1008.18384,0.0,4.6102495,231.34016,7.5599995
2022-11-18 22:00:00,1010.6,1005.7495,0.0,4.3349743,318.36655,6.12,1010.4,1008.3263,0.0,3.7064266,240.94548,8.64,1010.3,1008.68243,0.0,6.0347,252.64589,8.64
2022-11-18 23:00:00,1010.9,1006.0401,0.6,13.324863,358.45187,20.16,1011.1,1009.009,7.0,12.015589,98.61557,25.56,1010.7,1009.07465,6.5,4.8965297,53.972538,20.16
2022-11-19 00:00:00,1010.6,1005.7309,2.5,8.64,270.0,26.28,1010.7,1008.6156,0.2,3.9763298,84.805664,19.8,1010.3,1008.6768,0.4,5.991594,57.264786,8.64
2022-11-19 01:00:00,1009.8,1004.93,0.0,7.2,306.86996,15.4800005,1010.1,1008.01514,0.0,3.096837,54.46224,11.159999,1009.8,1008.17474,2.1,1.2979984,236.3099,24.48
2022-11-19 02:00:00,1008.8,1003.9314,0.0,6.792466,327.99466,13.679999,1009.1,1007.0154,0.0,4.3349743,311.63345,7.5599995,1008.8,1007.1777,0.9,7.491114,324.78232,14.759999
2022-11-19 03:00:00,1008.2,1003.3343,0.0,6.792466,327.99466,13.32,1008.5,1006.41974,0.0,4.896529,287.1028,9.36,1008.2,1006.5777,0.0,7.145796,310.91428,12.959999
2022-11-19 04:00:00,1008.4,1003.5343,0.0,6.792466,327.99466,11.5199995,1008.3,1006.2214,0.0,5.1919937,303.6901,11.5199995,1008.3,1006.6762,0.0,6.297428,329.03632,13.32
2022-11-19 05:00:00,1007.9,1003.03827,0.0,8.404285,313.26434,14.04,1008.3,1006.2205,0.0,4.6102495,308.65982,9.72,1008.1,1006.47626,0.0,6.792466,327.99466,11.879999
2022-11-19 06:00:00,1008.4,1003.5383,0.0,8.0899935,327.72437,14.4,1008.5,1006.4217,0.0,5.00128,300.25635,10.440001,1008.5,1006.8757,0.0,7.928177,309.47244,13.679999
2022-11-19 07:00:00,1009.9,1005.0441,0.0,8.714677,321.70978,20.16,1010.0,1007.92053,0.0,9.422101,313.4519,13.679999,1010.0,1008.37634,0.0,10.296251,306.46933,16.56
2022-11-19 08:00:00,1010.2,1005.36206,0.0,9.565437,340.20102,18.72,1010.5,1008.42285,0.0,7.8954163,313.1524,16.56,1010.3,1008.67804,0.3,9.178235,311.82007,18.0
2022-11-19 09:00:00,1010.2,1005.3638,0.0,11.183201,356.3087,20.519999,1010.5,1008.4282,0.0,10.1887,327.99466,20.16,1010.1,1008.48566,0.0,10.883676,325.78424,21.599998
2022-11-19 10:00:00,1009.5,1004.6775,0.2,12.522619,18.435053,24.48,1009.7,1007.63525,0.0,10.08,360.0,20.519999,1009.4,1007.7915,0.0,11.770403,336.5713,23.039999
2022-11-19 11:00:00,1009.0,1004.17926,0.2,12.72283,25.114815,24.119999,1009.1,1007.03937,0.1,11.298495,22.47948,20.880001,1008.9,1007.29456,0.1,13.039754,6.3401003,24.119999
2022-11-19 12:00:00,1007.7,1002.87976,0.8,10.495713,22.166399,23.759998,1008.1,1006.0385,0.0,11.304229,37.234917,21.24,1007.9,1006.29425,0.1,11.440979,24.145542,24.48
2022-11-19 13:00:00,1006.8,1001.9733,1.2,6.379216,16.389616,18.72,1006.9,1004.8414,0.1,11.440979,24.145542,20.16,1006.8,1005.195,0.6,11.165805,20.772345,21.24
2022-11-19 14:00:00,1005.8,1000.98065,0.3,8.654986,343.0724,16.199999,1006.2,1004.1396,0.7,11.4862,32.195713,21.96,1006.0,1004.3928,0.9,9.83268,23.749514,22.319998
2022-11-19 15:00:00,1005.5,1000.6775,0.2,8.209263,344.7448,18.359999,1005.7,1003.63715,1.0,10.365251,20.323217,19.8,1005.4,1003.7907,0.6,8.28,360.0,18.72
2022-11-19 16:00:00,1005.1,1000.2721,1.4,7.7043357,322.59457,15.84,1005.6,1003.5348,0.9,15.893093,13.091906,27.0,1005.5,1003.8896,0.2,7.928178,357.3975,14.4
2022-11-19 17:00:00,1005.4,1000.56824,0.8,7.9932966,324.16226,14.759999,1005.7,1003.6302,1.4,13.979871,11.888645,27.72,1005.5,1003.888,0.2,10.948973,350.53775,18.359999
2022-11-19 18:00:00,1006.1,1001.2591,0.6,4.39436,304.9921,14.4,1006.3,1004.22894,0.7,14.561099,8.530692,25.199999,1006.3,1004.6848,0.3,8.311245,355.03033,18.72
2022-11-19 19:00:00,1006.8,1001.9605,0.4,6.8777895,317.1211,8.28,1007.1,1005.0298,0.5,19.813087,24.702408,26.28,1006.8,1005.1852,0.1,10.1376915,353.88458,13.679999
2022-11-19 20:00:00,1007.3,1002.4524,0.2,6.638072,319.39877,12.599999,1007.7,1005.62897,2.3,13.684735,358.4926,33.48,1007.5,1005.88226,0.4,13.363711,355.36462,22.68
2022-11-19 21:00:00,1007.6,1002.751,0.2,4.8965297,323.97253,11.5199995,1007.9,1005.8276,0.4,12.620554,356.72958,23.039999,1007.7,1006.08124,0.1,13.896187,343.44284,25.199999
2022-11-19 22:00:00,1007.2,1002.3529,0.6,6.12,331.9276,11.5199995,1007.7,1005.62683,0.2,14.081478,4.398633,23.759998,1007.4,1005.7825,0.1,12.074766,349.69522,22.68
2022-11-19 23:00:00,1007.0,1002.15234,0.3,4.6938257,327.52884,10.440001,1007.3,1005.22473,0.6,14.799459,4.184834,28.44,1007.1,1005.48193,0.2,11.966954,344.2913,20.880001
2022-11-20 00:00:00,1006.7,1001.85284,0.1,5.3999996,323.13004,9.0,1007.1,1005.02454,0.6,10.948973,350.53775,26.64,1006.7,1005.08105,0.4,11.966953,338.83865,20.519999
2022-11-20 01:00:00,1006.2,1001.3537,0.1,5.3999996,323.13004,9.72,1006.5,1004.42487,0.1,11.792404,347.66092,20.519999,1006.3,1004.68097,0.5,12.55879,332.7005,22.319998
2022-11-20 02:00:00,1005.5,1000.6529,0.1,5.8603754,312.5104,10.440001,1005.9,1003.8271,0.0,13.039754,353.6599,23.039999,1005.6,1003.9821,0.1,11.113451,335.09525,21.599998
2022-11-20 03:00:00,1005.4,1000.5519,0.0,5.692099,325.30478,12.24,1005.5,1003.4269,0.1,12.605142,358.36346,23.4,1005.3,1003.682,0.8,9.504273,335.37646,20.16
2022-11-20 04:00:00,1005.3,1000.4523,0.1,6.489992,326.3099,10.799999,1005.5,1003.4266,0.1,11.901798,3.46817,21.96,1005.4,1003.7815,2.0,9.531505,349.11453,23.4
2022-11-20 05:00:00,1005.6,1000.7468,0.8,5.00128,329.74365,15.84,1005.7,1003.6259,0.0,11.252519,7.3522935,20.519999,1005.6,1003.9793,3.0,9.779817,353.6599,22.319998
2022-11-20 06:00:00,1006.0,1001.1449,2.8,8.350138,352.5687,20.16,1006.3,1004.2247,0.1,13.039754,6.3401003,21.96,1006.1,1004.4785,1.0,8.311245,355.03033,17.64
2022-11-20 07:00:00,1006.7,1001.862,0.7,6.28713,23.629398,21.24,1006.5,1004.42676,0.0,15.893093,13.091906,23.759998,1006.6,1004.98145,2.7,7.9932976,352.23492,20.16
2022-11-20 08:00:00,1007.2,1002.36017,0.9,5.3517847,19.653913,22.68,1007.6,1005.5251,0.1,12.864649,17.92802,26.28,1007.4,1005.78424,0.3,7.5599995,360.0,14.759999
2022-11-20 09:00:00,1008.1,1003.25354,1.0,7.342588,348.6901,14.04,1008.4,1006.32385,1.0,11.27553,16.699326,22.319998,1008.2,1006.58295,3.9,7.968939,18.435053,17.64
2022-11-20 10:00:00,1008.0,1003.1563,0.7,8.089993,339.14545,15.84,1008.3,1006.22736,2.9,12.287555,5.0423646,22.319998,1008.1,1006.48285,3.3,10.105681,355.91446,24.119999
2022-11-20 11:00:00,1007.2,1002.3627,0.6,8.311245,342.34976,17.28,1007.5,1005.42993,1.9,14.685176,11.3098955,25.919998,1007.2,1005.584,1.9,10.105681,355.91446,25.56
2022-11-20 12:00:00,1006.0,1001.17505,2.5,8.049845,349.69522,30.960001,1006.3,1004.2343,1.7,14.869351,6.9528637,27.0,1006.1,1004.4882,1.7,10.239453,349.8754,19.44
2022-11-20 13:00:00,1005.0,1000.1829,2.4,7.342588,348.6901,29.519999,1005.3,1003.2373,1.1,14.471821,5.7105074,26.64,1005.1,1003.49176,0.7,11.183201,356.3087,20.519999
2022-11-20 14:00:00,1004.5,999.68286,1.4,4.510787,331.38962,15.119999,1004.5,1002.44055,0.3,16.203999,1.2730018,28.08,1004.5,1002.89465,0.9,9.346143,344.3577,20.519999
2022-11-20 15:00:00,1004.1,999.2857,1.0,4.8433046,318.01288,16.199999,1004.2,1002.13806,0.4,13.363711,4.6353807,28.08,1004.1,1002.4939,1.7,9.0645685,353.15732,19.44
2022-11-20 16:00:00,1004.0,999.1862,1.0,6.3690495,312.70938,16.56,1004.1,1002.0386,0.9,13.339445,3.0939984,22.68,1004.0,1002.3945,2.1,7.2359104,354.2895,16.56
2022-11-20 17:00:00,1004.5,999.6766,0.5,3.8268526,311.18582,16.919998,1004.7,1002.6345,3.4,13.324863,1.5481218,23.759998,1004.5,1002.8912,1.7,5.815978,338.19852,12.599999
2022-11-20 18:00:00,1005.1,1000.2687,0.1,3.319036,282.5288,6.4799995,1005.3,1003.2323,1.7,13.339445,3.0939984,22.68,1005.2,1003.5891,0.9,5.1919937,303.6901,9.72
2022-11-20 19:00:00,1005.6,1000.7672,0.8,3.319036,192.5288,11.5199995,1005.7,1003.635,1.0,12.261158,356.6336,24.48,1005.5,1003.8892,0.3,5.3517847,312.27362,11.159999
2022-11-20 20:00:00,1006.4,1001.56177,0.0,4.39436,214.9921,5.3999996,1006.8,1004.7304,0.1,11.570515,354.64426,20.880001,1006.4,1004.78815,0.1,8.891343,328.24057,14.04
2022-11-20 21:00:00,1006.4,1001.55524,0.0,5.692099,304.69522,7.2,1006.8,1004.72864,0.0,14.154915,352.69434,23.4,1006.3,1004.6873,0.0,12.181625,341.02948,20.880001
2022-11-20 22:00:00,1006.5,1001.65875,0.0,3.8773184,291.80148,7.2,1006.6,1004.52673,0.0,16.263872,354.92047,27.72,1006.6,1004.9847,0.0,9.565437,340.20102,21.24
2022-11-20 23:00:00,1006.6,1001.7542,0.1,2.9024127,277.1249,6.4799995,1006.7,1004.6247,0.0,12.964998,358.40887,27.359999,1006.7,1005.08356,0.0,8.373386,334.53668,16.199999
2022-11-21 00:00:00,1006.2,1001.3512,0.0,3.2599385,276.3401,4.68,1006.5,1004.4245,0.0,10.799999,360.0,21.96,1006.4,1004.78217,0.0,7.5942082,328.5705,14.04
2022-11-21 01:00:00,1005.7,1000.8489,0.0,3.2599385,276.3401,4.68,1005.9,1003.82513,0.0,10.440001,360.0,18.72,1005.6,1003.9834,0.1,9.255571,346.50424,15.84
2022-11-21 02:00:00,1005.1,1000.2527,0.0,3.8268526,311.18582,6.4799995,1005.2,1003.126,0.0,11.183201,3.691312,19.8,1005.0,1003.3828,0.2,8.12197,347.19574,16.199999
2022-11-21 03:00:00,1004.5,999.6571,0.0,3.9763298,354.80566,8.64,1004.6,1002.5255,0.0,10.948973,9.462261,19.8,1004.5,1002.8827,0.0,6.725354,344.47583,13.679999
2022-11-21 04:00:00,1004.2,999.35706,0.1,3.4152596,341.56494,6.8399997,1004.4,1002.3254,0.0,8.825508,11.76827,19.44,1004.2,1002.5826,0.0,7.9526596,354.80566,14.04
2022-11-21 05:00:00,1004.6,999.7532,0.1,3.671294,348.6901,5.3999996,1004.7,1002.62476,0.1,9.178235,11.3098955,16.199999,1004.6,1002.9802,0.0,6.12,360.0,13.679999
2022-11-21 06:00:00,1005.2,1000.34875,0.0,4.0249224,10.304792,6.4799995,1005.4,1003.32306,0.0,8.473393,12.26477,16.56,1005.3,1003.67755,0.0,4.379589,350.53775,10.440001
2022-11-21 07:00:00,1005.3,1000.4662,0.0,5.506941,11.3098955,9.36,1005.5,1003.42847,0.0,10.308831,12.094739,16.199999,1005.4,1003.7832,0.0,7.289444,339.77505,10.440001
2022-11-21 08:00:00,1006.8,1001.97906,0.0,2.4149535,63.435013,12.24,1006.6,1004.5306,0.0,9.885262,10.491434,19.08,1006.7,1005.08826,0.0,5.3999996,360.0,13.679999
2022-11-21 09:00:00,1007.8,1002.99023,0.2,6.2145634,100.00792,15.119999,1007.6,1005.5361,0.0,7.628263,19.290138,19.44,1007.5,1005.89355,0.0,4.802999,12.99463,13.679999
2022-11-21 10:00:00,1007.3,1002.49774,0.2,4.6800003,67.3801,19.8,1007.4,1005.34155,0.0,7.754637,21.801476,17.64,1007.3,1005.69806,0.1,5.8048253,29.744795,15.119999
2022-11-21 11:00:00,1006.4,1001.60205,0.3,2.5455842,98.13002,19.08,1006.4,1004.349,0.0,7.928177,50.52757,18.0,1006.4,1004.8051,0.0,5.692099,55.304783,16.56
2022-11-21 12:00:00,1005.5,1000.71356,0.4,3.7585104,163.30067,11.5199995,1005.3,1003.25714,0.0,3.219938,63.435013,18.359999,1005.4,1003.8077,0.0,1.4399999,90.0,15.119999
2022-11-21 13:00:00,1004.4,999.625,0.4,4.39436,145.0079,14.4,1004.2,1002.16034,0.0,0.35999998,90.0,15.4800005,1004.3,1002.7113,0.1,2.4149535,153.43501,15.84
2022-11-21 14:00:00,1003.5,998.7324,0.0,3.6,126.86999,13.32,1003.3,1001.26086,0.0,1.8,216.86998,12.24,1003.4,1001.813,0.0,3.2599385,186.3401,17.64
2022-11-21 15:00:00,1003.0,998.2363,0.0,3.6,126.86999,20.16,1003.5,1001.4395,4.1,7.2,126.86999,15.84,1003.4,1001.796,2.6,10.24578,161.56496,27.0
2022-11-21 16:00:00,1003.3,998.53015,0.0,1.484318,165.96373,18.359999,1003.8,1001.7373,0.9,4.6800003,67.3801,15.84,1003.6,1001.99475,0.5,4.3349743,311.63345,20.519999
2022-11-21 17:00:00,1004.5,999.71014,0.8,1.609969,296.56497,14.759999,1005.0,1002.9326,1.5,1.9386592,291.80148,10.08,1004.7,1003.0909,0.1,5.1165614,320.7106,12.24
2022-11-21 18:00:00,1005.8,1000.9646,3.8,7.386582,313.0251,15.4800005,1005.6,1003.52954,0.3,6.28713,283.24054,11.5199995,1005.5,1003.8865,0.0,3.5455887,293.9625,10.08
2022-11-21 19:00:00,1005.7,1000.8714,1.1,4.5536795,288.43503,17.28,1005.7,1003.63617,0.1,3.5455887,203.9625,11.5199995,1005.6,1003.989,0.0,5.937272,255.96373,7.5599995
2022-11-21 20:00:00,1006.6,1001.7649,0.0,4.6800003,292.6199,6.4799995,1006.6,1004.5296,0.0,4.39436,235.0079,7.2,1006.6,1004.98816,0.0,5.7599998,270.0,10.08
2022-11-21 21:00:00,1007.2,1002.3627,0.3,4.2136917,250.0168,6.12,1007.2,1005.1288,0.0,4.379589,279.46225,7.5599995,1006.9,1005.2851,0.0,5.1544156,257.90524,10.440001
2022-11-21 22:00:00,1007.6,1002.77203,0.2,0.8049845,116.56499,5.04,1007.4,1005.32587,0.0,4.6938257,302.47116,8.64,1007.4,1005.7825,0.0,4.1046314,285.25516,8.64
2022-11-21 23:00:00,1007.9,1003.0537,0.4,4.0249224,26.564985,5.3999996,1007.6,1005.5276,0.0,4.6800003,292.6199,8.64,1007.6,1005.9821,0.0,4.6938252,265.60138,8.64
2022-11-22 00:00:00,1007.4,1002.55695,0.2,3.8773184,338.19852,5.3999996,1007.2,1005.12714,0.0,4.1046314,307.87503,9.36,1007.4,1005.7802,0.1,5.4477882,262.40546,7.5599995
2022-11-22 01:00:00,1006.6,1001.7552,0.1,3.219938,296.56497,7.5599995,1006.6,1004.5271,0.0,3.8939953,303.6901,7.5599995,1006.6,1004.983,0.2,7.729527,242.24155,12.959999
2022-11-22 02:00:00,1006.2,1001.35925,0.1,2.0991426,239.0363,4.32,1006.0,1003.9268,0.0,3.8773184,338.19852,7.92,1006.1,1004.48224,0.0,3.0758414,249.44386,13.32
2022-11-22 03:00:00,1005.4,1000.56256,0.2,1.9386592,248.19853,3.96,1005.4,1003.3274,1.2,6.12,331.9276,12.599999,1005.3,1003.68164,0.0,4.2136917,250.0168,7.2
2022-11-22 04:00:00,1005.2,1000.3641,0.0,0.0,270.0,3.2399998,1005.1,1003.02924,0.1,7.7879906,326.3099,15.119999,1005.0,1003.3813,0.0,5.2416787,254.05453,9.36
2022-11-22 05:00:00,1005.7,1000.8529,0.0,2.9024127,209.7448,3.6,1005.5,1003.42633,0.0,4.198285,329.03632,13.32,1005.6,1003.97955,0.0,4.452954,255.96373,9.0
2022-11-22 06:00:00,1006.2,1001.3537,0.0,1.8,216.86998,3.6,1006.1,1004.0224,0.0,3.563818,315.0001,8.28,1006.0,1004.37836,0.0,4.0249224,280.30478,7.92
2022-11-22 07:00:00,1007.4,1002.5611,0.0,5.2416787,164.05453,12.24,1006.7,1004.62885,0.0,9.659814,333.43503,13.679999,1007.2,1005.5846,0.0,4.39436,304.9921,11.159999
2022-11-22 08:00:00,1007.5,1002.6725,0.0,2.0364676,224.9999,12.24,1007.7,1005.6315,0.3,5.771239,356.42374,16.199999,1007.3,1005.68787,0.0,7.7879906,303.6901,15.84
2022-11-22 09:00:00,1008.5,1003.6702,0.3,7.145796,139.08571,12.959999,1008.1,1006.03406,0.0,6.8399997,360.0,15.4800005,1008.5,1006.89075,0.0,3.319036,319.39877,19.08
2022-11-22 10:00:00,1008.4,1003.5858,0.6,5.5887027,165.06853,18.0,1008.3,1006.2381,0.7,2.968636,75.96373,14.759999,1008.5,1006.88824,3.7,2.52,270.0,10.799999
2022-11-22 11:00:00,1008.1,1003.297,2.0,6.5693827,189.46225,18.0,1007.8,1005.73914,2.2,3.8773184,158.19853,15.119999,1008.1,1006.4933,0.3,1.835647,168.69011,10.440001
2022-11-22 12:00:00,1007.2,1002.395,2.7,6.28713,203.6294,24.119999,1006.7,1004.6418,1.3,8.707238,187.12492,20.16,1006.8,1005.1991,0.4,4.829907,206.56499,15.84
2022-11-22 13:00:00,1006.1,1001.3019,1.6,6.6185193,157.61983,16.919998,1005.7,1003.6448,1.1,6.725354,164.47583,20.519999,1005.6,1004.0051,0.5,5.0528407,184.08554,15.84
2022-11-22 14:00:00,1005.2,1000.398,7.6,8.759178,170.53775,18.72,1004.6,1002.5453,1.3,5.8048253,119.74479,16.56,1005.1,1003.49805,7.0,10.703569,137.72638,21.599998
2022-11-22 15:00:00,1004.7,999.8941,0.2,11.013882,168.69011,21.24,1004.3,1002.24164,0.5,12.387348,144.46223,23.039999,1004.5,1002.89655,2.4,8.089993,159.14546,22.68
2022-11-22 16:00:00,1005.0,1000.1933,0.1,10.182337,171.86998,20.519999,1005.1,1003.03424,1.4,11.928989,174.80566,23.039999,1004.8,1003.19604,2.0,8.4042845,170.13426,19.08
2022-11-22 17:00:00,1005.9,1001.0827,0.4,6.5693827,170.53775,18.0,1005.6,1003.53107,0.8,6.193674,144.46223,20.16,1005.3,1003.69525,0.1,4.8965297,143.97253,14.759999
2022-11-22 18:00:00,1006.5,1001.6717,0.0,5.1919937,146.3099,10.799999,1005.9,1003.83075,0.1,8.4963045,143.61555,14.759999,1006.2,1004.59,0.6,7.5942082,148.57048,11.879999
2022-11-22 19:00:00,1007.4,1002.5586,0.0,7.9526596,174.80566,14.759999,1006.8,1004.7321,1.1,6.519877,173.6599,17.28,1006.8,1005.189,0.9,5.5887027,165.06853,13.679999
2022-11-22 20:00:00,1008.0,1003.1532,0.6,4.8433046,138.01286,13.679999,1007.7,1005.62836,1.5,7.729527,152.24155,14.04,1007.6,1005.98737,0.1,5.904439,142.43134,10.799999
2022-11-22 21:00:00,1008.7,1003.8472,0.2,5.634891,116.56499,10.08,1008.3,1006.2265,0.6,6.6185193,157.61983,14.04,1008.3,1006.6847,0.1,5.904439,142.43134,9.72
2022-11-22 22:00:00,1008.8,1003.9477,0.0,7.42159,129.09386,12.24,1008.5,1006.42444,0.8,6.9527545,158.74942,12.959999,1008.5,1006.8828,0.0,6.3690495,132.70937,10.440001
2022-11-22 23:00:00,1008.8,1003.9446,0.0,7.127636,135.0001,12.24,1008.4,1006.3235,0.9,7.5942082,148.57048,14.759999,1008.4,1006.7818,0.0,6.3690495,132.70937,10.799999
2022-11-23 00:00:00,1008.4,1003.5446,0.0,5.904439,127.568665,11.879999,1008.2,1006.1235,0.1,10.086427,145.17545,18.72,1008.2,1006.5812,0.0,6.4096174,128.15727,10.799999
2022-11-23 01:00:00,1007.9,1003.043,0.0,5.6002855,135.0001,9.36,1007.7,1005.6224,0.0,8.4963045,143.61555,17.64,1007.6,1005.98114,0.0,6.3690495,132.70937,12.959999
2022-11-23 02:00:00,1007.8,1002.94275,0.1,6.1305785,130.23628,9.72,1007.5,1005.42084,0.0,7.8954163,136.8476,15.84,1007.4,1005.7808,0.0,6.3690495,132.70937,11.159999
2022-11-23 03:00:00,1007.1,1002.2468,0.1,7.386582,133.02507,12.24,1006.7,1004.62036,0.0,7.7043357,127.40543,14.04,1006.7,1005.08167,0.0,7.2,126.86999,12.24
2022-11-23 04:00:00,1007.0,1002.1466,0.0,7.491114,125.21768,12.599999,1006.7,1004.6197,0.0,8.4963045,126.384445,15.4800005,1006.6,1004.9812,0.0,6.696387,126.25393,12.24
2022-11-23 05:00:00,1007.5,1002.6449,0.2,8.913181,136.63654,15.119999,1007.2,1005.11804,0.0,10.195057,132.13753,17.64,1007.2,1005.5809,0.3,8.891343,148.24057,15.4800005
2022-11-23 06:00:00,1008.2,1003.34656,0.1,9.1641035,135.0001,16.199999,1007.9,1005.81696,0.0,9.931042,133.53127,18.359999,1007.8,1006.18085,0.1,7.9932966,144.16226,15.4800005
2022-11-23 07:00:00,1009.1,1004.2529,0.4,10.703569,132.27362,21.599998,1008.7,1006.62225,0.0,14.255272,135.0001,20.519999,1008.5,1006.8844,0.1,9.726664,128.991,18.359999
2022-11-23 08:00:00,1009.9,1005.0683,0.0,12.074766,116.56499,24.84,1009.5,1007.42487,0.1,14.021525,119.197395,25.56,1009.4,1007.789,0.0,13.896187,126.57312,26.28
2022-11-23 09:00:00,1010.3,1005.484,0.0,12.599998,126.86999,28.08,1010.1,1008.0319,0.2,13.363711,117.25525,27.0,1010.0,1008.3928,0.1,14.512064,136.00499,29.16
2022-11-23 10:00:00,1010.2,1005.39813,0.1,11.525623,141.34016,28.08,1010.0,1007.935,0.1,14.264361,132.95459,28.08,1009.9,1008.2992,0.2,14.480773,145.1246,30.960001
2022-11-23 11:00:00,1009.6,1004.8138,0.2,11.885453,144.86572,29.88,1009.4,1007.3407,0.3,13.237038,135.0001,30.239998,1009.2,1007.601,0.2,14.336861,141.1155,33.12
2022-11-23 12:00:00,1008.3,1003.5231,0.1,12.10157,149.62096,29.519999,1008.1,1006.0408,0.3,12.475961,133.83095,28.8,1008.2,1006.6007,0.9,15.072783,139.84407,32.039997
2022-11-23 13:00:00,1007.4,1002.6051,3.3,11.988594,138.65233,32.039997,1006.9,1004.84735,0.2,12.031756,141.07245,26.28,1007.4,1005.7972,2.9,14.118243,160.64091,34.92
2022-11-23 14:00:00,1006.5,1001.7285,0.1,13.084402,172.09293,30.960001,1006.4,1004.343,2.9,14.512064,156.61476,36.719997,1006.4,1004.8061,0.2,17.25373,156.64442,36.36
2022-11-23 15:00:00,1006.3,1001.4921,2.8,9.726665,182.12105,37.8,1006.1,1004.0407,2.8,14.512064,150.2552,31.68,1006.4,1004.7935,4.5,17.654688,177.66275,39.239998
2022-11-23 16:00:00,1007.0,1002.1894,1.7,10.105681,175.91446,25.56,1006.8,1004.72577,4.8,22.101183,167.77489,39.96,1006.9,1005.29047,2.0,16.267857,155.13632,32.039997
2022-11-23 17:00:00,1008.2,1003.36285,5.5,12.074766,169.6952,23.4,1007.5,1005.4265,0.1,15.778516,145.22209,38.519997,1007.6,1005.98773,0.2,10.990322,148.39255,28.8
2022-11-23 18:00:00,1008.7,1003.85547,0.3,9.220499,141.34016,21.24,1008.5,1006.4232,0.1,12.074766,153.43501,26.64,1008.4,1006.7836,0.1,8.654987,135.0001,19.08
2022-11-23 19:00:00,1008.8,1003.9616,0.1,6.0347,162.64589,16.919998,1008.9,1006.8271,0.0,10.315115,150.75127,20.880001,1008.7,1007.0829,0.0,9.422101,133.45189,15.119999
2022-11-23 20:00:00,1009.9,1005.05066,0.0,4.5820518,135.0001,10.08,1009.3,1007.2228,0.0,11.720751,132.5104,19.08,1009.4,1007.78107,0.1,9.693296,121.328636,16.199999
2022-11-23 21:00:00,1010.2,1005.35077,0.0,8.891344,111.3707,14.04,1009.8,1007.7196,0.0,10.630672,151.69934,21.24,1009.7,1008.08057,0.0,9.885262,123.11135,19.44
2022-11-23 22:00:00,1009.9,1005.0472,0.0,12.522619,108.43504,21.24,1009.4,1007.31854,0.0,10.799999,126.86998,17.64,1009.5,1007.8797,0.0,10.1887,122.00535,16.56
2022-11-23 23:00:00,1010.1,1005.2439,0.0,13.32,108.92474,23.759998,1009.5,1007.4183,0.0,13.53236,118.61037,22.319998,1009.5,1007.87933,0.0,14.458382,108.886185,24.119999
2022-11-24 00:00:00,1009.6,1004.74475,0.0,16.071491,105.59287,27.72,1009.3,1007.2181,0.0,11.681987,123.690094,23.039999,1009.4,1007.7795,0.0,12.783802,122.34742,26.64
2022-11-24 01:00:00,1008.9,1004.04626,0.0,14.24163,110.72565,29.519999,1008.9,1006.8176,0.0,10.948973,136.33215,19.44,1008.9,1007.27875,0.0,12.181624,124.159744,21.599998
2022-11-24 02:00:00,1008.3,1003.44604,0.0,12.287555,121.82741,24.84,1008.4,1006.31714,0.0,10.315115,150.75127,18.72,1008.4,1006.77893,0.0,9.673221,135.0001,21.24
2022-11-24 03:00:00,1008.0,1003.145,0.0,10.495713,120.96369,21.599998,1008.1,1006.0171,0.0,9.511088,150.5242,17.64,1008.1,1006.47876,0.0,7.42159,129.09386,16.56
2022-11-24 04:00:00,1008.5,1003.64197,0.0,10.383987,123.690094,18.359999,1008.0,1005.91675,0.0,11.885453,125.13428,19.8,1008.2,1006.5787,0.0,12.4811535,123.23173,20.519999
2022-11-24 05:00:00,1009.2,1004.3402,0.0,12.599998,126.86999,21.599998,1009.0,1006.9143,0.0,10.703569,137.72638,19.8,1008.9,1007.27814,0.0,11.525623,128.65984,22.68
2022-11-24 06:00:00,1009.6,1004.7407,0.0,12.783802,122.34742,23.4,1009.5,1007.41516,0.0,14.255272,135.0001,24.84,1009.6,1007.9776,0.0,11.246759,129.80553,20.16
2022-11-24 07:00:00,1010.4,1005.55396,0.1,14.8257065,119.05451,25.56,1010.2,1008.1207,0.0,17.377226,129.95749,31.319998,1010.1,1008.4802,0.0,13.891522,121.218346,28.44
2022-11-24 08:00:00,1011.0,1006.1697,0.0,18.388212,113.05133,33.839996,1010.9,1008.82587,0.0,16.418526,127.875046,29.519999,1011.0,1009.3858,0.5,15.778516,124.77791,34.56
2022-11-24 09:00:00,1011.8,1006.9816,0.1,16.179987,122.27562,37.079998,1011.9,1009.8279,0.1,15.629971,141.54626,30.599998,1011.8,1010.1902,0.2,15.696165,126.60716,34.56
2022-11-24 10:00:00,1012.0,1007.1951,0.1,14.003028,133.95847,33.48,1011.9,1009.8356,0.2,14.529915,138.01286,32.039997,1012.0,1010.38635,2.7,15.7908325,136.8476,38.16
2022-11-24 11:00:00,1011.4,1006.60126,0.1,11.808878,127.568665,33.839996,1011.3,1009.2355,0.9,14.77755,145.92276,33.48,1011.2,1009.59845,0.2,15.192682,126.32692,33.12
2022-11-24 12:00:00,1011.1,1006.2827,2.5,19.469976,123.6901,39.239998,1010.6,1008.53436,0.6,14.76439,135.0001,32.399998,1010.7,1009.0954,1.9,18.668005,129.5226,38.519997
2022-11-24 13:00:00,1010.0,1005.17975,1.4,11.808878,142.43134,40.68,1009.5,1007.4436,0.1,16.363178,140.35587,32.039997,1010.0,1008.3921,4.2,22.218153,139.60017,42.839996
2022-11-24 14:00:00,1009.1,1004.29126,2.0,16.375053,146.65927,35.28,1008.7,1006.6367,1.2,21.407139,137.72638,39.6,1008.6,1006.99347,0.4,14.021525,138.12222,41.760002
2022-11-24 15:00:00,1008.9,1004.0813,2.3,15.072783,130.15593,37.079998,1008.6,1006.5321,0.0,14.982228,144.78232,38.16,1008.5,1006.8945,0.2,18.668005,129.5226,38.16
2022-11-24 16:00:00,1008.6,1003.77545,0.0,15.580141,130.31403,28.8,1008.1,1006.0373,0.0,18.161278,140.6307,31.68,1008.1,1006.4945,0.1,18.218275,127.77575,36.719997
2022-11-24 17:00:00,1009.0,1004.1735,0.0,10.685391,122.61923,27.72,1008.8,1006.73145,0.0,14.113652,142.25313,31.319998,1008.9,1007.2886,0.0,13.246826,132.79738,33.12
2022-11-24 18:00:00,1009.9,1005.0554,0.0,9.178235,138.17992,18.72,1009.7,1007.62427,0.0,12.768586,139.574,24.119999,1009.6,1007.98395,0.0,10.691453,135.0001,23.039999
2022-11-24 19:00:00,1010.6,1005.7536,0.0,8.217153,118.8107,15.84,1010.3,1008.22516,0.0,8.942214,139.89915,21.24,1010.2,1008.5842,0.0,9.726664,128.991,18.359999
2022-11-24 20:00:00,1011.9,1007.0426,0.0,9.107359,108.43504,15.4800005,1011.5,1009.42114,0.0,9.422101,133.45189,15.4800005,1011.5,1009.88245,0.0,10.787993,115.70991,18.359999
2022-11-24 21:00:00,1011.9,1007.0376,0.0,9.885262,100.491425,16.919998,1011.6,1009.5203,0.0,10.514218,128.04709,17.64,1011.6,1009.97974,0.0,10.483357,105.945465,18.359999
2022-11-24 22:00:00,1011.8,1006.9342,0.0,8.891344,111.3707,17.28,1011.7,1009.61664,0.0,8.891343,121.75944,17.64,1011.7,1010.07715,0.0,10.137692,106.50443,18.72
2022-11-24 23:00:00,1012.0,1007.1298,0.0,9.178235,115.55992,15.4800005,1011.9,1009.8137,0.0,7.386582,136.97493,14.759999,1011.9,1010.2739,0.0,7.5942082,121.42952,17.64
2022-11-25 00:00:00,1012.0,1007.12573,0.0,7.289444,110.22495,15.4800005,1011.9,1009.8118,0.0,8.287822,124.3804,14.4,1011.9,1010.2727,0.0,8.225035,113.198616,14.04
2022-11-25 01:00:00,1011.4,1006.52545,0.0,6.9527545,111.25058,11.879999,1011.3,1009.2109,0.0,7.10031,120.46546,14.759999,1011.2,1009.57214,0.0,7.968939,108.43504,14.4
2022-11-25 02:00:00,1010.9,1006.02783,0.0,7.5685663,115.34614,13.32,1011.1,1009.009,0.0,5.1919937,123.690094,12.24,1011.1,1009.47144,0.0,6.297428,120.963684,13.32
2022-11-25 03:00:00,1010.6,1005.7154,0.0,6.9153743,128.65984,12.599999,1010.8,1008.70807,0.0,4.6102495,128.65984,9.72,1010.6,1008.97125,0.0,5.4833565,113.19862,10.799999
2022-11-25 04:00:00,1010.7,1005.81647,0.0,6.3690495,132.70937,9.0,1010.8,1008.7067,0.0,4.198285,120.96369,9.0,1010.6,1008.97125,0.0,5.506941,101.3099,9.36
2022-11-25 05:00:00,1011.1,1006.23157,0.0,3.396233,122.00535,7.5599995,1011.0,1008.9057,0.0,4.2136917,109.98319,8.28,1010.8,1009.1706,0.0,6.489992,93.17977,10.440001
2022-11-25 06:00:00,1011.4,1006.51215,0.0,5.1919937,56.309914,5.7599998,1011.4,1009.3062,0.0,5.0528407,85.91447,9.36,1011.2,1009.56964,0.0,6.519877,96.340096,11.159999
2022-11-25 07:00:00,1011.8,1006.94556,0.0,9.339208,117.552734,9.0,1012.0,1009.91473,0.0,6.8399997,90.0,14.04,1011.8,1010.17847,0.0,8.766573,109.17911,14.4
2022-11-25 08:00:00,1012.7,1007.8678,0.0,7.5942082,121.42952,17.28,1012.9,1010.8214,0.0,6.130579,93.366394,15.119999,1012.6,1010.9873,0.0,9.904906,109.09359,20.880001
2022-11-25 09:00:00,1013.0,1008.18634,0.0,8.049845,116.56499,19.08,1013.0,1010.9295,0.0,7.2359104,95.7105,17.28,1012.7,1011.09515,0.0,12.768586,111.501495,26.28
2022-11-25 10:00:00,1012.4,1007.6037,0.0,10.365251,110.32322,23.4,1012.3,1010.2398,0.0,8.373386,115.46331,19.08,1012.2,1010.6023,0.0,12.10157,120.37905,27.0
2022-11-25 11:00:00,1011.7,1006.9181,0.0,11.183201,123.17853,27.72,1011.7,1009.64825,0.1,11.457958,136.27295,23.4,1011.6,1010.00696,0.0,11.988594,131.34769,28.44
2022-11-25 12:00:00,1011.0,1006.2262,0.0,11.808878,142.43134,27.72,1011.0,1008.9516,0.1,12.287555,148.17259,24.84,1010.8,1009.20917,0.1,11.988594,138.65233,28.44
2022-11-25 13:00:00,1009.7,1004.9314,0.4,9.957108,139.39879,28.08,1009.7,1007.6546,0.0,9.021574,151.38963,25.199999,1010.1,1008.4945,3.4,15.496736,149.26459,32.760002
2022-11-25 14:00:00,1009.7,1004.8879,3.1,10.823973,183.814,26.64,1009.3,1007.2484,0.7,14.685176,168.69011,23.759998,1009.8,1008.19684,1.4,7.5170207,163.30067,32.399998
2022-11-25 15:00:00,1009.4,1004.5981,0.3,7.8954163,204.22774,21.96,1009.5,1007.42487,0.8,11.988594,138.65233,36.36,1009.4,1007.7957,0.4,11.923557,151.11351,27.359999
2022-11-25 16:00:00,1009.7,1004.88477,5.0,10.041354,165.4655,20.880001,1009.1,1007.0251,0.3,8.557102,112.24908,23.4,1009.0,1007.39655,0.0,11.119281,150.9455,23.4
2022-11-25 17:00:00,1009.9,1005.0699,1.6,2.4149535,63.435013,22.319998,1009.8,1007.72595,0.1,9.422101,133.45189,17.64,1009.7,1008.092,0.0,11.808878,127.568665,24.48
2022-11-25 18:00:00,1010.7,1005.8509,0.0,8.39657,120.96369,8.64,1010.5,1008.42224,0.0,8.049845,116.56499,16.56,1010.4,1008.7852,0.0,8.209263,105.25517,20.880001
2022-11-25 19:00:00,1011.3,1006.4594,0.0,4.0249224,116.56499,22.319998,1010.7,1008.6257,0.0,7.42159,112.833694,15.84,1010.7,1009.08594,0.0,9.686609,131.98714,13.679999
2022-11-25 20:00:00,1012.1,1007.25555,0.0,8.557102,112.24908,12.959999,1011.8,1009.7209,0.0,5.0142193,111.03758,12.24,1011.8,1010.18414,0.0,10.883676,124.21575,18.0
2022-11-25 21:00:00,1012.1,1007.2441,0.0,12.768586,111.501495,21.96,1012.0,1009.91797,0.0,4.6102495,128.65984,9.0,1012.0,1010.382,0.0,11.119281,119.05451,19.44
2022-11-25 22:00:00,1011.7,1006.83545,0.0,11.119281,119.05451,21.599998,1011.9,1009.81683,0.0,5.4833565,156.80138,9.72,1011.9,1010.279,0.0,7.9932966,125.837746,18.72
2022-11-25 23:00:00,1011.8,1006.9292,0.0,8.404285,133.26433,19.08,1011.9,1009.8153,0.0,5.771239,176.42374,10.08,1011.8,1010.17633,0.0,7.6367526,135.0001,13.32
2022-11-26 00:00:00,1011.7,1006.8247,0.0,6.193674,144.46223,14.04,1011.7,1009.6138,0.0,6.725354,164.47583,11.5199995,1011.7,1010.0746,0.0,7.9932966,144.16226,13.32
2022-11-26 01:00:00,1011.5,1006.6168,0.0,6.4096174,141.84273,10.08,1011.4,1009.3119,0.0,5.495161,148.39255,11.5199995,1011.3,1009.67365,0.0,7.6367526,135.0001,13.32
2022-11-26 02:00:00,1010.9,1006.0213,0.0,4.8433046,138.01286,7.5599995,1010.8,1008.71155,0.0,5.3999996,143.13002,10.08,1010.7,1009.07294,0.0,8.209263,127.875046,14.4
2022-11-26 03:00:00,1010.6,1005.72363,0.0,5.154415,114.775116,7.92,1010.6,1008.5106,0.0,4.8433046,138.01286,9.72,1010.4,1008.77344,0.0,7.24486,116.56499,14.04
2022-11-26 04:00:00,1010.5,1005.62976,0.0,5.506941,101.3099,8.64,1010.6,1008.50964,0.0,4.1046314,127.875046,9.36,1010.3,1008.67334,0.0,5.3517847,109.653915,12.599999
2022-11-26 05:00:00,1010.7,1005.83453,0.0,6.87779,83.99109,11.879999,1010.8,1008.70807,0.0,3.219938,116.56499,8.64,1010.6,1008.97095,0.0,5.0528407,94.08554,9.0
2022-11-26 06:00:00,1011.0,1006.13153,0.0,5.8048253,82.875084,11.5199995,1011.0,1008.90826,0.0,4.2136917,109.98319,8.64,1010.9,1009.2676,0.0,5.315336,61.69934,8.28
2022-11-26 07:00:00,1012.5,1007.647,0.0,5.991594,57.264786,15.84,1012.4,1010.31775,0.0,6.379216,73.61038,12.599999,1012.4,1010.77625,0.0,4.0249224,10.304792,10.440001
2022-11-26 08:00:00,1013.0,1008.15656,0.2,4.379589,9.462248,14.4,1012.9,1010.8218,0.0,6.9247384,62.10283,15.84,1012.8,1011.1829,0.0,8.766573,70.8209,19.44
2022-11-26 09:00:00,1013.0,1008.169,0.0,6.638072,12.528798,17.28,1013.3,1011.2279,0.0,4.452954,75.96373,19.8,1013.1,1011.4869,0.0,5.495161,58.392544,19.44
2022-11-26 10:00:00,1012.8,1007.9857,0.0,5.8603754,10.61961,20.880001,1012.9,1010.8326,0.0,3.9763298,5.19435,18.359999,1012.7,1011.09454,0.0,4.072935,44.999897,16.919998
2022-11-26 11:00:00,1012.4,1007.5996,0.2,3.4152596,18.435053,19.8,1012.4,1010.3381,0.1,3.5455887,336.0375,19.08,1012.3,1010.7008,0.0,3.7585104,73.300674,18.359999
2022-11-26 12:00:00,1011.1,1006.3105,0.2,1.8,360.0,18.0,1011.2,1009.142,0.0,3.096837,324.46225,18.359999,1011.0,1009.4044,0.1,3.319036,77.4712,18.359999
2022-11-26 13:00:00,1009.6,1004.8286,0.2,1.1384199,71.564964,15.119999,1009.9,1007.8472,0.0,2.5455842,315.0001,17.64,1009.7,1008.1072,0.0,2.9024127,82.875084,17.28
2022-11-26 14:00:00,1008.5,1003.7181,0.3,4.73506,81.25392,14.04,1008.2,1006.15283,0.0,2.4149535,333.43503,12.599999,1008.3,1006.7103,0.0,3.8939953,123.6901,16.56
2022-11-26 15:00:00,1008.7,1003.8983,0.1,10.966713,156.80138,21.599998,1007.9,1005.8532,0.1,4.0249224,79.69521,11.5199995,1008.2,1006.59937,0.6,15.696165,143.39284,28.44
2022-11-26 16:00:00,1008.9,1004.0643,0.5,9.422101,96.581856,23.759998,1008.2,1006.13837,0.3,9.449572,139.63554,18.359999,1008.5,1006.8863,0.1,14.386494,121.701385,31.68
2022-11-26 17:00:00,1009.3,1004.45984,0.1,6.849467,86.98728,18.72,1009.3,1007.22253,2.2,15.696165,126.60716,26.28,1008.9,1007.281,0.3,10.028439,111.03758,27.359999
2022-11-26 18:00:00,1009.4,1004.55054,0.1,3.671294,78.6901,11.879999,1009.5,1007.4154,0.5,10.464797,116.56499,29.519999,1009.3,1007.68036,0.4,10.787993,64.2901,19.08
2022-11-26 19:00:00,1009.8,1004.9461,0.0,2.5455842,315.0001,7.2,1010.0,1007.9198,0.4,7.072878,75.25639,17.64,1009.6,1007.97986,0.1,4.896529,72.89719,18.0
2022-11-26 20:00:00,1010.3,1005.4395,0.0,2.0364676,315.0001,4.68,1010.5,1008.41876,0.1,2.0991426,59.03632,12.24,1010.3,1008.6813,0.0,2.9024127,60.255207,8.64
2022-11-26 21:00:00,1010.8,1005.939,0.0,1.609969,296.56497,4.32,1010.6,1008.51575,0.0,2.9024127,82.875084,5.04,1010.5,1008.879,0.0,3.219938,63.435013,4.32
2022-11-26 22:00:00,1010.7,1005.8468,0.0,2.0991426,30.963696,2.16,1010.7,1008.6139,0.0,3.8268526,41.185837,5.3999996,1010.5,1008.87616,0.0,3.6,53.13002,6.12
2022-11-26 23:00:00,1010.6,1005.74475,0.0,4.6938252,175.60138,5.04,1010.5,1008.41504,0.0,4.072935,44.999897,6.8399997,1010.5,1008.8742,0.0,4.39436,34.9921,6.12
2022-11-27 00:00:00,1010.2,1005.3344,0.0,4.39436,145.0079,8.28,1010.1,1008.024,0.0,1.835647,101.3099,6.12,1010.1,1008.4762,0.0,3.396233,57.99466,6.4799995
2022-11-27 01:00:00,1009.8,1004.93475,0.0,4.3349743,131.63345,7.92,1009.8,1007.72363,0.0,1.08,180.0,3.2399998,1009.7,1008.0765,0.0,0.71999997,270.0,3.6
2022-11-27 02:00:00,1009.8,1004.92596,0.0,7.0911775,113.962494,8.28,1009.8,1007.71704,0.0,3.319036,167.4712,5.04,1009.8,1008.17474,0.0,1.9386592,248.19853,2.52
2022-11-27 03:00:00,1009.4,1004.5279,0.0,6.6185193,112.38018,8.28,1009.4,1007.3122,0.0,4.0249224,153.43501,7.2,1009.4,1007.7745,0.0,1.1384199,341.56494,2.16
2022-11-27 04:00:00,1009.3,1004.4355,0.0,4.802999,77.00539,7.92,1009.2,1007.11237,0.0,3.8268526,138.81418,7.2,1009.1,1007.4702,0.0,3.4152596,18.435053,3.96
2022-11-27 05:00:00,1009.6,1004.7357,0.0,3.671294,78.6901,6.4799995,1009.3,1007.2115,0.0,3.7064266,119.05451,7.2,1009.3,1007.66895,0.0,4.3498964,65.55606,7.2
2022-11-27 06:00:00,1009.9,1005.0334,0.0,4.198285,59.03632,7.2,1009.9,1007.81116,0.0,6.830519,108.43504,11.5199995,1009.8,1008.17065,0.0,4.802999,77.00539,8.64
2022-11-27 07:00:00,1010.7,1005.8509,0.0,6.830519,71.564964,11.879999,1010.6,1008.51794,0.0,6.379216,106.38962,14.04,1010.4,1008.7804,0.0,6.4799995,90.0,12.959999
2022-11-27 08:00:00,1011.8,1006.9665,0.0,9.346143,74.3577,20.16,1011.5,1009.42426,0.0,8.28,90.0,17.64,1011.4,1009.789,0.0,12.324414,96.70974,23.4
2022-11-27 09:00:00,1011.8,1006.9809,0.0,9.904906,70.90642,22.319998,1011.7,1009.63116,0.0,8.647496,87.614105,19.08,1011.5,1009.8958,0.0,12.324414,96.70974,26.28
2022-11-27 10:00:00,1011.4,1006.598,0.0,8.427383,70.01681,22.319998,1011.4,1009.3401,0.0,8.28,90.0,19.8,1011.1,1009.5027,0.1,12.605142,91.63654,27.0
2022-11-27 11:00:00,1010.6,1005.816,0.1,9.114471,80.909805,21.96,1010.6,1008.54767,0.0,6.162207,83.29026,19.08,1010.4,1008.80707,0.1,12.959999,90.0,27.359999
2022-11-27 12:00:00,1009.6,1004.8255,0.1,6.8399997,90.0,22.68,1009.6,1007.5557,0.0,6.130579,86.63361,17.28,1009.5,1007.91003,0.2,11.304229,99.16227,27.359999
2022-11-27 13:00:00,1008.3,1003.5395,0.2,5.2416787,105.945465,19.8,1008.2,1006.16205,0.1,6.130579,93.366394,16.919998,1008.2,1006.6123,0.2,10.636766,113.962494,24.84
2022-11-27 14:00:00,1007.1,1002.3419,0.4,8.435069,129.80553,20.880001,1006.7,1004.666,0.1,7.072878,104.743614,16.199999,1006.8,1005.21545,0.0,9.726664,128.991,23.759998
2022-11-27 15:00:00,1007.0,1002.2013,4.3,7.145796,130.91429,25.199999,1006.6,1004.5601,0.2,11.753876,139.9698,20.519999,1007.0,1005.40295,1.7,13.584932,147.99466,29.519999
2022-11-27 16:00:00,1007.7,1002.8838,2.6,9.504273,155.37645,17.28,1007.1,1005.0494,0.1,13.910169,169.56258,24.48,1007.2,1005.60095,0.0,10.703569,137.72638,27.359999
2022-11-27 17:00:00,1007.8,1002.98334,0.1,1.9386592,158.19853,16.919998,1007.7,1005.63934,0.0,10.661107,168.31065,24.48,1007.5,1005.89703,0.5,8.217153,151.1893,19.8
2022-11-27 18:00:00,1008.6,1003.7811,0.0,3.7585104,196.69933,5.3999996,1009.1,1007.01886,3.3,4.6102495,141.34016,17.64,1008.6,1006.99,0.0,4.6102495,141.34016,14.4
2022-11-27 19:00:00,1009.1,1004.26996,0.0,5.2416787,164.05453,7.5599995,1008.9,1006.83405,0.4,1.1384199,108.43504,10.08,1008.8,1007.18964,0.0,5.2416787,164.05453,7.2
2022-11-27 20:00:00,1010.2,1005.36115,0.0,4.6102495,128.65984,8.28,1009.9,1007.8283,0.0,4.379589,99.46225,7.5599995,1009.8,1008.1883,0.0,8.287822,145.6196,13.679999
2022-11-27 21:00:00,1010.7,1005.85815,0.0,6.763786,115.20109,12.24,1010.3,1008.2259,0.0,3.8939953,146.3099,9.0,1010.5,1008.8837,0.0,6.1305785,130.23628,14.04
2022-11-27 22:00:00,1010.5,1005.65405,0.0,8.39657,120.96369,14.759999,1010.7,1008.6212,0.0,3.9763298,174.80566,7.2,1010.6,1008.981,0.0,6.193674,125.537766,11.879999
2022-11-27 23:00:00,1010.8,1005.939,0.0,5.95906,115.01687,14.04,1010.8,1008.71814,0.0,3.7585104,163.30067,9.0,1010.7,1009.079,0.0,5.3517847,132.27362,10.08
2022-11-28 00:00:00,1010.4,1005.53503,0.0,6.1305785,130.23628,8.64,1010.3,1008.2201,0.0,6.6087217,150.64235,10.799999,1010.3,1008.6774,0.0,4.6800003,112.61991,8.64
2022-11-28 01:00:00,1009.9,1005.0353,0.0,6.4096174,141.84273,9.0,1009.9,1007.81903,0.0,5.1919937,146.3099,11.5199995,1009.8,1008.1761,0.0,5.0142193,111.03758,7.5599995
2022-11-28 02:00:00,1009.8,1004.93,0.0,6.489992,160.55988,7.92,1009.6,1007.51843,0.0,6.696387,143.74608,11.879999,1009.6,1007.9747,0.0,4.8965297,126.027466,7.92
2022-11-28 03:00:00,1009.5,1004.62897,0.0,6.193674,144.46223,8.28,1009.4,1007.31696,0.0,4.8965297,143.97253,11.879999,1009.2,1007.5745,0.0,5.3517847,109.653915,7.5599995
2022-11-28 04:00:00,1009.1,1004.22833,0.0,6.193674,125.537766,8.28,1009.1,1007.016,0.0,4.8433046,138.01286,9.72,1008.9,1007.27527,0.0,4.510787,118.61037,7.92
2022-11-28 05:00:00,1009.4,1004.52527,0.0,6.489992,109.440125,8.64,1009.4,1007.3141,0.0,4.072935,135.0001,9.0,1009.2,1007.57324,0.0,5.3999996,90.0,7.5599995
2022-11-28 06:00:00,1009.8,1004.9265,0.0,5.4477882,82.40546,8.64,1009.8,1007.71265,0.0,4.0249224,116.56499,8.28,1009.6,1007.9719,0.0,4.829907,63.435013,7.5599995
2022-11-28 07:00:00,1011.0,1006.15265,0.0,7.5685663,87.27374,15.4800005,1010.8,1008.71906,0.0,7.42159,112.833694,12.959999,1010.7,1009.0806,0.0,6.5693827,99.46225,12.24
2022-11-28 08:00:00,1011.7,1006.8685,0.0,10.105681,94.08554,20.880001,1011.7,1009.6268,0.0,9.693296,111.801476,17.64,1011.5,1009.88885,0.0,10.137692,106.50443,20.16
2022-11-28 09:00:00,1012.1,1007.2852,0.0,10.823973,86.186005,23.759998,1012.0,1009.934,0.0,11.177405,104.93147,22.319998,1011.8,1010.19653,0.1,13.627795,102.200455,27.72
2022-11-28 10:00:00,1011.8,1007.00336,0.0,10.8955765,82.40546,24.48,1011.8,1009.7414,0.0,10.805999,88.09089,22.319998,1011.5,1009.90204,0.1,13.084402,97.907074,27.72
2022-11-28 11:00:00,1010.9,1006.12036,0.0,10.948973,80.53775,24.84,1011.0,1008.9484,0.0,10.239453,79.87539,22.68,1010.7,1009.10657,0.2,12.324414,96.70974,27.72
2022-11-28 12:00:00,1009.8,1005.034,0.2,9.726665,87.87895,24.48,1009.9,1007.8554,0.0,9.178235,78.6901,21.96,1009.7,1008.109,0.4,12.015589,98.61557,27.0
2022-11-28 13:00:00,1008.9,1004.1467,0.0,8.28,90.0,22.319998,1008.9,1006.8603,0.0,9.47012,81.25392,20.880001,1008.9,1007.31256,0.1,9.9571085,102.5288,26.64
2022-11-28 14:00:00,1008.0,1003.2526,0.0,9.0,106.26028,20.519999,1007.8,1005.7638,0.0,8.759178,80.53775,20.519999,1007.9,1006.31415,0.1,9.6932955,105.06854,24.119999
2022-11-28 15:00:00,1007.4,1002.6444,0.1,10.966713,113.19862,21.96,1007.1,1005.06604,0.0,8.427383,109.98319,18.359999,1007.4,1005.8101,1.0,9.693296,158.19853,24.48
2022-11-28 16:00:00,1007.7,1002.92596,0.4,8.435069,129.80553,22.319998,1007.6,1005.554,0.2,10.948973,152.59251,19.08,1007.9,1006.30023,0.8,6.12,151.92761,23.039999
2022-11-28 17:00:00,1008.1,1003.30963,0.0,3.0547013,135.0001,15.4800005,1008.3,1006.24316,0.3,10.08,180.0,19.08,1008.2,1006.59845,0.0,4.802999,167.00539,12.599999
2022-11-28 18:00:00,1009.1,1004.2809,0.0,5.495161,211.60745,6.4799995,1009.2,1007.1334,0.0,6.638072,229.39879,16.919998,1009.0,1007.389,0.0,4.379589,189.46225,8.28
2022-11-28 19:00:00,1009.6,1004.77124,0.1,6.8777895,137.12111,6.4799995,1009.6,1007.5358,0.0,5.4477882,187.59456,11.5199995,1009.4,1007.7905,0.5,5.8603754,169.3804,12.24
2022-11-28 20:00:00,1010.4,1005.56995,0.0,4.6938257,147.52882,8.28,1010.3,1008.23364,0.0,5.771239,183.57626,10.08,1010.3,1008.69037,0.0,8.049845,153.43501,13.32
2022-11-28 21:00:00,1010.5,1005.6639,0.0,7.145796,139.08571,11.5199995,1010.3,1008.22864,0.0,4.3349743,175.23645,9.72,1010.3,1008.68787,0.0,10.383987,146.3099,17.28
2022-11-28 22:00:00,1010.4,1005.56116,0.0,8.942214,130.10085,15.84,1010.4,1008.3259,0.0,5.0911684,188.13002,8.64,1010.4,1008.7852,0.0,8.78872,145.0079,17.28
2022-11-28 23:00:00,1010.6,1005.7536,0.0,7.2,143.13002,15.4800005,1010.7,1008.6234,0.0,6.8399997,180.0,11.159999,1010.7,1009.0822,0.0,7.289445,147.09476,14.4
2022-11-29 00:00:00,1010.8,1005.9438,0.0,5.00128,149.74365,12.24,1010.7,1008.6218,0.0,6.725354,164.47583,12.24,1010.6,1008.981,0.0,7.386582,136.97493,12.24
2022-11-29 01:00:00,1010.4,1005.54095,0.0,6.9153743,141.34016,8.64,1010.4,1008.31995,0.0,4.896529,162.89719,11.159999,1010.3,1008.67957,0.0,6.618519,135.0001,12.24
2022-11-29 02:00:00,1010.2,1005.3435,0.0,6.6185193,112.38018,7.92,1010.2,1008.1194,0.0,5.8603754,169.3804,10.440001,1010.1,1008.4781,0.0,5.0911684,135.0001,10.440001
2022-11-29 03:00:00,1009.9,1005.0343,0.0,8.049845,79.69521,9.36,1009.9,1007.81903,0.0,4.73506,171.25392,10.799999,1009.8,1008.1761,0.0,6.1305785,130.23628,7.5599995
2022-11-29 04:00:00,1009.5,1004.63873,0.0,5.6920996,71.564964,9.72,1009.7,1007.6142,0.0,4.1046314,164.74483,8.64,1009.5,1007.87524,0.0,6.193674,125.537766,8.28
2022-11-29 05:00:00,1009.7,1004.8336,0.0,6.379216,73.61038,8.64,1009.9,1007.8134,0.0,4.73506,171.25392,6.8399997,1009.7,1008.07495,0.0,5.3999996,126.86998,8.28
2022-11-29 06:00:00,1010.3,1005.4251,0.0,6.9527545,68.74943,9.0,1010.3,1008.2201,0.0,1.484318,165.96373,7.2,1010.2,1008.57666,0.0,3.6,90.0,6.12
2022-11-29 07:00:00,1011.3,1006.45276,0.0,7.6367526,81.86999,12.959999,1011.5,1009.42303,0.0,3.7064266,60.94549,5.7599998,1011.3,1009.6828,0.0,4.829907,63.435013,9.0
2022-11-29 08:00:00,1012.0,1007.1753,0.0,6.725354,74.47583,16.199999,1012.3,1010.2261,0.3,1.1384199,341.56494,10.440001,1012.0,1010.3889,0.0,5.3517847,70.346085,13.679999
2022-11-29 09:00:00,1012.5,1007.6928,0.0,6.489992,56.3099,17.28,1012.6,1010.53186,0.0,2.9024127,7.12493,16.199999,1012.4,1010.79407,0.0,5.991594,57.264786,15.84
2022-11-29 10:00:00,1012.2,1007.40784,0.0,5.904439,52.431335,17.28,1012.3,1010.2366,0.0,3.319036,347.4712,17.28,1012.1,1010.4999,0.0,5.937272,75.96373,16.56
2022-11-29 11:00:00,1011.2,1006.42645,0.0,4.68,90.0,17.28,1011.5,1009.4405,0.1,4.896529,342.8972,19.08,1011.2,1009.6051,0.2,8.427383,70.01681,20.519999
2022-11-29 12:00:00,1010.2,1005.43365,0.1,6.489992,19.440128,17.64,1010.3,1008.24255,0.1,5.4833565,336.8014,20.519999,1010.1,1008.5081,0.6,7.7043357,52.594578,20.519999
2022-11-29 13:00:00,1009.3,1004.5332,0.0,6.9899354,11.888645,20.519999,1009.3,1007.2494,0.0,2.6208394,344.05453,19.8,1009.1,1007.5106,0.4,9.511088,60.524208,20.519999
2022-11-29 14:00:00,1008.1,1003.3426,0.0,5.0911684,8.130019,18.72,1008.2,1006.1526,0.0,4.2136917,340.0168,13.32,1008.0,1006.4101,0.2,7.928177,39.47243,24.119999
2022-11-29 15:00:00,1007.7,1002.94617,0.0,3.6,360.0,14.759999,1007.8,1005.7546,0.0,4.896529,342.8972,13.679999,1007.7,1006.1122,0.0,5.6233797,39.805527,18.72
2022-11-29 16:00:00,1007.7,1002.9408,0.0,2.6208394,15.945477,11.159999,1007.5,1005.4552,0.0,3.96,360.0,12.24,1007.5,1005.9116,0.0,4.73506,81.25392,14.759999
2022-11-29 17:00:00,1007.9,1003.1137,0.0,2.7416782,336.8014,7.2,1007.7,1005.6523,0.0,1.9386592,338.19852,9.36,1007.8,1006.205,0.0,3.5455887,66.037506,11.5199995
2022-11-29 18:00:00,1008.4,1003.5868,0.0,5.4477882,97.59455,6.12,1008.4,1006.34045,0.0,4.198285,120.96369,6.4799995,1008.3,1006.69354,0.0,6.193674,54.46224,7.2
2022-11-29 19:00:00,1009.8,1004.98065,0.0,6.618519,135.0001,16.199999,1009.6,1007.53674,0.0,4.6938257,122.471176,5.7599998,1009.6,1007.9918,0.0,7.42159,157.1663,11.879999
2022-11-29 20:00:00,1010.6,1005.77374,0.0,8.669949,131.63345,14.04,1010.4,1008.3387,0.0,3.0547013,135.0001,7.92,1010.6,1008.98895,0.0,10.233123,140.71062,17.64
2022-11-29 21:00:00,1011.1,1006.2604,0.0,8.39657,120.96369,16.919998,1011.0,1008.9263,0.0,4.6938252,184.39862,7.5599995,1011.1,1009.4852,0.0,8.669949,131.63345,17.28
2022-11-29 22:00:00,1011.0,1006.1494,0.0,6.830519,108.43504,14.4,1011.0,1008.926,0.0,8.350138,172.56868,14.759999,1011.0,1009.38135,0.0,5.991594,122.73522,14.4
2022-11-29 23:00:00,1010.9,1006.0386,0.0,5.3517847,109.653915,11.5199995,1011.1,1009.02,0.0,4.73506,171.25392,14.4,1011.1,1009.47766,0.0,4.8433046,131.98714,9.36
2022-11-30 00:00:00,1010.8,1005.934,0.0,6.849467,93.012726,9.36,1010.8,1008.71716,0.0,4.452954,165.96373,8.64,1010.8,1009.17566,0.0,4.8965297,143.97253,7.5599995
2022-11-30 01:00:00,1010.3,1005.4339,0.0,6.5693827,80.53775,7.92,1010.3,1008.2164,0.0,4.6938252,175.60138,8.64,1010.3,1008.67395,0.0,5.00128,149.74365,7.92
2022-11-30 02:00:00,1010.0,1005.1394,0.0,5.315336,61.69934,7.5599995,1010.1,1008.0126,0.0,4.68,180.0,8.64,1009.9,1008.2721,0.0,6.0347,162.64589,7.2
2022-11-30 03:00:00,1009.5,1004.63776,0.0,5.1165614,50.710617,6.4799995,1009.7,1007.6142,0.0,4.198285,210.96368,7.5599995,1009.4,1007.77576,0.0,4.3349743,175.23645,7.92
2022-11-30 04:00:00,1009.4,1004.52527,0.0,5.634891,26.564985,6.12,1009.5,1007.4148,0.0,4.1046314,254.74483,6.12,1009.3,1007.67303,0.0,1.2979984,326.3099,5.04
2022-11-30 05:00:00,1009.6,1004.7168,0.0,6.162207,6.70975,8.64,1009.5,1007.4164,0.0,4.379589,279.46225,6.4799995,1009.4,1007.7675,0.0,3.319036,347.4712,5.04
2022-11-30 06:00:00,1010.2,1005.31964,0.0,5.0528407,4.085537,8.28,1010.2,1008.11566,0.0,4.39436,325.0079,6.8399997,1010.0,1008.3644,0.0,4.3349743,355.23645,5.7599998
2022-11-30 07:00:00,1011.6,1006.74976,0.0,5.8603754,10.61961,13.679999,1011.6,1009.51996,0.0,1.1384199,18.435053,12.24,1011.4,1009.7767,0.0,4.73506,8.746089,11.159999
2022-11-30 08:00:00,1012.2,1007.375,0.0,5.815978,21.801476,14.4,1012.3,1010.2268,0.0,5.0911684,351.87,12.959999,1012.1,1010.4862,0.0,4.6800003,22.61991,13.32
2022-11-30 09:00:00,1012.3,1007.49274,0.0,6.489992,33.6901,16.919998,1012.4,1010.33264,0.0,7.42159,345.9637,18.0,1012.2,1010.594,0.0,5.3517847,19.653913,15.84
2022-11-30 10:00:00,1012.0,1007.2119,0.0,5.4833565,23.198618,21.24,1012.2,1010.1387,0.0,7.968939,341.56494,19.44,1011.9,1010.3018,0.0,5.506941,11.3098955,16.919998
2022-11-30 11:00:00,1011.7,1006.92883,0.0,3.96,360.0,16.199999,1012.0,1009.9458,0.0,6.9247384,332.1028,20.519999,1011.7,1010.10815,0.0,5.7599998,360.0,20.519999
2022-11-30 12:00:00,1010.5,1005.7455,0.0,3.0547013,315.0001,14.04,1010.9,1008.8518,0.0,6.763786,334.79892,20.519999,1010.6,1009.0098,0.0,5.4119864,3.8140097,21.599998
2022-11-30 13:00:00,1009.2,1004.45636,0.0,1.1384199,288.43503,16.56,1009.4,1007.35736,0.0,5.692099,325.30478,17.64,1009.3,1007.7121,0.0,4.0249224,333.43503,21.599998
2022-11-30 14:00:00,1008.3,1003.559,0.0,2.16,270.0,16.199999,1008.4,1006.36127,0.0,4.8433046,318.01288,16.199999,1008.3,1006.7154,0.0,2.8116899,309.8055,19.44
2022-11-30 15:00:00,1007.6,1002.86005,0.0,2.968636,255.96373,10.440001,1007.6,1005.56226,0.0,3.096837,324.46225,14.04,1007.6,1006.0155,0.1,1.8,36.86999,16.56
2022-11-30 16:00:00,1007.6,1002.85126,0.0,3.396233,302.00534,15.84,1007.5,1005.46246,0.0,2.8116899,50.194473,10.440001,1007.5,1005.9116,0.2,4.379589,99.46225,14.4
2022-11-30 17:00:00,1008.0,1003.21893,0.0,3.6179552,275.7105,9.0,1007.6,1005.5524,0.0,3.396233,122.00535,7.5599995,1008.2,1006.59436,1.0,6.849467,86.98728,16.919998
2022-11-30 18:00:00,1008.5,1003.6869,0.0,4.2136917,250.0168,6.12,1008.2,1006.1406,0.0,5.8603754,137.4896,10.08,1008.4,1006.7865,0.0,3.9763298,174.80566,11.879999
2022-11-30 19:00:00,1010.0,1005.16876,0.0,10.440001,90.0,4.68,1009.0,1006.9377,0.0,4.1046314,142.12495,12.599999,1009.1,1007.49194,0.0,6.9247384,117.89718,6.4799995
2022-11-30 20:00:00,1010.3,1005.4591,0.1,5.771239,86.423744,21.24,1010.0,1007.9341,0.0,6.5693827,99.46225,8.64,1009.8,1008.1908,0.0,7.6367526,135.0001,16.199999
2022-11-30 21:00:00,1010.5,1005.65,0.0,3.6,36.86999,10.440001,1010.1,1008.0281,0.2,9.9571085,102.5288,23.039999,1010.2,1008.5871,0.0,8.049845,116.56499,14.4
2022-11-30 22:00:00,1010.1,1005.26324,0.0,2.5455842,81.86999,6.12,1010.1,1008.023,0.0,5.904439,127.568665,16.199999,1010.1,1008.48315,0.0,6.130579,86.63361,13.679999
2022-11-30 23:00:00,1010.5,1005.66064,0.0,2.8116899,39.805527,3.2399998,1010.5,1008.41876,0.0,3.7585104,106.699326,10.440001,1010.4,1008.7804,0.0,3.96,90.0,9.72
2022-12-01 00:00:00,1010.6,1005.74786,0.0,4.5536795,71.564964,5.04,1010.4,1008.3171,0.0,3.8773184,68.19853,6.8399997,1010.4,1008.7789,0.0,5.1165614,129.28938,8.64
2022-12-01 01:00:00,1009.9,1005.0399,0.0,6.9247384,62.10283,7.2,1010.0,1007.9163,0.0,4.198285,59.03632,7.2,1009.8,1008.17664,0.0,3.671294,101.3099,8.64
2022-12-01 02:00:00,1009.4,1004.5458,0.0,5.6233797,50.194473,9.36,1009.5,1007.4189,0.0,4.6102495,38.65983,8.28,1009.2,1007.57635,0.0,3.7064266,60.94549,5.7599998
2022-12-01 03:00:00,1008.8,1003.9467,0.0,5.1165614,39.289394,9.0,1009.0,1006.92065,0.0,6.792466,32.005356,12.24,1008.8,1007.1758,0.0,4.3498964,24.443953,7.2
2022-12-01 04:00:00,1008.7,1003.83685,0.0,6.638072,49.398785,8.28,1008.8,1006.7191,0.0,6.439876,26.564985,12.599999,1008.7,1007.07495,0.0,4.5536795,18.435053,8.28
2022-12-01 05:00:00,1008.5,1003.6344,0.0,6.151683,20.556128,9.0,1008.9,1006.8186,0.0,9.107359,18.435053,15.84,1008.6,1006.9726,0.0,4.3349743,355.23645,7.2
2022-12-01 06:00:00,1009.0,1004.13135,0.0,5.3517847,19.653913,7.2,1009.2,1007.1174,0.0,9.346143,15.642312,16.919998,1008.9,1007.27313,0.0,5.2416787,344.05453,8.64
2022-12-01 07:00:00,1009.3,1004.46387,0.0,3.6,36.86999,11.159999,1009.6,1007.5269,0.0,11.620809,16.189287,21.24,1009.3,1007.685,0.0,5.771239,356.42374,12.599999
2022-12-01 08:00:00,1010.5,1005.68304,0.0,7.145796,49.085716,16.56,1010.7,1008.62915,0.0,13.32,18.924751,24.48,1010.3,1008.6923,0.0,6.849467,356.98727,16.56
2022-12-01 09:00:00,1011.1,1006.2938,0.0,7.289445,57.094753,19.08,1011.1,1009.0355,0.0,12.181624,34.159744,25.56,1011.0,1009.3982,0.0,6.5693827,9.462261,18.0
2022-12-01 10:00:00,1011.0,1006.212,0.0,5.6233797,50.194473,18.359999,1011.3,1009.24304,0.0,10.233123,50.710617,24.48,1011.0,1009.40283,0.0,5.8048253,7.12493,18.0
2022-12-01 11:00:00,1010.0,1005.23303,0.0,3.219938,26.564985,16.919998,1010.3,1008.2514,0.0,7.145796,40.9143,21.96,1010.1,1008.50903,0.0,4.73506,351.2539,17.28
2022-12-01 12:00:00,1008.9,1004.1524,0.0,2.4149535,333.43503,13.32,1009.3,1007.2579,0.0,5.815978,21.801476,18.0,1009.1,1007.5151,0.0,3.6,360.0,15.84
2022-12-01 13:00:00,1008.1,1003.36365,0.0,4.379589,80.53775,13.32,1008.3,1006.26276,0.0,6.638072,347.4712,16.919998,1008.0,1006.4193,0.0,3.096837,324.46225,14.4
2022-12-01 14:00:00,1007.3,1002.56744,0.0,2.4149535,116.56499,14.4,1007.5,1005.46655,0.0,7.208994,357.13766,18.0,1007.3,1005.721,0.0,3.6,53.13002,13.32
2022-12-01 15:00:00,1006.7,1001.9687,0.0,2.6208394,254.05453,9.72,1007.0,1004.9647,0.2,8.669949,41.63345,18.72,1006.8,1005.2199,0.0,5.6002855,44.999897,13.679999
2022-12-01 16:00:00,1006.5,1001.758,0.0,4.896529,252.89719,9.72,1006.6,1004.5624,0.0,5.0911684,44.999897,15.4800005,1006.5,1004.9192,0.0,4.896529,17.102825,13.679999
2022-12-01 17:00:00,1007.0,1002.2325,0.0,5.1919937,236.3099,9.36,1006.8,1004.76044,0.0,1.484318,104.03627,9.0,1006.9,1005.3109,0.0,2.6208394,15.945477,10.08
2022-12-01 18:00:00,1007.5,1002.7087,0.0,5.692099,235.30478,10.08,1007.2,1005.14575,0.0,4.896529,162.89719,7.5599995,1007.4,1005.8118,0.0,0.71999997,180.0,3.96
2022-12-01 19:00:00,1008.4,1003.5998,0.0,5.95906,205.01686,9.36,1008.1,1006.0435,0.0,6.519877,173.6599,9.0,1008.3,1006.697,0.0,5.1165614,140.71062,5.3999996
2022-12-01 20:00:00,1009.3,1004.49036,0.0,8.64,180.0,16.919998,1008.9,1006.84174,0.0,6.12,151.92761,7.92,1009.1,1007.4954,0.0,9.346143,164.3577,17.28
2022-12-01 21:00:00,1009.7,1004.8708,0.0,5.00128,149.74365,14.759999,1009.6,1007.54803,0.0,2.3051248,51.34017,8.28,1009.5,1007.89166,0.0,6.519877,173.6599,15.119999
2022-12-01 22:00:00,1009.6,1004.7691,0.0,5.6233797,129.80553,9.0,1009.7,1007.63586,0.0,4.3498964,24.443953,5.7599998,1009.4,1007.78705,0.0,6.9247384,152.10283,10.799999
2022-12-01 23:00:00,1009.8,1004.96814,0.0,5.506941,78.6901,10.440001,1009.7,1007.6382,0.0,2.6208394,74.054535,6.12,1009.5,1007.88605,0.0,6.193674,144.46223,7.92
2022-12-02 00:00:00,1009.3,1004.46387,0.0,4.8965297,36.027473,9.0,1009.5,1007.42834,0.0,4.0249224,63.435013,7.5599995,1009.2,1007.5893,0.0,4.2136917,70.01681,7.92
2022-12-02 01:00:00,1008.3,1003.4662,0.0,5.4477882,352.40543,9.0,1008.9,1006.8288,0.0,6.4096174,51.842735,11.159999,1008.4,1006.7853,0.0,7.628263,340.70987,11.879999
2022-12-02 02:00:00,1007.8,1002.9598,0.0,6.87779,353.9911,11.879999,1007.9,1005.8289,0.0,9.227524,20.556128,14.759999,1007.6,1005.98425,0.0,7.69592,349.21573,14.04
2022-12-02 03:00:00,1007.2,1002.3529,0.0,5.3999996,360.0,11.879999,1007.4,1005.3292,0.0,11.435313,28.178495,19.8,1007.2,1005.5846,0.0,7.5942073,354.55975,12.959999
2022-12-02 04:00:00,1006.6,1001.75574,0.0,6.379216,16.389616,10.799999,1006.8,1004.7279,0.0,11.435313,28.178495,19.8,1006.5,1004.8851,0.0,9.007196,2.2905633,14.759999
2022-12-02 05:00:00,1006.7,1001.8553,0.0,5.8603754,47.489597,11.5199995,1006.9,1004.8259,0.0,11.113451,24.904745,19.8,1006.6,1004.9824,0.0,8.707238,7.12493,15.119999
2022-12-02 06:00:00,1007.5,1002.6514,0.0,6.151683,69.44387,10.440001,1007.5,1005.42303,0.0,10.30883,24.775122,19.08,1007.4,1005.7786,0.0,8.225035,23.198618,14.4
2022-12-02 07:00:00,1008.3,1003.46234,0.0,6.638072,77.4712,13.32,1008.4,1006.3279,0.0,12.4811535,33.231728,21.599998,1008.2,1006.5837,0.0,7.491114,35.217674,13.679999
2022-12-02 08:00:00,1009.2,1004.3774,0.0,4.0249224,79.69521,13.32,1009.2,1007.13245,0.0,12.4811535,33.231728,23.4,1009.1,1007.4892,0.0,5.904439,52.431335,14.04
2022-12-02 09:00:00,1009.7,1004.89667,0.0,0.0,270.0,10.799999,1009.9,1007.83966,0.0,11.966954,43.7812,24.119999,1009.8,1008.19214,0.0,4.896529,72.89719,14.759999
2022-12-02 10:00:00,1009.8,1005.0119,0.0,2.0991426,30.963696,10.799999,1009.9,1007.8466,0.0,9.931042,46.468742,23.759998,1009.7,1008.10046,0.0,2.4149535,63.435013,14.4
2022-12-02 11:00:00,1009.3,1004.52216,0.0,2.2768397,71.564964,12.24,1009.3,1007.25464,0.0,9.290511,54.46224,21.96,1009.2,1007.60895,0.0,3.96,90.0,28.08
2022-12-02 12:00:00,1008.2,1003.44,0.0,4.6938252,85.60138,12.599999,1008.2,1006.1613,0.0,8.161764,48.57643,30.960001,1008.1,1006.5134,0.0,5.506941,78.6901,31.319998
2022-12-02 13:00:00,1007.4,1002.6453,0.0,6.162207,83.29026,27.0,1007.4,1005.36365,0.0,6.8777895,42.878906,29.519999,1007.4,1005.81647,0.0,8.669949,85.23644,31.68
2022-12-02 14:00:00,1006.5,1001.7442,0.0,4.68,90.0,15.4800005,1006.5,1004.4638,0.0,6.8777895,47.12111,25.919998,1006.4,1004.81555,0.0,9.726665,92.12105,32.399998
2022-12-02 15:00:00,1006.3,1001.5342,0.0,5.3999996,90.0,12.599999,1006.2,1004.1638,0.0,7.653705,48.814175,22.68,1006.1,1004.5138,0.2,8.557102,104.62092,31.319998
2022-12-02 16:00:00,1006.2,1001.4227,0.1,4.1046314,127.875046,11.879999,1006.2,1004.1497,0.3,7.8954163,114.22774,21.24,1005.9,1004.3115,0.3,7.6367526,98.13002,24.84
2022-12-02 17:00:00,1006.8,1002.00476,0.2,2.52,180.0,7.92,1006.7,1004.6458,0.0,4.8965297,126.027466,15.119999,1006.7,1005.1043,0.0,7.8625183,105.945465,14.759999
2022-12-02 18:00:00,1007.6,1002.7865,0.1,3.396233,212.00534,6.4799995,1007.8,1005.73724,0.0,4.3349743,41.63345,9.0,1007.6,1005.9953,0.1,7.491114,125.21768,13.32
2022-12-02 19:00:00,1008.3,1003.49927,0.0,12.10157,120.37905,6.4799995,1008.4,1006.3376,0.0,24.26998,32.275623,8.28,1008.1,1006.4977,0.0,8.669949,85.23644,12.599999
2022-12-02 20:00:00,1009.4,1004.5883,0.0,12.641076,109.98319,22.319998,1009.3,1007.233,0.0,3.2599385,83.659904,40.32,1009.2,1007.59503,0.0,14.587776,105.75124,25.199999
2022-12-02 21:00:00,1009.5,1004.6769,0.0,11.27553,106.699326,22.68,1009.5,1007.43317,0.0,5.1919937,123.690094,10.799999,1009.3,1007.69415,0.0,12.979984,109.440125,25.56
2022-12-02 22:00:00,1009.5,1004.6775,0.0,10.464798,93.945114,19.8,1009.8,1007.73035,0.0,3.6,36.86999,9.0,1009.4,1007.79126,0.0,10.182337,98.13002,21.96
2022-12-02 23:00:00,1009.4,1004.56854,0.1,6.638072,40.601215,18.359999,1009.5,1007.4291,0.0,4.73506,8.746089,9.0,1009.2,1007.5871,0.0,7.10031,59.53454,16.919998
2022-12-03 00:00:00,1008.9,1004.07,0.0,5.3517847,19.653913,13.32,1009.3,1007.22626,0.0,4.6800003,22.61991,9.0,1009.1,1007.4834,0.0,8.161764,41.42357,13.679999
2022-12-03 01:00:00,1008.3,1003.47186,0.0,5.6920996,18.435053,9.36,1008.6,1006.5265,0.0,5.3517847,19.653913,9.72,1008.3,1006.68353,0.2,9.726665,357.87894,15.84
2022-12-03 02:00:00,1007.5,1002.66785,0.0,7.92,360.0,13.679999,1007.8,1005.72815,0.0,8.225035,23.198618,14.4,1007.3,1005.68475,0.0,7.2359104,354.2895,16.919998
2022-12-03 03:00:00,1007.0,1002.15955,0.0,6.489992,3.179772,13.679999,1007.2,1005.1265,0.0,10.144082,27.474344,17.28,1006.9,1005.28326,0.0,7.42159,14.036275,13.32
2022-12-03 04:00:00,1006.7,1001.8595,0.0,5.2416787,15.945477,11.159999,1006.8,1004.7254,0.0,11.165805,20.772345,19.08,1006.7,1005.08167,0.0,5.1544156,12.094739,12.24
2022-12-03 05:00:00,1007.6,1002.7494,0.0,6.193674,35.537766,9.0,1007.6,1005.5222,0.0,10.144082,27.474344,19.08,1007.6,1005.97705,0.0,4.73506,8.746089,8.64
2022-12-03 06:00:00,1008.3,1003.44104,0.0,7.289445,32.905247,8.64,1008.3,1006.22015,0.0,8.891343,31.75944,18.0,1008.2,1006.5789,0.0,6.489992,3.179772,10.440001
2022-12-03 07:00:00,1008.7,1003.86523,0.0,5.5887027,345.06854,8.64,1008.9,1006.82556,0.0,9.531505,10.885482,17.64,1008.7,1007.08215,0.0,6.162207,353.29025,12.959999
2022-12-03 08:00:00,1009.8,1004.9801,0.0,3.6179552,354.2895,11.5199995,1009.9,1007.82947,0.0,9.0,16.26028,18.0,1009.9,1008.28796,0.0,4.896529,17.102825,12.599999
2022-12-03 09:00:00,1010.2,1005.3943,0.0,0.71999997,270.0,11.159999,1010.4,1008.3342,0.0,9.255571,13.495748,19.08,1010.2,1008.5969,0.0,4.3498964,24.443953,14.4
2022-12-03 10:00:00,1010.0,1005.215,0.0,1.0182338,135.0001,23.759998,1010.2,1008.13904,0.0,9.0,16.26028,20.16,1010.1,1008.5033,0.0,2.9024127,60.255207,27.0
2022-12-03 11:00:00,1009.2,1004.42993,0.0,1.8,270.0,26.28,1009.7,1007.64764,0.0,6.379216,16.389616,19.8,1009.3,1007.70874,0.0,5.5887027,75.068535,29.16
2022-12-03 12:00:00,1008.5,1003.7401,0.0,4.3498964,114.44395,24.84,1008.5,1006.4522,0.0,5.4119864,3.8140097,17.28,1008.4,1006.8076,0.0,5.8048253,82.875084,16.919998
2022-12-03 13:00:00,1007.3,1002.5464,0.0,2.2768397,108.43504,24.84,1007.6,1005.55554,0.0,3.8268526,48.814175,23.759998,1007.5,1005.91,0.1,10.787993,115.70991,32.039997
2022-12-03 14:00:00,1006.4,1001.66016,0.0,5.6233797,140.19447,24.48,1006.5,1004.4591,0.1,2.5455842,98.13002,20.880001,1006.8,1005.2029,0.4,10.787993,115.70991,27.359999
2022-12-03 15:00:00,1007.1,1002.2719,9.9,13.698934,93.012726,37.44,1006.9,1004.83984,3.4,15.696165,53.392834,31.319998,1006.5,1004.9055,0.0,10.495713,120.96369,20.519999
2022-12-03 16:00:00,1007.8,1002.97675,0.2,5.6920996,71.564964,24.84,1007.5,1005.43567,1.8,8.891344,111.3707,33.12,1007.6,1005.99023,3.4,14.84318,104.03627,30.960001
2022-12-03 17:00:00,1008.3,1003.47687,0.0,3.2399998,360.0,12.24,1008.9,1006.8211,1.9,10.495713,112.1664,22.68,1008.2,1006.58563,0.5,10.703569,70.346085,28.08
2022-12-03 18:00:00,1009.0,1004.159,0.0,3.319036,12.528798,5.7599998,1009.0,1006.9234,0.8,2.6208394,105.945465,20.880001,1008.9,1007.28375,0.1,5.3999996,36.86998,18.72
2022-12-03 19:00:00,1009.9,1005.0564,0.0,5.3999996,143.13002,6.8399997,1009.7,1007.62115,0.0,10.495713,157.8336,6.4799995,1009.7,1008.08344,0.0,4.0249224,100.30479,10.440001
2022-12-03 20:00:00,1010.6,1005.7495,0.8,5.991594,122.73522,10.08,1010.5,1008.41815,0.0,8.913181,133.36346,17.28,1010.3,1008.6819,0.1,5.937272,104.03627,10.08
2022-12-03 21:00:00,1010.8,1005.94476,1.1,9.255571,103.49575,16.199999,1010.7,1008.6174,0.1,5.904439,127.568665,14.759999,1010.6,1008.9808,0.4,8.766573,109.17911,15.4800005
2022-12-03 22:00:00,1010.9,1006.0401,1.2,9.227524,110.55612,16.919998,1010.9,1008.817,0.2,4.452954,104.03627,10.799999,1010.8,1009.17914,1.3,8.473393,102.26476,15.4800005
2022-12-03 23:00:00,1010.7,1005.83954,2.2,5.8603754,100.619606,16.199999,1010.8,1008.71716,0.3,3.319036,77.4712,8.28,1010.6,1008.9788,1.2,7.928178,92.60251,14.04
2022-12-04 00:00:00,1010.2,1005.3435,1.1,4.0249224,79.69521,9.72,1010.5,1008.4185,2.0,2.8116899,50.194473,6.8399997,1010.1,1008.47906,1.4,5.937272,75.96373,13.32
2022-12-04 01:00:00,1009.4,1004.5588,1.3,3.2399998,90.0,6.4799995,1009.6,1007.5203,2.1,2.9024127,29.744795,6.4799995,1009.4,1007.77924,0.7,4.39436,55.0079,9.72
2022-12-04 02:00:00,1008.6,1003.74866,0.4,3.9763298,354.80566,11.159999,1008.8,1006.7222,0.8,3.9763298,5.19435,7.92,1008.6,1006.9798,0.3,2.8116899,39.805527,6.8399997
2022-12-04 03:00:00,1008.3,1003.45105,0.0,4.6938252,355.60138,7.92,1008.4,1006.3231,0.5,6.130579,356.6336,11.5199995,1008.2,1006.57983,0.1,2.9024127,7.12493,4.68
2022-12-04 04:00:00,1008.3,1003.44855,0.0,4.2136917,340.0168,7.5599995,1008.4,1006.32214,0.1,7.5685663,357.27374,14.04,1008.3,1006.6791,0.1,3.6179552,5.7105074,6.12
2022-12-04 05:00:00,1008.5,1003.64197,0.0,3.8939953,326.3099,7.2,1008.7,1006.61993,0.0,7.2359104,5.7105074,15.4800005,1008.5,1006.8782,0.0,3.6179552,5.7105074,5.7599998
2022-12-04 06:00:00,1009.3,1004.4355,0.0,3.8939953,303.6901,7.2,1009.3,1007.2162,0.0,5.4477882,352.40543,13.679999,1009.3,1007.6752,0.0,3.6179552,5.7105074,6.12
2022-12-04 07:00:00,1010.1,1005.2487,0.0,3.5455887,336.0375,10.08,1009.9,1007.82385,0.0,8.707238,7.12493,14.4,1009.8,1008.17786,0.0,6.792466,32.005356,12.24
2022-12-04 08:00:00,1011.1,1006.25525,0.0,1.835647,11.3098955,7.92,1011.0,1008.92505,0.0,9.0,16.26028,17.64,1011.0,1009.3842,0.0,6.8777895,47.12111,15.4800005
2022-12-04 09:00:00,1011.5,1006.6735,0.0,1.8,36.86999,9.36,1011.8,1009.72784,0.0,6.830519,18.435053,17.64,1011.5,1009.8904,0.0,6.297428,30.963696,16.919998
2022-12-04 10:00:00,1011.0,1006.19525,0.0,3.7585104,73.300674,13.679999,1011.3,1009.2355,0.0,7.0911775,23.962492,17.64,1011.0,1009.3972,0.0,5.1919937,33.6901,16.56
2022-12-04 11:00:00,1010.5,1005.71185,0.0,3.2599385,83.659904,14.04,1010.8,1008.74,0.0,6.151683,20.556128,17.64,1010.5,1008.904,0.0,6.0347,72.64589,17.28
2022-12-04 12:00:00,1009.5,1004.73065,0.0,6.830519,71.564964,17.64,1009.6,1007.54803,0.0,7.7879906,33.6901,18.359999,1009.3,1007.7061,0.0,6.830519,71.564964,18.0
2022-12-04 13:00:00,1008.5,1003.73535,0.0,8.707237,60.255207,27.359999,1008.6,1006.5558,0.0,8.669949,48.366554,20.519999,1008.5,1006.9084,0.0,11.212135,95.52745,22.319998
2022-12-04 14:00:00,1007.7,1002.9418,0.0,6.4096174,38.157276,24.48,1008.0,1005.958,0.0,6.8777895,47.12111,25.56,1007.7,1006.11285,0.1,11.879999,90.0,30.599998
2022-12-04 15:00:00,1007.3,1002.54364,0.0,4.3349743,48.366554,23.759998,1007.5,1005.4596,0.0,4.510787,28.610369,23.4,1007.2,1005.6146,0.0,10.823973,86.186005,29.16
2022-12-04 16:00:00,1007.1,1002.3414,0.1,2.2768397,18.435053,19.44,1007.3,1005.25714,0.0,5.904439,37.568665,18.359999,1007.1,1005.50995,0.0,6.989936,55.491425,28.8
2022-12-04 17:00:00,1007.8,1003.0271,0.0,1.609969,296.56497,6.8399997,1008.2,1006.1466,0.3,6.9153743,51.34017,13.32,1007.8,1006.2048,0.1,2.5455842,44.999897,13.679999
2022-12-04 18:00:00,1008.5,1003.7014,0.2,2.5455842,188.13002,9.0,1008.8,1006.73676,0.0,5.0142193,21.037588,11.879999,1008.7,1007.0933,0.6,2.9024127,352.87506,10.08
2022-12-04 19:00:00,1009.3,1004.49036,0.0,4.73506,81.25392,3.6,1009.1,1007.0399,0.0,6.3690495,47.290634,8.28,1009.4,1007.79224,0.1,3.671294,101.3099,6.12
2022-12-04 20:00:00,1010.4,1005.5778,0.0,5.3999996,126.86998,6.12,1010.1,1008.0379,0.0,5.95906,25.016869,10.08,1010.3,1008.68976,0.1,6.989936,214.50858,12.24
2022-12-04 21:00:00,1010.8,1005.9801,0.0,3.8773184,111.801476,6.12,1010.7,1008.63324,0.0,6.193674,35.537766,10.08,1010.7,1009.0847,0.0,7.9526596,185.19434,13.32
2022-12-04 22:00:00,1010.8,1005.9561,0.0,5.3999996,143.13002,7.5599995,1010.7,1008.632,0.0,5.3517847,70.346085,11.5199995,1010.6,1008.9829,0.0,4.3349743,184.76355,13.32
2022-12-04 23:00:00,1010.8,1005.95355,0.0,4.3349743,138.36655,8.28,1010.6,1008.5249,0.0,4.198285,149.03632,9.0,1010.9,1009.27844,0.0,4.0249224,169.6952,6.8399997
2022-12-05 00:00:00,1010.8,1005.94055,0.0,5.0142193,158.96242,7.2,1010.7,1008.6253,0.0,4.3349743,184.76355,7.2,1010.7,1009.079,0.0,5.937272,165.96373,9.72
2022-12-05 01:00:00,1010.1,1005.25275,0.0,2.1897945,170.53775,5.7599998,1010.1,1008.0265,0.0,1.0182338,315.0001,6.12,1009.9,1008.27966,0.0,4.39436,145.0079,9.72
2022-12-05 02:00:00,1009.4,1004.55615,0.0,2.5455842,8.130019,2.52,1009.4,1007.3214,0.0,3.319036,12.528798,4.68,1009.2,1007.57764,0.0,6.12,90.0,7.92
2022-12-05 03:00:00,1008.8,1003.9364,0.0,6.379216,16.389616,7.2,1008.9,1006.819,0.0,3.8939953,33.6901,7.92,1008.6,1006.97723,0.0,3.563818,44.999897,7.2
2022-12-05 04:00:00,1008.9,1004.035,0.0,6.489992,19.440128,8.28,1009.0,1006.9209,0.0,8.4963045,36.38445,14.759999,1008.8,1007.1742,0.0,4.39436,34.9921,6.4799995
2022-12-05 05:00:00,1009.2,1004.33673,0.0,4.6800003,22.61991,7.92,1009.3,1007.2175,0.0,10.1887,32.005356,18.0,1009.1,1007.47235,0.0,4.379589,9.462248,7.2
2022-12-05 06:00:00,1010.0,1005.1281,0.0,4.379589,9.462248,7.5599995,1010.1,1008.0139,0.0,10.009036,37.694313,18.0,1009.9,1008.27246,0.0,6.519877,6.3401003,11.159999
2022-12-05 07:00:00,1010.7,1005.85657,0.0,4.6800003,67.3801,12.959999,1010.7,1008.6187,0.0,8.373386,64.5367,19.44,1010.6,1008.97754,0.0,4.8965297,36.027473,13.32
2022-12-05 08:00:00,1011.6,1006.774,0.0,4.896529,72.89719,13.679999,1011.7,1009.6242,0.0,8.435069,50.194473,18.0,1011.6,1009.98676,0.0,3.219938,63.435013,11.879999
2022-12-05 09:00:00,1011.9,1007.0893,0.0,3.7064266,60.94549,14.04,1012.0,1009.9331,0.0,5.634891,63.435013,18.0,1011.8,1010.1953,0.0,3.6,90.0,13.679999
2022-12-05 10:00:00,1011.6,1006.80743,0.0,3.563818,44.999897,14.4,1011.7,1009.64105,0.0,4.829907,63.435013,15.84,1011.6,1010.00287,0.0,2.5455842,81.86999,23.039999
2022-12-05 11:00:00,1011.2,1006.42737,0.0,0.0,270.0,14.04,1011.4,1009.34827,0.0,0.0,270.0,15.119999,1011.3,1009.70874,0.0,0.8049845,153.43501,23.039999
2022-12-05 12:00:00,1010.5,1005.74084,0.0,0.5091169,44.999897,23.4,1010.6,1008.55334,0.0,2.5959969,303.6901,12.599999,1010.4,1008.8124,0.0,1.609969,153.43501,23.759998
2022-12-05 13:00:00,1009.3,1004.5511,0.0,1.2979984,33.6901,21.599998,1009.4,1007.3577,0.0,4.510787,331.38962,21.599998,1009.1,1007.51685,0.0,2.8116899,129.80553,24.119999
2022-12-05 14:00:00,1007.9,1003.16095,0.1,2.8799999,90.0,19.44,1008.3,1006.2549,0.3,5.0528407,355.91446,21.24,1007.8,1006.2171,0.0,3.671294,101.3099,24.119999
2022-12-05 15:00:00,1006.9,1002.14996,0.2,8.647496,92.385895,21.24,1006.9,1004.85645,0.1,5.1544156,192.09474,14.759999,1007.1,1005.50745,3.7,10.587918,35.311302,26.64
2022-12-05 16:00:00,1007.9,1003.1225,1.6,6.12,61.92762,22.319998,1008.4,1006.3376,5.0,8.766573,109.17911,19.44,1008.4,1006.7881,8.4,4.2136917,70.01681,27.72
2022-12-05 17:00:00,1008.7,1003.8854,2.6,1.8,270.0,12.959999,1008.7,1006.6329,0.3,4.1046314,74.74483,17.64,1008.8,1007.18835,0.1,2.4149535,116.56499,11.159999
2022-12-05 18:00:00,1009.1,1004.26996,0.0,2.5959969,236.3099,5.7599998,1008.9,1006.83154,0.1,1.5273507,135.0001,7.92,1008.8,1007.1864,0.0,1.5273507,44.999897,6.12
2022-12-05 19:00:00,1009.1,1004.285,0.0,3.6179552,5.7105074,6.12,1008.9,1006.841,0.0,2.5455842,8.130019,6.8399997,1009.0,1007.3921,0.0,4.896529,197.10281,2.16
2022-12-05 20:00:00,1009.9,1005.09265,0.0,3.096837,125.537766,7.2,1009.7,1007.6403,0.0,2.5455842,315.0001,2.8799999,1009.7,1008.09076,0.0,4.452954,165.96373,8.28
2022-12-05 21:00:00,1010.6,1005.7747,0.0,5.0142193,338.9624,6.8399997,1010.8,1008.7336,0.2,10.685391,57.380775,16.919998,1010.3,1008.6923,0.0,3.8939953,123.6901,7.2
2022-12-05 22:00:00,1010.9,1006.06665,0.0,5.0911684,351.87,14.4,1010.9,1008.8249,0.2,5.495161,121.60746,20.519999,1011.0,1009.3848,0.0,7.2359104,354.2895,12.24
2022-12-05 23:00:00,1011.0,1006.14594,0.0,3.8268526,318.81415,7.92,1011.2,1009.11804,0.0,4.3349743,175.23645,10.08,1011.1,1009.4806,0.0,6.193674,305.53775,15.119999
2022-12-06 00:00:00,1010.7,1005.8403,0.0,3.096837,305.53775,6.12,1010.9,1008.8189,0.0,0.5091169,135.0001,8.28,1010.7,1009.07715,0.0,3.6,306.86996,10.440001
2022-12-06 01:00:00,1010.0,1005.1369,0.0,3.0547013,315.0001,5.3999996,1010.2,1008.11664,0.0,4.3498964,24.443953,6.8399997,1009.9,1008.2768,0.0,4.6102495,321.34018,8.64
2022-12-06 02:00:00,1009.2,1004.3345,0.0,3.6,306.86996,6.4799995,1009.3,1007.2193,0.0,4.32,360.0,8.28,1009.2,1007.57574,0.0,4.198285,329.03632,8.28
2022-12-06 03:00:00,1008.6,1003.7273,0.0,4.198285,300.96368,6.12,1008.6,1006.5249,0.0,9.178235,25.559923,15.119999,1008.4,1006.77606,0.0,4.2136917,340.0168,7.5599995
2022-12-06 04:00:00,1008.5,1003.6338,0.0,5.04,360.0,5.7599998,1008.6,1006.52167,0.0,10.383987,33.6901,18.359999,1008.4,1006.7751,0.0,4.896529,342.8972,8.64
2022-12-06 05:00:00,1009.0,1004.1402,0.0,5.495161,31.607454,6.12,1009.1,1007.0179,0.0,10.383987,33.6901,18.359999,1008.9,1007.27405,0.0,5.1544156,347.90527,9.36
2022-12-06 06:00:00,1009.5,1004.6516,0.0,4.39436,34.9921,6.4799995,1009.7,1007.61633,0.0,9.504272,37.30404,18.0,1009.6,1007.97064,0.0,4.73506,351.2539,8.28
2022-12-06 07:00:00,1010.0,1005.1621,0.0,5.6002855,44.999897,9.0,1010.1,1008.0234,0.0,12.599998,36.86999,19.08,1009.9,1008.281,0.0,6.162207,6.70975,12.24
2022-12-06 08:00:00,1010.7,1005.879,0.0,6.8777895,47.12111,16.199999,1011.0,1008.92816,0.0,11.983188,32.73523,22.319998,1010.7,1009.0869,0.0,7.5170207,16.699326,17.28
2022-12-06 09:00:00,1011.0,1006.1936,0.0,6.1305785,49.76371,16.919998,1011.2,1009.1353,0.0,12.4811535,33.231728,24.119999,1011.0,1009.3947,0.0,6.9247384,27.897186,18.72
2022-12-06 10:00:00,1010.5,1005.7111,0.0,4.8433046,41.98713,16.919998,1010.8,1008.74384,0.0,12.682018,34.592358,25.919998,1010.5,1008.90247,0.0,6.28713,23.629398,18.359999
2022-12-06 11:00:00,1009.7,1004.9329,0.0,1.4399999,360.0,15.84,1010.1,1008.05145,0.0,10.009036,37.694313,25.56,1009.9,1008.3087,0.0,4.198285,30.963696,18.0
2022-12-06 12:00:00,1008.9,1004.1461,0.0,1.4399999,360.0,18.359999,1009.1,1007.0583,0.0,7.6367526,44.999897,22.319998,1008.8,1007.21423,0.0,3.319036,49.398785,15.119999
2022-12-06 13:00:00,1007.7,1002.95654,0.0,2.4149535,243.43501,16.199999,1007.9,1005.86365,0.0,7.8954163,43.152412,21.599998,1007.7,1006.1166,0.0,3.0547013,44.999897,13.679999
2022-12-06 14:00:00,1006.4,1001.6617,0.0,4.510787,241.38963,14.4,1006.5,1004.4651,0.3,7.5685663,25.346138,20.519999,1006.4,1004.8202,0.0,2.8116899,50.194473,15.84
2022-12-06 15:00:00,1006.5,1001.74744,0.6,7.2,323.13,16.199999,1006.7,1004.65564,0.2,18.671474,33.996506,30.599998,1006.3,1004.71875,0.0,2.9024127,29.744795,11.879999
2022-12-06 16:00:00,1007.3,1002.50494,3.8,8.587338,33.023872,21.599998,1007.3,1005.2357,0.3,9.693296,58.671368,39.239998,1006.8,1005.2127,0.3,10.24578,18.435053,17.64
2022-12-06 17:00:00,1008.0,1003.1805,1.0,8.707237,60.255207,17.28,1007.6,1005.5345,1.0,6.151683,20.556128,18.0,1007.7,1006.0984,0.3,4.6938257,122.471176,22.68
2022-12-06 18:00:00,1008.7,1003.8621,0.3,6.12,90.0,18.359999,1008.9,1006.82245,5.0,7.145796,139.08571,18.72,1008.7,1007.08795,0.1,8.707238,7.12493,17.64
2022-12-06 19:00:00,1009.1,1004.2602,0.3,4.0249224,26.564985,12.24,1009.1,1007.0216,7.0,9.47012,81.25392,23.039999,1008.7,1007.08563,0.0,6.9153743,38.65983,14.04
2022-12-06 20:00:00,1009.6,1004.75836,0.1,4.73506,351.2539,8.64,1009.8,1007.72174,0.2,10.514218,51.952908,22.68,1009.6,1007.98236,0.0,8.699793,24.443953,15.119999
2022-12-06 21:00:00,1010.3,1005.44714,0.0,4.8965297,36.027473,7.92,1010.4,1008.32056,0.0,7.4128532,29.054508,17.28,1010.1,1008.4806,0.3,5.937272,14.036275,15.84
2022-12-06 22:00:00,1010.1,1005.2431,0.0,4.39436,325.0079,6.4799995,1010.3,1008.22144,0.0,8.089993,20.854538,14.4,1010.2,1008.57916,0.0,4.6938252,4.398633,10.799999
2022-12-06 23:00:00,1010.2,1005.34265,0.0,4.3349743,311.63345,7.5599995,1010.3,1008.22144,0.0,10.365251,20.323217,17.28,1010.2,1008.57794,0.0,4.73506,351.2539,8.64
2022-12-07 00:00:00,1010.1,1005.23987,0.0,4.8965297,323.97253,9.0,1010.2,1008.121,0.0,13.089354,31.504223,22.319998,1010.0,1008.37573,0.0,5.1544156,347.90527,9.0
2022-12-07 01:00:00,1009.4,1004.53766,0.0,3.9763298,354.80566,8.64,1009.5,1007.4202,0.0,13.608762,37.476254,23.039999,1009.4,1007.776,0.0,5.506941,348.6901,9.36
2022-12-07 02:00:00,1008.7,1003.8441,0.0,6.0347,17.354122,9.72,1008.9,1006.81934,0.0,13.004922,41.63345,22.68,1008.7,1007.0762,0.0,5.7599998,360.0,9.72
2022-12-07 03:00:00,1008.2,1003.34406,0.0,5.937272,14.036275,11.159999,1008.4,1006.3194,0.0,11.885453,35.134277,22.319998,1008.2,1006.57635,0.0,7.289444,20.224945,11.879999
2022-12-07 04:00:00,1008.0,1003.1418,0.0,5.6920996,18.435053,10.440001,1008.2,1006.11786,0.0,10.829958,21.44781,20.16,1008.0,1006.3755,0.0,7.729527,27.758451,12.599999
2022-12-07 05:00:00,1008.3,1003.4403,0.0,6.763786,25.201094,11.159999,1008.4,1006.31616,0.0,10.365251,20.323217,19.08,1008.2,1006.5742,0.0,8.534353,27.645891,14.4
2022-12-07 06:00:00,1008.7,1003.8303,0.0,5.634891,26.564985,11.5199995,1008.9,1006.8149,0.0,9.693296,21.801476,18.359999,1008.8,1007.17255,0.0,7.5685663,25.346138,14.759999
2022-12-07 07:00:00,1009.7,1004.8516,0.0,5.3999996,36.86998,11.879999,1009.8,1007.72,0.0,10.948973,27.40749,20.519999,1009.7,1008.0771,0.0,7.289445,32.905247,13.679999
2022-12-07 08:00:00,1010.7,1005.866,0.0,6.297428,59.03632,15.119999,1010.8,1008.7229,0.0,10.966713,23.198618,20.519999,1010.6,1008.9851,0.0,7.42159,39.09386,16.56
2022-12-07 09:00:00,1011.2,1006.374,0.0,4.5536795,71.564964,15.4800005,1011.3,1009.23004,0.0,11.183201,33.178535,22.68,1011.1,1009.4929,0.0,7.7879906,56.3099,19.08
2022-12-07 10:00:00,1010.8,1005.98315,0.0,5.1919937,33.6901,14.04,1011.0,1008.93646,0.0,11.090103,35.75398,22.319998,1010.6,1008.9988,0.0,6.1094027,44.999897,19.08
2022-12-07 11:00:00,1010.4,1005.5934,0.0,4.1046314,15.255177,14.759999,1010.3,1008.24756,0.0,15.021105,44.029083,28.8,1010.2,1008.601,0.0,5.315336,61.69934,23.759998
2022-12-07 12:00:00,1009.4,1004.6082,0.1,5.04,360.0,23.4,1009.4,1007.35266,0.0,16.08761,49.53785,29.88,1009.2,1007.6057,0.0,5.904439,52.431335,23.759998
2022-12-07 13:00:00,1008.2,1003.4236,0.0,4.198285,329.03632,20.880001,1008.3,1006.25415,0.1,15.9134655,52.35232,31.319998,1008.0,1006.4124,0.0,4.510787,28.610369,24.48
2022-12-07 14:00:00,1007.1,1002.32947,0.1,2.16,360.0,20.880001,1006.8,1004.7582,0.1,18.723461,52.02834,34.92,1006.6,1005.013,0.1,9.1641035,44.999897,25.56
2022-12-07 15:00:00,1006.9,1002.11847,1.7,5.1544156,102.09474,18.72,1006.8,1004.75757,0.1,18.0,53.13002,38.16,1006.8,1005.2041,7.5,5.154415,24.775122,25.56
2022-12-07 16:00:00,1007.2,1002.39667,1.8,3.219938,116.56499,19.44,1007.2,1005.15295,0.1,13.493999,43.91917,38.16,1007.2,1005.6017,0.0,2.4149535,63.435013,13.32
2022-12-07 17:00:00,1007.9,1003.08606,0.0,2.3051248,218.65984,7.2,1007.7,1005.6469,0.0,11.304229,37.234917,22.68,1007.7,1006.0974,0.7,0.71999997,270.0,9.36
2022-12-07 18:00:00,1008.6,1003.77234,0.0,2.5959969,213.6901,5.7599998,1008.5,1006.44336,0.0,8.404285,46.73567,19.08,1008.6,1006.98706,3.2,2.4149535,243.43501,9.36
2022-12-07 19:00:00,1009.6,1004.7526,0.0,4.32,360.0,5.7599998,1008.8,1006.73804,0.1,4.68,360.0,19.44,1008.9,1007.2886,4.6,1.8,270.0,13.679999
2022-12-07 20:00:00,1010.1,1005.2414,0.1,3.319036,319.39877,14.04,1009.7,1007.6347,0.0,7.4128532,60.94549,12.599999,1009.8,1008.1858,0.2,5.1544156,77.90526,9.0
2022-12-07 21:00:00,1009.9,1005.0409,0.0,4.5536795,341.56494,5.7599998,1010.0,1007.93024,0.0,8.654986,73.07241,15.119999,1009.9,1008.28314,0.0,5.315336,61.69934,9.36
2022-12-07 22:00:00,1010.0,1005.1369,0.0,6.130579,356.6336,7.92,1010.2,1008.12445,0.1,5.634891,63.435013,14.759999,1010.0,1008.37854,0.0,3.6,53.13002,9.36
2022-12-07 23:00:00,1010.2,1005.3385,0.0,5.1544156,347.90527,7.2,1010.3,1008.22144,0.0,5.1165614,39.289394,10.08,1010.2,1008.5751,0.0,4.5820518,44.999897,6.8399997
2022-12-08 00:00:00,1009.7,1004.83527,0.0,5.5887027,345.06854,6.4799995,1009.7,1007.6227,0.0,6.12,28.072395,10.799999,1009.6,1007.97504,0.0,4.3498964,24.443953,7.2
2022-12-08 01:00:00,1009.3,1004.4362,0.0,5.0528407,355.91446,6.8399997,1009.4,1007.3233,0.0,8.049845,26.564985,14.4,1009.3,1007.6734,0.0,6.151683,20.556128,8.28
2022-12-08 02:00:00,1008.6,1003.7364,0.0,6.379216,16.389616,7.5599995,1008.6,1006.52264,0.0,8.891343,31.75944,15.119999,1008.4,1006.77606,0.0,5.0142193,21.037588,8.28
2022-12-08 03:00:00,1007.9,1003.03827,0.0,5.991594,32.73523,7.92,1008.0,1005.9227,0.0,9.693296,31.328646,16.56,1007.8,1006.1758,0.0,4.8965297,36.027473,9.0
2022-12-08 04:00:00,1007.7,1002.8392,0.0,5.1919937,33.6901,7.92,1007.9,1005.82104,0.0,9.028754,23.498587,16.56,1007.7,1006.07465,0.0,4.896529,17.102825,7.92
2022-12-08 05:00:00,1008.3,1003.43054,0.0,6.763786,25.201094,8.28,1008.4,1006.31903,0.0,9.021574,28.610369,16.199999,1008.2,1006.5735,0.0,5.5887027,14.931467,9.36
2022-12-08 06:00:00,1008.9,1004.02686,0.0,5.506941,11.3098955,8.28,1009.0,1006.9178,0.0,8.891343,31.75944,15.84,1008.9,1007.2718,0.0,5.506941,11.3098955,10.08
2022-12-08 07:00:00,1009.9,1005.0522,0.0,4.8433046,41.98713,12.24,1010.1,1008.0221,0.0,8.287822,34.3804,21.24,1009.9,1008.2775,0.0,6.2145634,10.007925,13.32
2022-12-08 08:00:00,1010.9,1006.06506,0.0,5.8048253,29.744795,14.759999,1011.0,1008.9272,0.0,10.144082,27.474344,19.8,1010.8,1009.1855,0.0,5.8603754,10.61961,14.759999
2022-12-08 09:00:00,1011.3,1006.4808,0.0,4.6938257,32.471172,15.4800005,1011.3,1009.2345,0.0,12.096214,36.528946,23.759998,1011.1,1009.49316,0.0,6.28713,23.629398,16.919998
2022-12-08 10:00:00,1010.9,1006.0994,0.0,3.219938,26.564985,14.759999,1010.8,1008.74347,0.0,13.246826,42.797382,26.28,1010.7,1009.1008,0.1,5.00128,30.256361,23.039999
2022-12-08 11:00:00,1010.5,1005.7197,0.0,3.219938,26.564985,14.04,1010.5,1008.45044,0.0,11.480557,48.814175,26.28,1010.5,1008.9062,0.1,4.8433046,48.01287,16.199999
2022-12-08 12:00:00,1009.5,1004.73694,0.0,1.9386592,21.801476,13.679999,1009.7,1007.6561,0.0,8.209263,52.124958,23.759998,1009.4,1007.81177,0.0,3.8939953,33.6901,15.84
2022-12-08 13:00:00,1008.3,1003.5489,0.0,4.1046314,37.875053,14.04,1008.5,1006.46045,0.0,7.653705,48.814175,19.08,1008.2,1006.6165,0.0,5.3999996,36.86998,16.199999
2022-12-08 14:00:00,1007.2,1002.4541,0.0,3.7064266,60.94549,14.759999,1007.1,1005.0652,0.0,5.8603754,47.489597,18.0,1007.0,1005.41925,0.0,4.3349743,48.366554,16.199999
2022-12-08 15:00:00,1006.7,1001.95496,0.0,1.08,90.0,12.24,1006.7,1004.6666,0.0,5.991594,57.264786,14.759999,1006.6,1005.0192,0.0,5.154415,65.22488,14.04
2022-12-08 16:00:00,1006.8,1002.0504,0.0,2.6208394,254.05453,7.5599995,1006.8,1004.7651,0.0,4.1046314,52.124958,13.679999,1006.7,1005.11755,0.0,3.671294,78.6901,12.959999
2022-12-08 17:00:00,1007.5,1002.72284,0.0,4.2136917,250.0168,8.28,1007.5,1005.46155,0.0,1.5273507,44.999897,7.92,1007.4,1005.813,0.0,2.0991426,120.96369,8.28
2022-12-08 18:00:00,1008.2,1003.3909,0.0,6.696387,216.25392,9.0,1008.1,1006.0439,0.0,5.0142193,201.03758,5.3999996,1008.2,1006.5966,0.0,5.1544156,192.09474,6.8399997
2022-12-08 19:00:00,1008.2,1003.38525,0.0,5.315336,151.69934,8.28,1008.0,1005.9387,0.0,7.342588,191.30989,9.72,1008.1,1006.4958,0.0,7.5685663,182.72626,11.879999
2022-12-08 20:00:00,1009.0,1004.1845,0.0,5.154415,155.22488,11.159999,1009.4,1007.3388,0.0,7.42159,345.9637,10.799999,1008.9,1007.2913,0.0,11.212135,174.47255,20.519999
2022-12-08 21:00:00,1009.6,1004.77124,0.0,5.1165614,129.28938,7.5599995,1009.6,1007.54083,0.0,9.904906,19.093594,15.4800005,1009.3,1007.68634,0.0,6.5693827,170.53775,19.44
2022-12-08 22:00:00,1009.6,1004.75684,0.0,6.193674,125.537766,7.92,1009.7,1007.6362,0.0,15.1884165,31.429514,26.28,1009.8,1008.18384,0.0,4.6800003,112.61991,10.799999
2022-12-08 23:00:00,1010.0,1005.15015,0.0,6.12,61.92762,7.92,1010.0,1007.9296,0.0,12.181624,34.159744,25.56,1010.0,1008.3814,0.0,1.835647,348.6901,5.04
2022-12-09 00:00:00,1009.7,1004.84814,0.0,6.6087217,29.357658,7.5599995,1009.8,1007.72424,0.0,11.709688,44.999897,20.880001,1009.4,1007.77924,0.0,2.5455842,315.0001,3.96
2022-12-09 01:00:00,1009.0,1004.1477,0.0,6.489992,19.440128,8.28,1009.3,1007.22253,0.0,11.457958,46.27295,20.16,1009.0,1007.37665,0.0,3.6,323.13,4.32
2022-12-09 02:00:00,1008.2,1003.34503,0.0,6.489992,3.179772,8.64,1008.4,1006.3225,0.0,10.296251,36.469334,19.44,1008.2,1006.57697,0.0,3.5455887,336.0375,5.3999996
2022-12-09 03:00:00,1007.6,1002.74274,0.0,5.937272,14.036275,8.64,1007.8,1005.7224,0.0,10.495713,30.963696,18.0,1007.6,1005.9773,0.0,4.2136917,340.0168,6.4799995
2022-12-09 04:00:00,1007.5,1002.6371,0.0,6.924738,8.97255,8.64,1007.8,1005.72156,0.0,10.805998,29.981556,18.72,1007.6,1005.97614,0.0,4.802999,347.00537,8.28
2022-12-09 05:00:00,1008.1,1003.229,0.0,6.87779,353.9911,8.64,1008.3,1006.21954,0.0,10.383987,33.6901,18.72,1008.2,1006.5752,0.0,5.04,360.0,8.28
2022-12-09 06:00:00,1008.8,1003.92316,0.0,6.28713,346.75946,8.28,1008.9,1006.8176,0.0,9.693296,31.328646,18.0,1008.8,1007.17255,0.0,5.0528407,4.085537,8.28
2022-12-09 07:00:00,1009.7,1004.8516,0.0,3.319036,12.528798,9.0,1009.8,1007.7209,0.0,11.4862,32.195713,18.359999,1009.7,1008.07684,0.0,7.42159,39.09386,13.32
2022-12-09 08:00:00,1010.3,1005.4679,0.0,5.3999996,36.86998,13.679999,1010.6,1008.52454,0.0,11.792404,31.263678,21.599998,1010.2,1008.58575,0.0,6.6087217,29.357658,15.4800005
2022-12-09 09:00:00,1010.4,1005.58203,0.0,6.6087217,29.357658,17.28,1010.6,1008.5325,0.0,12.783802,32.347424,24.48,1010.4,1008.7934,0.0,6.9247384,27.897186,18.0
2022-12-09 10:00:00,1010.3,1005.49854,0.0,5.8048253,29.744795,17.28,1010.5,1008.44025,0.0,12.287555,31.827414,25.56,1010.3,1008.6993,0.0,6.379216,16.389616,18.359999
2022-12-09 11:00:00,1009.8,1005.01825,0.0,5.0142193,21.037588,16.919998,1010.0,1007.94727,0.0,10.383987,33.6901,25.199999,1009.8,1008.2051,0.0,6.924738,8.97255,23.4
2022-12-09 12:00:00,1009.0,1004.2356,0.0,4.6938257,32.471172,16.199999,1009.1,1007.0548,0.0,8.373386,25.463305,22.319998,1008.9,1007.3106,0.0,7.2359104,5.7105074,24.119999
2022-12-09 13:00:00,1008.0,1003.2494,0.0,3.9763298,5.19435,18.0,1008.3,1006.26013,0.0,7.5685663,25.346138,19.8,1008.1,1006.5147,0.0,7.2805495,8.530692,23.039999
2022-12-09 14:00:00,1007.1,1002.3599,0.0,3.0758414,249.44386,16.56,1007.3,1005.26385,0.0,6.9527545,21.25058,18.0,1007.2,1005.61676,0.0,5.6920996,341.56494,22.319998
2022-12-09 15:00:00,1006.7,1001.95087,0.0,8.049845,243.43501,20.519999,1006.9,1004.86334,0.0,10.685391,32.61924,19.8,1006.8,1005.21545,0.0,5.6920996,341.56494,18.72
2022-12-09 16:00:00,1007.5,1002.6895,5.2,9.449572,319.63553,20.519999,1006.7,1004.66125,0.0,9.686609,48.01287,21.24,1006.9,1005.3037,0.3,6.489992,86.82024,16.56
2022-12-09 17:00:00,1007.4,1002.5781,1.4,5.4119864,176.186,19.08,1007.1,1005.05286,0.0,6.489992,56.3099,18.72,1007.4,1005.796,0.1,6.0347,107.35411,14.4
2022-12-09 18:00:00,1008.2,1003.3645,0.1,2.968636,75.96373,11.5199995,1007.7,1005.64594,0.0,7.9932966,35.837746,13.679999,1007.8,1006.18896,0.2,6.489992,160.55988,11.159999
2022-12-09 19:00:00,1008.5,1003.66046,0.1,12.55879,152.70052,6.4799995,1007.9,1005.84534,0.0,5.634891,26.564985,14.04,1008.2,1006.5859,0.0,5.0528407,175.91446,13.32
2022-12-09 20:00:00,1009.4,1004.5571,0.0,6.130579,183.3664,21.24,1009.1,1007.0409,0.0,8.311245,72.34979,12.599999,1009.0,1007.3861,0.0,8.669949,184.76355,15.119999
2022-12-09 21:00:00,1009.9,1005.04663,0.0,3.9763298,174.80566,10.08,1009.7,1007.63684,0.0,11.966953,83.08887,20.16,1009.9,1008.2829,0.0,8.587338,146.97614,15.119999
2022-12-09 22:00:00,1010.0,1005.1338,0.0,3.219938,206.56499,6.4799995,1009.9,1007.8292,0.0,7.5685663,92.72626,20.16,1009.9,1008.28156,0.0,5.04,180.0,15.4800005
2022-12-09 23:00:00,1010.2,1005.3287,0.0,2.9024127,240.2552,5.3999996,1010.4,1008.3162,0.0,4.8965297,53.972538,12.959999,1010.1,1008.47736,0.0,3.4152596,198.43504,8.64
2022-12-10 00:00:00,1009.9,1005.02454,0.0,3.0758414,249.44386,5.3999996,1010.2,1008.11816,0.0,5.3517847,42.27363,10.08,1009.9,1008.2768,0.0,2.0991426,300.96368,5.7599998
2022-12-10 01:00:00,1009.5,1004.62476,0.0,3.6179552,275.7105,5.7599998,1009.7,1007.6183,0.0,7.653705,41.185837,13.32,1009.5,1007.8756,0.0,3.5455887,336.0375,6.12
2022-12-10 02:00:00,1008.8,1003.9323,0.0,4.896529,287.1028,9.36,1008.9,1006.8186,0.0,8.891343,31.75944,15.4800005,1008.7,1007.0744,0.0,4.5536795,341.56494,6.8399997
2022-12-10 03:00:00,1008.3,1003.4246,0.0,3.396233,302.00534,9.0,1008.5,1006.4166,0.0,8.854829,26.564985,15.4800005,1008.2,1006.5758,0.0,5.154415,335.22488,8.28
2022-12-10 04:00:00,1008.1,1003.21747,0.0,4.6800003,337.3801,7.2,1008.1,1006.0146,0.0,7.7043357,37.405437,15.4800005,1008.1,1006.473,0.0,5.4119864,356.186,9.36
2022-12-10 05:00:00,1008.3,1003.43225,0.0,3.4152596,71.564964,5.7599998,1008.2,1006.1121,0.0,7.491114,35.217674,13.679999,1008.1,1006.4699,0.0,4.829907,26.564985,9.0
2022-12-10 06:00:00,1008.7,1003.812,0.0,6.6087217,119.357666,7.5599995,1008.8,1006.71,0.0,8.217153,28.810698,14.4,1008.6,1006.9653,0.0,4.8433046,48.01287,7.5599995
2022-12-10 07:00:00,1009.4,1004.5465,0.0,5.0142193,111.03758,9.72,1009.5,1007.4171,0.0,12.55879,27.29949,19.08,1009.3,1007.6734,0.0,6.989936,34.50859,11.879999
2022-12-10 08:00:00,1010.0,1005.16565,0.0,4.73506,81.25392,13.32,1010.3,1008.22144,0.0,13.089354,31.504223,23.759998,1010.0,1008.3814,0.0,6.725354,15.524177,16.199999
2022-12-10 09:00:00,1010.4,1005.58295,0.0,3.671294,78.6901,14.04,1010.6,1008.529,0.0,12.313894,37.875042,25.199999,1010.4,1008.7899,0.0,6.0347,17.354122,16.919998
2022-12-10 10:00:00,1010.4,1005.59717,0.0,2.2768397,108.43504,12.959999,1010.6,1008.53687,0.0,9.931042,46.468742,24.119999,1010.5,1008.8974,0.0,2.7416782,23.198618,16.56
2022-12-10 11:00:00,1010.2,1005.4164,0.0,0.8049845,153.43501,11.879999,1010.4,1008.3433,0.0,7.386582,46.97493,21.96,1010.2,1008.6029,0.0,1.1384199,198.43504,13.32
2022-12-10 12:00:00,1009.4,1004.6321,0.0,1.835647,258.6901,11.5199995,1009.7,1007.6498,0.0,4.829907,26.564985,18.72,1009.4,1007.80865,0.0,1.8,270.0,12.599999
2022-12-10 13:00:00,1008.1,1003.34735,0.0,3.4152596,288.43503,13.32,1008.3,1006.25586,0.0,5.0528407,355.91446,15.4800005,1008.1,1006.5134,0.0,3.319036,319.39877,13.679999
2022-12-10 14:00:00,1007.1,1002.3536,0.0,2.7416782,293.1986,13.32,1007.2,1005.15894,0.0,4.379589,350.53775,15.4800005,1007.0,1005.4167,0.0,3.671294,348.6901,14.04
2022-12-10 15:00:00,1006.5,1001.75586,0.0,4.5536795,288.43503,12.24,1006.7,1004.6603,0.0,2.0991426,329.03632,13.679999,1006.6,1005.0161,0.0,2.52,360.0,13.679999
2022-12-10 16:00:00,1006.8,1002.0372,0.0,7.5942073,275.44025,12.959999,1006.9,1004.8577,0.0,1.835647,191.30989,9.72,1006.8,1005.21606,0.0,3.2599385,6.3401003,10.440001
2022-12-10 17:00:00,1007.5,1002.71405,0.0,5.506941,258.6901,15.4800005,1007.5,1005.44763,0.0,2.4149535,206.56499,7.2,1007.4,1005.80835,0.0,3.8773184,158.19853,7.92
2022-12-10 18:00:00,1008.2,1003.3919,0.0,7.754637,201.80147,11.5199995,1007.9,1005.84973,0.0,2.6208394,195.94547,5.04,1008.2,1006.5922,0.0,12.074766,169.6952,20.880001
2022-12-10 19:00:00,1009.0,1004.17566,0.0,11.440979,204.14554,20.880001,1008.6,1006.54,0.0,5.506941,168.69011,7.5599995,1008.9,1007.2886,0.0,10.08,180.0,21.24
2022-12-10 20:00:00,1009.7,1004.8645,0.0,9.0645685,186.84268,19.8,1009.4,1007.334,0.0,13.910169,169.56258,22.319998,1009.6,1007.9867,0.0,11.440978,167.27565,19.8
2022-12-10 21:00:00,1010.5,1005.65405,0.0,7.92,90.0,15.84,1010.0,1007.9239,0.0,12.979984,183.17976,23.4,1010.1,1008.4837,0.0,9.0,163.73972,19.8
2022-12-10 22:00:00,1010.4,1005.5498,0.0,4.1046314,74.74483,16.199999,1010.2,1008.1207,0.0,11.183201,176.30869,21.24,1010.2,1008.58105,0.0,7.42159,157.1663,15.119999
2022-12-10 23:00:00,1010.5,1005.6443,0.0,3.2399998,180.0,6.12,1010.7,1008.6174,0.1,7.24486,153.43501,19.08,1010.6,1008.97906,0.0,5.904439,127.568665,12.599999
2022-12-11 00:00:00,1010.3,1005.443,0.0,3.563818,135.0001,5.7599998,1010.4,1008.31683,0.1,6.130579,183.3664,12.959999,1010.2,1008.57855,0.0,5.3517847,137.72638,9.72
2022-12-11 01:00:00,1010.0,1005.1444,0.0,3.6,90.0,6.12,1009.9,1007.8159,0.0,4.3349743,184.76355,11.159999,1009.8,1008.17664,0.0,5.495161,148.39255,9.0
2022-12-11 02:00:00,1009.6,1004.7325,0.0,5.7599998,90.0,7.2,1009.6,1007.5115,0.0,4.5820518,135.0001,7.92,1009.5,1007.8749,0.0,4.1046314,127.875046,8.64
2022-12-11 03:00:00,1009.3,1004.4346,0.0,4.896529,72.89719,7.2,1009.4,1007.31256,0.0,3.4152596,71.564964,7.2,1009.1,1007.4737,0.0,3.9763298,95.19434,6.4799995
2022-12-11 04:00:00,1009.3,1004.42834,0.0,6.193674,35.537766,7.2,1009.4,1007.3154,0.3,4.510787,61.389645,9.0,1009.2,1007.5729,0.0,5.3999996,53.13002,8.64
2022-12-11 05:00:00,1009.7,1004.827,0.1,4.3498964,24.443953,7.2,1009.7,1007.615,0.3,4.1046314,37.875053,9.0,1009.6,1007.97156,0.0,5.1919937,33.6901,10.08
2022-12-11 06:00:00,1010.4,1005.5329,0.0,3.319036,347.4712,5.04,1010.4,1008.31396,0.0,6.6087217,29.357658,12.24,1010.3,1008.6701,0.0,5.692099,34.69522,9.0
2022-12-11 07:00:00,1011.2,1006.3362,0.0,2.6208394,344.05453,6.12,1011.2,1009.1173,0.0,10.97262,41.00899,16.919998,1011.0,1009.37573,0.0,7.7043357,37.405437,14.04
2022-12-11 08:00:00,1011.9,1007.0566,0.0,3.319036,40.601215,16.919998,1012.0,1009.9182,0.0,12.599998,36.86999,23.4,1011.7,1010.08276,0.0,9.585739,34.286938,20.519999
2022-12-11 09:00:00,1012.1,1007.2716,0.4,4.3349743,41.63345,14.04,1012.4,1010.3241,0.0,11.4862,32.195713,23.759998,1012.2,1010.5883,0.0,9.504273,24.623547,21.599998
2022-12-11 10:00:00,1012.0,1007.18634,0.2,4.6102495,51.34017,15.119999,1012.3,1010.23285,0.0,11.753877,27.349789,24.119999,1012.0,1010.39404,0.0,8.12197,12.804273,21.599998
2022-12-11 11:00:00,1011.6,1006.7986,0.0,4.510787,61.389645,15.4800005,1011.8,1009.7414,0.0,11.298495,30.6506,24.84,1011.6,1009.9994,0.0,7.42159,14.036275,20.519999
2022-12-11 12:00:00,1010.7,1005.9165,0.0,2.3051248,51.34017,15.119999,1010.9,1008.8481,0.0,7.5685663,25.346138,23.759998,1010.7,1009.1053,0.0,6.9527545,21.25058,20.16
2022-12-11 13:00:00,1009.8,1005.0292,0.0,2.9024127,29.744795,12.599999,1010.0,1007.9514,0.0,5.815978,21.801476,18.72,1009.8,1008.21014,0.0,6.763786,25.201094,19.08
2022-12-11 14:00:00,1008.5,1003.73474,0.0,2.9024127,29.744795,12.959999,1008.7,1006.6553,0.0,3.563818,44.999897,16.56,1008.5,1006.91315,0.0,6.725354,15.524177,18.0
2022-12-11 15:00:00,1008.0,1003.23773,0.0,1.08,180.0,11.5199995,1008.1,1006.05743,0.0,3.0758414,69.44387,12.599999,1007.9,1006.3138,0.0,7.072878,14.743609,17.28
2022-12-11 16:00:00,1008.1,1003.32935,0.0,5.3517847,222.27362,10.799999,1008.0,1005.9573,0.0,3.319036,77.4712,10.440001,1008.0,1006.41144,0.0,5.815978,21.801476,16.56
2022-12-11 17:00:00,1008.5,1003.70544,0.0,4.39436,235.0079,10.799999,1008.4,1006.34705,0.0,2.9024127,150.2552,7.92,1008.4,1006.8058,0.0,2.1897945,9.462248,11.5199995
2022-12-11 18:00:00,1009.1,1004.2834,0.0,6.1305785,220.23628,9.36,1008.8,1006.7317,0.0,5.7599998,180.0,9.0,1009.0,1007.3915,0.0,5.506941,168.69011,4.68
2022-12-11 19:00:00,1009.6,1004.77277,0.0,10.8955765,172.40544,24.84,1009.2,1007.14514,0.0,1.484318,75.96373,11.159999,1009.3,1007.6885,0.0,5.0528407,175.91446,22.68
2022-12-11 20:00:00,1010.5,1005.655,0.0,12.031756,128.92755,23.4,1010.1,1008.041,0.0,2.7416782,336.8014,3.96,1010.3,1008.6844,0.0,12.72283,154.8852,22.68
2022-12-11 21:00:00,1010.8,1005.94855,0.0,9.957108,130.60121,21.24,1010.5,1008.42285,0.0,5.00128,59.743652,7.5599995,1010.7,1009.08185,0.0,11.090103,144.24602,22.319998
2022-12-11 22:00:00,1011.0,1006.1388,0.0,7.771331,103.39252,17.28,1010.8,1008.7194,0.0,6.8777895,137.12111,11.879999,1010.8,1009.1788,0.0,9.449572,130.36446,19.08
2022-12-11 23:00:00,1011.0,1006.129,0.0,6.12,118.072395,13.32,1011.0,1008.914,0.0,4.3349743,184.76355,12.599999,1010.8,1009.177,0.0,7.9932966,125.837746,15.84
2022-12-12 00:00:00,1010.7,1005.8197,0.0,5.6233797,129.80553,10.799999,1010.8,1008.71094,0.0,4.802999,192.99461,8.64,1010.7,1009.07367,0.0,6.12,118.072395,13.679999
2022-12-12 01:00:00,1010.3,1005.4086,0.0,6.792466,122.00535,9.0,1010.4,1008.30853,0.0,4.3349743,184.76355,9.36,1010.3,1008.6685,0.0,6.379216,106.38962,10.08
2022-12-12 02:00:00,1009.9,1005.0081,0.0,5.6233797,140.19447,7.5599995,1010.0,1007.9084,0.0,4.379589,170.53775,8.28,1009.8,1008.1678,0.0,4.8433046,131.98714,7.5599995
2022-12-12 03:00:00,1009.7,1004.8245,0.0,3.396233,57.99466,6.4799995,1009.7,1007.6142,0.0,1.484318,75.96373,6.4799995,1009.5,1007.8652,0.0,5.3517847,132.27362,6.8399997
2022-12-12 04:00:00,1009.7,1004.81885,0.0,3.2599385,6.3401003,3.96,1009.7,1007.6015,0.0,5.3517847,47.72637,11.879999,1009.5,1007.86456,0.0,4.198285,59.03632,7.2
2022-12-12 05:00:00,1010.1,1005.2096,0.0,3.0758414,20.556128,4.32,1010.1,1008.00757,0.0,6.1305785,40.236294,11.5199995,1010.0,1008.3618,0.0,4.5820518,44.999897,7.92
2022-12-12 06:00:00,1011.2,1006.29584,0.0,1.609969,63.435013,3.6,1011.1,1009.002,0.0,7.386582,46.97493,13.679999,1011.0,1009.35925,0.0,5.1165614,39.289394,8.28
2022-12-12 07:00:00,1012.4,1007.5008,0.0,1.2979984,326.3099,6.8399997,1012.4,1010.3051,0.0,9.957108,49.398785,18.359999,1012.2,1010.56586,0.0,7.386582,46.97493,13.679999
2022-12-12 08:00:00,1013.3,1008.426,0.0,2.9024127,60.255207,10.799999,1013.4,1011.30676,0.0,10.97262,41.00899,20.880001,1013.2,1011.5741,0.0,7.289445,32.905247,16.919998
2022-12-12 09:00:00,1013.4,1008.5494,0.0,3.7064266,29.054508,13.32,1013.7,1011.6138,0.0,11.983188,32.73523,23.759998,1013.4,1011.7816,0.0,8.427383,19.983198,20.16
2022-12-12 10:00:00,1012.9,1008.07104,0.1,5.4119864,3.8140097,16.199999,1013.2,1011.1234,0.0,13.089354,31.504223,26.28,1012.9,1011.28845,0.0,7.9932976,7.7650824,20.880001
2022-12-12 11:00:00,1012.3,1007.4906,0.0,3.319036,347.4712,16.56,1012.7,1010.63226,0.0,12.24,28.072395,27.0,1012.4,1010.79443,0.0,8.350138,352.5687,21.599998
2022-12-12 12:00:00,1011.3,1006.5111,0.0,1.8,323.13,13.679999,1011.6,1009.54047,0.0,9.693296,21.801476,25.56,1011.3,1009.70044,0.0,8.4042845,350.13425,21.96
2022-12-12 13:00:00,1010.4,1005.6195,0.0,2.1897945,350.53775,12.599999,1010.7,1008.6485,0.0,8.78872,34.9921,21.96,1010.4,1008.8054,0.0,8.647496,357.6141,21.599998
2022-12-12 14:00:00,1009.2,1004.42584,0.0,3.396233,237.99466,12.24,1009.4,1007.3533,0.0,11.983188,32.73523,23.4,1009.3,1007.70874,0.0,9.885262,10.491434,22.319998
2022-12-12 15:00:00,1008.6,1003.8302,0.0,4.452954,255.96373,13.679999,1008.6,1006.558,0.0,10.829959,15.42223,23.4,1008.8,1007.20953,0.0,11.659777,8.8805895,23.039999
2022-12-12 16:00:00,1008.7,1003.92194,0.0,5.4477882,262.40546,12.959999,1008.5,1006.4557,0.0,9.504272,37.30404,19.44,1008.7,1007.1071,0.0,9.3876505,4.398633,23.4
2022-12-12 17:00:00,1009.1,1004.29376,0.0,5.3517847,222.27362,11.5199995,1008.9,1006.84424,0.0,13.089354,31.504223,21.599998,1008.9,1007.3,0.0,3.6,53.13002,16.199999
2022-12-12 18:00:00,1009.4,1004.5609,0.0,5.154415,204.77512,10.08,1009.2,1007.14014,0.0,13.37825,23.805958,23.039999,1009.2,1007.5887,0.0,5.315336,118.30067,8.28
2022-12-12 19:00:00,1010.7,1005.85156,0.0,8.209263,164.74483,15.119999,1010.4,1008.33673,0.0,13.479583,34.114517,23.039999,1010.4,1008.7862,0.0,11.298495,149.34941,14.4
2022-12-12 20:00:00,1011.6,1006.74976,0.0,4.896529,107.10281,9.72,1011.1,1009.0312,0.0,15.30741,48.814175,25.919998,1011.1,1009.4821,0.0,11.709688,135.0001,24.84
2022-12-12 21:00:00,1011.4,1006.5352,0.0,6.151683,69.44387,7.5599995,1011.2,1009.1214,0.0,14.458382,71.11382,25.919998,1011.4,1009.77704,0.0,8.12197,102.80426,19.8
2022-12-12 22:00:00,1011.4,1006.51385,0.0,6.830519,108.43504,8.64,1011.6,1009.5124,0.0,11.090103,103.13403,24.48,1011.5,1009.8714,0.0,4.0249224,100.30479,14.04
2022-12-12 23:00:00,1011.5,1006.6151,0.0,4.2136917,160.0168,7.92,1011.8,1009.7038,0.0,5.8603754,100.619606,18.359999,1011.6,1009.96716,0.0,5.4477882,97.59455,6.8399997
2022-12-13 00:00:00,1011.5,1006.607,0.0,3.396233,212.00534,5.3999996,1011.8,1009.69995,0.0,5.2416787,74.054535,10.08,1011.4,1009.7637,0.0,6.6185193,112.38018,7.2
2022-12-13 01:00:00,1011.1,1006.1963,0.0,4.8965297,323.97253,7.2,1011.5,1009.40155,0.0,8.14587,44.999897,14.04,1010.9,1009.26447,0.0,5.1544156,12.094739,7.92
2022-12-13 02:00:00,1010.3,1005.4011,0.0,5.5887027,345.06854,9.0,1010.9,1008.8015,0.0,10.1887,32.005356,18.359999,1010.4,1008.76276,0.0,8.350138,352.5687,14.04
2022-12-13 03:00:00,1010.2,1005.30316,0.0,8.707238,7.12493,14.4,1010.7,1008.59784,0.0,7.24486,26.564985,18.0,1010.3,1008.66003,0.0,8.64,360.0,14.759999
2022-12-13 04:00:00,1010.0,1005.101,0.0,10.239453,10.124612,18.0,1010.4,1008.29785,0.0,9.83268,23.749514,17.28,1010.1,1008.4601,0.0,10.587917,17.818983,17.64
2022-12-13 05:00:00,1010.1,1005.1929,0.0,7.754637,21.801476,18.0,1010.5,1008.3969,0.0,10.966713,23.198618,20.16,1010.3,1008.6575,0.0,9.885262,10.491434,18.0
2022-12-13 06:00:00,1010.6,1005.6772,0.0,6.439876,26.564985,13.32,1011.0,1008.8931,0.0,8.891344,21.370695,19.8,1010.8,1009.1532,0.0,10.446206,358.0251,17.64
2022-12-13 07:00:00,1011.7,1006.8009,0.0,6.9153743,38.65983,12.599999,1012.0,1009.899,0.0,12.522619,18.435053,18.359999,1011.6,1009.95764,0.0,10.805999,1.9091109,19.44
2022-12-13 08:00:00,1012.5,1007.61914,0.0,7.289444,69.775055,16.199999,1012.9,1010.80084,0.0,13.5515,16.990906,24.84,1012.5,1010.8673,0.0,10.829959,15.42223,21.599998
2022-12-13 09:00:00,1012.9,1008.0378,0.0,7.0911775,66.037506,18.0,1013.5,1011.40656,0.0,14.168641,27.216026,27.359999,1013.1,1011.4751,0.0,12.43434,22.109503,26.28
2022-12-13 10:00:00,1012.8,1007.95844,0.0,5.6002855,44.999897,18.0,1013.3,1011.2139,0.0,13.684735,26.564985,28.08,1013.0,1011.382,0.0,10.365251,20.323217,26.28
2022-12-13 11:00:00,1012.2,1007.3775,0.0,3.319036,40.601215,16.919998,1012.7,1010.6235,0.0,12.181625,18.970512,27.359999,1012.4,1010.78925,0.0,6.6185193,22.380184,24.119999
2022-12-13 12:00:00,1011.4,1006.5949,0.0,0.71999997,360.0,14.4,1011.8,1009.73254,0.0,10.703569,19.653913,25.919998,1011.5,1009.89545,0.0,3.9763298,5.19435,19.08
2022-12-13 13:00:00,1010.4,1005.60913,0.0,2.16,270.0,12.24,1010.8,1008.74,0.0,10.703569,19.653913,23.759998,1010.5,1008.90015,0.0,4.379589,350.53775,16.199999
2022-12-13 14:00:00,1009.5,1004.7174,0.0,4.452954,255.96373,14.04,1009.7,1007.6451,0.0,7.628263,19.290138,22.68,1009.6,1008.0035,0.0,4.0249224,333.43503,16.199999
2022-12-13 15:00:00,1009.1,1004.3184,0.0,4.73506,278.74606,14.4,1009.2,1007.1481,0.0,4.8433046,41.98713,18.0,1009.2,1007.6041,0.0,4.510787,331.38962,14.4
2022-12-13 16:00:00,1008.9,1004.1137,0.0,4.510787,298.61035,12.959999,1009.1,1007.04724,0.0,4.198285,59.03632,12.599999,1009.0,1007.4023,0.0,5.991594,327.26477,13.679999
2022-12-13 17:00:00,1009.1,1004.284,0.0,5.154415,294.77512,10.440001,1009.2,1007.13513,0.0,4.0249224,100.30479,8.64,1009.1,1007.49286,0.0,4.39436,325.0079,12.599999
2022-12-13 18:00:00,1009.5,1004.6516,0.0,6.130579,273.3664,9.72,1009.5,1007.4196,0.0,6.489992,123.6901,9.36,1009.5,1007.88025,0.0,7.289445,327.09476,9.0
2022-12-13 19:00:00,1011.0,1006.14844,0.0,10.1376915,186.1154,9.72,1010.7,1008.62506,0.0,5.1165614,320.7106,9.0,1010.7,1009.0764,0.0,6.130579,273.3664,8.28
2022-12-13 20:00:00,1011.8,1006.9307,0.0,9.3669195,177.79745,22.68,1011.4,1009.3217,0.0,8.4042845,9.865748,13.679999,1011.5,1009.87585,0.0,6.725354,164.47583,8.64
2022-12-13 21:00:00,1011.8,1006.91846,0.0,8.64,180.0,16.919998,1011.7,1009.6201,0.0,9.885262,10.491434,19.44,1011.7,1010.0711,0.0,13.5515,163.0091,24.48
2022-12-13 22:00:00,1011.9,1007.00726,0.0,5.3517847,137.72638,15.119999,1011.9,1009.8131,0.0,9.746631,355.76367,17.64,1011.8,1010.16766,0.0,8.089993,200.85454,23.039999
2022-12-13 23:00:00,1012.2,1007.3083,0.0,3.219938,26.564985,5.7599998,1012.1,1010.0092,0.0,9.904906,19.093594,17.64,1012.0,1010.3639,0.0,7.42159,255.96373,13.32
2022-12-14 00:00:00,1012.1,1007.2031,0.0,3.8773184,158.19853,4.32,1012.0,1009.90424,0.0,10.315115,29.248732,18.359999,1012.0,1010.3608,0.0,5.3999996,233.13002,12.24
2022-12-14 01:00:00,1011.7,1006.81335,0.0,1.0182338,315.0001,4.68,1011.6,1009.499,0.0,9.220499,51.34017,18.359999,1011.6,1009.96014,0.0,5.6002855,224.9999,9.0
2022-12-14 02:00:00,1011.2,1006.3106,0.0,3.8268526,318.81415,4.32,1011.2,1009.0958,0.0,9.021574,28.610369,16.56,1011.0,1009.3583,0.0,4.829907,206.56499,9.0
2022-12-14 03:00:00,1010.5,1005.6118,0.0,3.563818,44.999897,4.32,1010.5,1008.39575,0.0,9.931042,46.468742,19.08,1010.3,1008.65686,0.0,4.510787,208.61037,7.5599995
2022-12-14 04:00:00,1010.7,1005.79,0.0,5.154415,65.22488,6.12,1010.6,1008.4926,0.0,8.161764,41.42357,18.0,1010.5,1008.8521,0.0,6.792466,237.99466,7.5599995
2022-12-14 05:00:00,1011.3,1006.40546,0.0,3.7064266,60.94549,6.12,1011.2,1009.08923,0.0,7.42159,50.906155,15.119999,1011.2,1009.5481,0.0,3.5455887,113.962494,7.5599995
2022-12-14 06:00:00,1011.6,1006.70306,0.0,3.7064266,29.054508,4.32,1011.7,1009.5866,0.0,6.489992,56.3099,14.04,1011.5,1009.84796,0.0,4.5536795,108.43504,6.12
2022-12-14 07:00:00,1012.5,1007.611,0.0,5.6002855,44.999897,9.36,1012.5,1010.396,0.0,9.511088,60.524208,16.919998,1012.4,1010.75446,0.0,2.3051248,38.65983,9.36
2022-12-14 08:00:00,1013.2,1008.3348,0.0,4.8965297,53.972538,14.04,1013.3,1011.2025,0.0,9.826088,61.55718,20.16,1013.3,1011.66656,0.0,1.9386592,21.801476,10.08
2022-12-14 09:00:00,1013.4,1008.5531,0.0,3.5455887,66.037506,14.04,1013.7,1011.6112,0.0,7.42159,75.96373,20.16,1013.5,1011.87714,0.0,0.8049845,63.435013,10.799999
2022-12-14 10:00:00,1013.1,1008.2701,0.0,3.0547013,44.999897,13.32,1013.4,1011.3221,0.0,5.3999996,90.0,18.0,1013.2,1011.5852,0.0,1.0182338,224.9999,11.879999
2022-12-14 11:00:00,1012.6,1007.7882,0.0,2.4149535,26.564985,13.679999,1012.9,1010.8303,0.0,4.6938257,32.471172,15.84,1012.6,1010.9924,0.1,1.484318,14.036275,12.24
2022-12-14 12:00:00,1011.8,1007.0057,0.0,1.8,36.86999,13.32,1012.1,1010.0367,0.0,6.162207,6.70975,16.56,1011.8,1010.19714,0.2,4.3349743,48.366554,15.84
2022-12-14 13:00:00,1010.7,1005.9171,0.0,2.6208394,74.054535,13.32,1011.0,1008.9421,0.0,5.7599998,360.0,17.28,1010.8,1009.2006,0.1,4.6938257,57.528828,16.199999
2022-12-14 14:00:00,1009.6,1004.8249,0.0,2.7416782,156.80138,12.959999,1010.1,1008.0439,0.0,5.4833565,23.198618,16.199999,1009.8,1008.20355,0.1,5.495161,58.392544,16.199999
2022-12-14 15:00:00,1008.9,1004.13135,0.0,3.9763298,174.80566,12.599999,1009.5,1007.44745,0.0,4.0249224,26.564985,15.119999,1009.1,1007.50525,0.0,5.1544156,12.094739,16.199999
2022-12-14 16:00:00,1008.7,1003.9282,0.0,4.2136917,160.0168,12.24,1009.1,1007.04846,0.0,4.896529,342.8972,12.24,1008.9,1007.3046,0.0,6.924738,351.02744,15.119999
2022-12-14 17:00:00,1009.0,1004.2053,0.0,3.319036,229.39879,9.72,1009.1,1007.0399,0.0,3.319036,282.5288,10.440001,1009.1,1007.4977,0.0,6.12,331.9276,15.119999
2022-12-14 18:00:00,1009.4,1004.56854,0.0,5.4833565,293.1986,8.28,1009.3,1007.2247,0.0,6.297428,300.96368,9.0,1009.3,1007.6872,0.0,6.618519,315.0001,11.159999
2022-12-14 19:00:00,1010.6,1005.76013,0.0,7.208994,2.8623457,8.28,1010.4,1008.32825,0.0,5.6233797,309.8055,9.0,1010.3,1008.68225,0.0,6.638072,310.60123,10.799999
2022-12-14 20:00:00,1011.2,1006.3573,0.0,5.771239,3.5762644,12.24,1011.3,1009.22565,0.0,7.2359104,354.2895,11.5199995,1011.1,1009.4806,0.0,5.6002855,315.0001,11.5199995
2022-12-14 21:00:00,1011.3,1006.4585,0.0,8.557102,22.249071,14.759999,1011.6,1009.52344,0.0,13.246826,42.797382,22.319998,1011.3,1009.678,0.0,5.692099,325.30478,9.36
2022-12-14 22:00:00,1011.3,1006.4414,0.0,6.6087217,29.357658,14.759999,1011.5,1009.41644,0.0,10.44,43.602894,22.319998,1011.3,1009.67615,0.0,5.937272,345.9637,10.799999
2022-12-14 23:00:00,1011.6,1006.7163,0.0,8.587338,33.023872,10.440001,1011.8,1009.7133,0.0,10.195057,42.13753,18.0,1011.5,1009.87103,0.0,5.692099,34.69522,9.72
2022-12-15 00:00:00,1011.3,1006.4126,0.0,7.289444,20.224945,9.72,1011.6,1009.51105,0.0,9.585739,34.286938,17.64,1011.3,1009.67017,0.0,6.3690495,42.709366,10.440001
2022-12-15 01:00:00,1010.9,1006.00745,0.0,6.725354,15.524177,8.28,1011.3,1009.20917,0.0,9.693296,21.801476,16.919998,1010.9,1009.26794,0.0,6.519877,6.3401003,10.799999
2022-12-15 02:00:00,1010.0,1005.1076,0.0,5.5887027,14.931467,8.64,1010.4,1008.30853,0.0,9.346143,15.642312,17.28,1010.2,1008.566,0.0,7.771331,346.60748,12.959999
2022-12-15 03:00:00,1009.6,1004.70197,0.0,5.8603754,10.61961,8.28,1009.8,1007.707,0.0,8.654986,16.927603,16.56,1009.6,1007.96497,0.0,8.669949,355.23645,14.4
2022-12-15 04:00:00,1009.7,1004.8006,0.0,4.896529,17.102825,7.92,1009.8,1007.7051,0.0,9.339208,27.552727,16.56,1009.6,1007.96344,0.0,9.114471,9.090207,15.119999
2022-12-15 05:00:00,1009.9,1004.999,0.0,5.154415,24.775122,8.64,1009.9,1007.8036,0.0,10.685391,32.61924,19.08,1009.8,1008.1612,0.0,8.766573,19.179106,15.119999
2022-12-15 06:00:00,1010.2,1005.29755,0.0,5.3517847,42.27363,9.36,1010.4,1008.3004,0.0,11.298495,30.6506,20.519999,1010.2,1008.559,0.0,8.225035,23.198618,15.119999
2022-12-15 07:00:00,1010.6,1005.72766,0.0,7.2,53.13002,13.32,1010.8,1008.7055,0.0,12.783802,32.347424,22.319998,1010.7,1009.0651,0.0,7.69592,10.784258,14.759999
2022-12-15 08:00:00,1011.4,1006.5498,0.0,6.3690495,47.290634,15.4800005,1011.9,1009.80963,0.0,12.24,28.072395,23.4,1011.5,1009.8749,0.0,6.162207,6.70975,15.4800005
2022-12-15 09:00:00,1011.5,1006.6704,0.0,4.6102495,38.65983,15.84,1012.0,1009.91724,0.0,12.43434,22.109503,24.84,1011.7,1010.0841,0.0,6.489992,356.82022,17.64
2022-12-15 10:00:00,1011.5,1006.6887,0.0,3.4152596,18.435053,14.759999,1011.9,1009.82635,0.0,10.829958,21.44781,25.199999,1011.6,1009.99146,0.0,6.162207,353.29025,18.72
2022-12-15 11:00:00,1011.3,1006.508,0.0,3.219938,333.43503,14.759999,1011.7,1009.63464,0.0,8.766573,19.179106,23.759998,1011.5,1009.8974,0.0,4.3498964,335.55606,18.359999
2022-12-15 12:00:00,1010.1,1005.3256,0.0,5.1165614,309.28937,16.56,1010.6,1008.5423,0.0,6.519877,6.3401003,20.880001,1010.2,1008.6039,0.0,5.0911684,315.0001,17.28
2022-12-15 13:00:00,1008.9,1004.1373,0.0,4.896529,287.1028,16.919998,1009.2,1007.14886,0.0,5.4477882,352.40543,18.359999,1009.0,1007.4085,0.0,4.3349743,311.63345,17.64
2022-12-15 14:00:00,1007.4,1002.6476,0.0,6.162207,276.70975,16.919998,1007.7,1005.65515,0.0,5.3999996,360.0,16.56,1007.4,1005.8124,0.0,4.6938257,327.52884,16.199999
2022-12-15 15:00:00,1006.8,1002.0487,0.0,7.42159,284.03625,17.64,1007.0,1004.95715,0.0,3.4152596,18.435053,15.4800005,1006.8,1005.2133,0.0,4.452954,345.9637,15.4800005
2022-12-15 16:00:00,1006.9,1002.1383,0.0,7.9932976,277.76508,17.64,1007.2,1005.1558,0.0,0.8049845,153.43501,11.5199995,1007.0,1005.41205,0.0,4.3349743,318.36655,13.679999
2022-12-15 17:00:00,1007.2,1002.4133,0.0,6.12,270.0,16.199999,1007.3,1005.24744,0.0,2.5959969,236.3099,6.4799995,1007.1,1005.50684,0.0,5.1544156,282.09473,10.799999
2022-12-15 18:00:00,1007.9,1003.0779,0.0,7.928178,267.3975,11.159999,1007.9,1005.83203,0.0,5.154415,245.22488,7.5599995,1007.8,1006.1975,0.0,9.255571,283.49576,15.119999
2022-12-15 19:00:00,1008.8,1003.9751,0.0,7.42159,219.09384,9.0,1008.7,1006.631,0.0,5.1165614,230.71062,7.92,1008.8,1007.1899,0.0,5.5887027,284.93146,15.4800005
2022-12-15 20:00:00,1009.4,1004.5707,0.0,6.9247384,207.89717,8.64,1009.2,1007.12646,0.0,6.12,208.07239,9.0,1009.3,1007.6881,0.0,4.802999,257.00537,8.28
2022-12-15 21:00:00,1009.9,1005.0529,0.0,6.638072,192.5288,9.0,1009.8,1007.72656,0.0,5.4119864,266.186,8.64,1009.6,1007.98584,0.0,5.937272,284.03625,9.72
2022-12-15 22:00:00,1009.8,1004.9517,0.0,5.1544156,192.09474,8.64,1009.7,1007.62427,0.0,5.3517847,317.72638,12.24,1009.4,1007.7837,0.0,6.130579,273.3664,9.72
2022-12-15 23:00:00,1009.7,1004.83936,0.0,3.8939953,146.3099,8.64,1009.6,1007.51996,0.0,5.1544156,347.90527,9.36,1009.4,1007.78644,0.0,0.5091169,135.0001,6.4799995
2022-12-16 00:00:00,1009.5,1004.6321,0.0,4.510787,151.38963,6.4799995,1009.3,1007.22217,0.0,8.473393,12.26477,13.679999,1009.5,1007.8774,0.0,3.4152596,71.564964,5.04
2022-12-16 01:00:00,1009.5,1004.6274,0.0,4.68,180.0,6.8399997,1009.5,1007.4196,0.0,9.585739,34.286938,17.64,1009.4,1007.7751,0.0,3.7064266,150.9455,7.2
2022-12-16 02:00:00,1008.6,1003.74457,0.0,1.2979984,236.3099,5.3999996,1008.7,1006.61707,0.0,7.7879906,33.6901,16.56,1008.6,1006.9722,0.0,2.8116899,309.8055,6.12
2022-12-16 03:00:00,1008.0,1003.1255,0.0,5.6002855,315.0001,6.4799995,1008.1,1006.0161,0.0,8.78872,34.9921,15.119999,1008.0,1006.37164,0.0,3.396233,327.99466,4.68
2022-12-16 04:00:00,1008.0,1003.1408,0.0,3.671294,348.6901,6.8399997,1007.9,1005.81506,0.0,8.854829,26.564985,16.56,1007.8,1006.1704,0.0,4.3349743,318.36655,5.3999996
2022-12-16 05:00:00,1008.4,1003.5431,0.0,2.0991426,329.03632,3.96,1008.3,1006.21265,0.0,7.653705,41.185837,15.84,1008.3,1006.668,0.0,4.3498964,24.443953,5.04
2022-12-16 06:00:00,1008.8,1003.9298,0.0,3.6,323.13,3.96,1009.0,1006.90985,0.0,7.653705,41.185837,14.4,1008.7,1007.0661,0.0,4.3349743,4.763556,7.2
2022-12-16 07:00:00,1010.1,1005.23834,0.0,1.5273507,315.0001,7.92,1010.1,1008.01416,0.0,10.383987,33.6901,17.64,1009.8,1008.17224,0.0,5.3999996,360.0,11.159999
2022-12-16 08:00:00,1010.8,1005.9618,0.0,3.563818,315.0001,11.879999,1011.1,1009.0188,0.0,10.990322,31.607454,21.24,1010.7,1009.08185,0.0,7.208994,2.8623457,16.56
2022-12-16 09:00:00,1011.3,1006.4808,0.0,2.9024127,330.25522,12.24,1011.5,1009.4269,0.0,10.163227,22.93213,21.96,1011.2,1009.5884,0.0,6.5693827,9.462261,17.64
2022-12-16 10:00:00,1011.0,1006.1974,0.0,1.1384199,341.56494,12.24,1011.2,1009.1357,0.0,9.346143,15.642312,21.599998,1010.9,1009.2968,0.0,6.638072,12.528798,18.359999
2022-12-16 11:00:00,1010.5,1005.71014,0.0,0.8049845,333.43503,11.159999,1010.6,1008.5442,0.0,8.12197,12.804273,20.880001,1010.4,1008.8052,0.0,6.489992,19.440128,19.44
2022-12-16 12:00:00,1009.2,1004.4305,0.0,1.08,360.0,11.159999,1009.3,1007.2534,0.0,7.42159,14.036275,19.8,1009.1,1007.5122,0.0,6.725354,15.524177,19.44
2022-12-16 13:00:00,1007.9,1003.13916,0.0,1.08,360.0,11.159999,1007.9,1005.8617,0.0,6.489992,19.440128,19.08,1007.7,1006.11755,0.0,6.725354,15.524177,19.8
2022-12-16 14:00:00,1006.7,1001.95337,0.0,0.5091169,315.0001,10.08,1006.6,1004.5687,0.0,6.9153743,38.65983,17.64,1006.5,1004.9217,0.0,6.489992,33.6901,18.72
2022-12-16 15:00:00,1006.4,1001.6554,0.0,1.484318,75.96373,8.64,1006.1,1004.0709,0.0,7.7043357,52.594578,16.919998,1006.0,1004.4225,0.0,7.653705,48.814175,17.64
2022-12-16 16:00:00,1006.4,1001.6548,0.0,2.52,90.0,9.0,1006.1,1004.06934,0.0,8.373386,64.5367,16.56,1006.1,1004.5185,0.0,9.339208,62.447273,18.359999
2022-12-16 17:00:00,1006.7,1001.9354,0.0,2.5959969,123.690094,7.2,1006.5,1004.4601,0.0,5.771239,86.423744,14.4,1006.5,1004.91125,0.0,6.0347,72.64589,18.0
2022-12-16 18:00:00,1007.0,1002.22614,0.0,3.8773184,158.19853,6.8399997,1006.9,1004.84735,0.0,5.6920996,108.43504,9.36,1006.9,1005.30084,0.0,6.725354,74.47583,10.440001
2022-12-16 19:00:00,1008.4,1003.59155,0.0,6.151683,110.55613,7.92,1008.0,1005.9432,0.0,6.725354,105.52418,9.0,1008.1,1006.49677,0.0,5.8048253,82.875084,7.92
2022-12-16 20:00:00,1009.3,1004.485,0.0,9.178235,131.82008,15.84,1008.9,1006.84,0.0,7.0911775,113.962494,12.24,1008.9,1007.29767,0.0,8.557102,112.24908,12.959999
2022-12-16 21:00:00,1009.5,1004.66235,0.0,6.489992,123.6901,16.199999,1009.0,1006.9371,0.0,6.830519,108.43504,11.879999,1009.2,1007.5908,0.0,11.480557,131.18582,20.519999
2022-12-16 22:00:00,1009.5,1004.6516,0.0,4.896529,107.10281,11.159999,1009.2,1007.1344,0.0,7.754637,111.801476,13.679999,1009.4,1007.7855,0.0,9.449572,130.36446,19.44
2022-12-16 23:00:00,1009.4,1004.54803,0.0,5.3517847,47.72637,8.28,1009.4,1007.327,0.0,7.5685663,92.72626,13.32,1009.1,1007.4815,0.0,5.315336,118.30067,15.84
2022-12-17 00:00:00,1009.0,1004.154,0.0,6.489992,56.3099,10.799999,1009.1,1007.02136,0.0,6.0347,72.64589,12.959999,1008.9,1007.27875,0.0,5.0911684,81.86999,8.64
2022-12-17 01:00:00,1008.4,1003.5544,0.0,5.904439,37.568665,11.159999,1008.7,1006.61993,0.0,7.145796,49.085716,12.24,1008.5,1006.87646,0.0,4.8433046,48.01287,8.64
2022-12-17 02:00:00,1007.5,1002.65643,0.0,6.489992,19.440128,10.799999,1007.8,1005.72217,0.0,9.422101,43.451904,15.84,1007.6,1005.97614,0.0,4.2136917,19.983198,7.92
2022-12-17 03:00:00,1007.4,1002.55444,0.0,6.6185193,22.380184,12.24,1007.6,1005.52026,0.0,8.913181,43.36347,16.199999,1007.4,1005.77576,0.0,6.849467,3.0127327,11.5199995
2022-12-17 04:00:00,1007.4,1002.5535,0.0,7.10031,30.465475,11.879999,1007.7,1005.6185,0.0,9.0,36.86999,15.84,1007.4,1005.7755,0.0,6.849467,3.0127327,12.24
2022-12-17 05:00:00,1007.6,1002.7519,0.0,8.161764,41.42357,13.679999,1007.9,1005.8182,0.0,10.685391,32.61924,18.359999,1007.7,1006.075,0.0,7.342588,11.3098955,12.24
2022-12-17 06:00:00,1008.3,1003.44916,0.0,8.404285,43.26433,14.4,1008.7,1006.6168,0.0,10.990322,31.607454,19.08,1008.4,1006.7726,0.0,6.379216,16.389616,12.24
2022-12-17 07:00:00,1010.2,1005.3523,0.0,7.5685663,64.65388,16.56,1010.3,1008.21893,0.0,13.044722,39.400646,22.319998,1010.1,1008.4752,0.0,7.289445,32.905247,15.119999
2022-12-17 08:00:00,1011.1,1006.2656,0.0,8.905908,75.96373,17.64,1011.2,1009.12213,0.0,12.599998,36.86999,22.319998,1011.0,1009.3785,0.0,7.10031,30.465475,13.32
2022-12-17 09:00:00,1011.4,1006.5782,0.0,9.028754,66.50142,19.8,1011.7,1009.62805,0.0,12.783802,32.347424,23.4,1011.4,1009.7855,0.0,7.2,36.86999,16.199999
2022-12-17 10:00:00,1011.1,1006.3042,0.0,7.42159,67.16631,21.599998,1011.2,1009.13916,0.0,15.077082,33.310646,27.0,1011.1,1009.4964,0.0,7.42159,50.906155,18.72
2022-12-17 11:00:00,1010.5,1005.7276,0.0,4.8965297,53.972538,19.08,1010.6,1008.5504,0.0,16.870138,50.194473,30.239998,1010.5,1008.9056,0.0,5.8048253,60.255207,19.44
2022-12-17 12:00:00,1009.7,1004.9398,0.0,7.2,53.13002,19.44,1009.9,1007.8583,0.0,19.914215,49.398785,35.64,1009.5,1007.9122,0.0,4.2136917,70.01681,17.64
2022-12-17 13:00:00,1008.3,1003.55273,0.0,7.771331,76.60749,20.16,1008.6,1006.56586,0.0,19.61587,47.231197,39.6,1008.2,1006.6206,0.0,8.942214,40.10085,21.599998
2022-12-17 14:00:00,1006.9,1002.15936,0.0,8.209263,105.25517,20.519999,1006.9,1004.87317,0.0,17.429354,38.290207,38.16,1006.6,1005.0262,0.0,10.464797,49.185013,30.239998
2022-12-17 15:00:00,1006.4,1001.6642,0.0,7.42159,112.833694,20.519999,1006.2,1004.17645,0.0,20.12461,42.82525,38.88,1006.2,1004.62585,0.1,11.592894,53.84173,30.239998
2022-12-17 16:00:00,1006.3,1001.56366,0.0,3.9763298,84.805664,16.919998,1006.3,1004.273,0.0,18.335276,43.408916,37.079998,1006.1,1004.5223,0.1,6.519877,96.340096,24.84
2022-12-17 17:00:00,1006.9,1002.1461,0.0,5.3517847,19.653913,9.72,1007.0,1004.9641,0.0,18.723461,52.02834,31.319998,1006.7,1005.1112,0.0,6.9247384,152.10283,12.24
2022-12-17 18:00:00,1007.9,1003.133,0.0,7.42159,22.833694,14.759999,1008.0,1005.9573,0.0,20.240198,51.49933,33.48,1008.0,1006.3997,0.0,4.73506,171.25392,13.679999
2022-12-17 19:00:00,1008.7,1003.9068,0.0,15.844089,21.31798,12.599999,1009.2,1007.1454,0.0,18.723461,37.97166,35.28,1008.6,1007.0035,0.0,18.581022,35.537766,7.5599995
2022-12-17 20:00:00,1009.9,1005.0973,0.0,18.678415,27.552727,33.12,1010.4,1008.3408,0.0,22.97522,35.4334,37.44,1010.0,1008.3994,0.0,18.581022,35.537766,33.12
2022-12-17 21:00:00,1010.4,1005.5903,0.0,19.386593,31.328646,35.28,1011.3,1009.2345,0.0,22.9724,32.195713,39.6,1010.6,1008.9959,0.0,18.671474,33.996506,33.12
2022-12-17 22:00:00,1010.4,1005.58514,0.0,19.33639,24.179106,34.92,1011.3,1009.232,0.0,22.415602,29.858927,39.239998,1010.5,1008.8939,0.0,18.58451,31.534754,33.12
2022-12-17 23:00:00,1010.3,1005.47925,0.0,19.242327,17.418066,35.28,1011.2,1009.1291,0.0,20.945072,24.362455,37.8,1010.3,1008.69257,0.0,22.870626,28.178495,39.6
2022-12-18 00:00:00,1010.3,1005.473,0.0,19.296133,14.036275,35.28,1011.1,1009.0235,0.0,20.150354,18.758749,35.64,1010.1,1008.49066,0.0,24.640942,25.06744,43.92
2022-12-18 01:00:00,1009.9,1005.0699,0.0,19.770523,10.491434,35.64,1010.8,1008.72064,0.0,19.137648,16.389616,34.2,1009.9,1008.2891,0.0,24.86868,22.109503,44.28
2022-12-18 02:00:00,1009.3,1004.4696,0.0,18.584509,8.914849,35.28,1010.3,1008.22144,0.0,19.734436,14.796817,33.839996,1009.4,1007.7868,0.0,22.702845,14.697369,43.92
2022-12-18 03:00:00,1008.5,1003.66864,0.0,17.873556,9.272532,33.839996,1009.4,1007.32104,0.0,19.652176,8.426887,33.839996,1008.6,1006.98395,0.0,21.129885,8.820306,40.32
2022-12-18 04:00:00,1008.1,1003.26654,0.0,18.0036,11.5345955,32.760002,1009.0,1006.91907,0.0,19.959719,7.253105,34.2,1008.1,1006.4831,0.0,21.749481,12.425935,38.16
2022-12-18 05:00:00,1008.4,1003.56415,0.0,18.861387,13.240531,34.2,1009.2,1007.11896,0.0,21.829777,13.348748,37.079998,1008.5,1006.8813,0.0,20.969805,11.888645,38.519997
2022-12-18 06:00:00,1008.9,1004.06024,0.0,19.694992,18.103857,36.0,1009.9,1007.8179,0.0,21.746502,19.334904,37.8,1009.1,1007.47876,0.0,19.06301,10.885482,37.079998
2022-12-18 07:00:00,1010.4,1005.55304,0.0,15.463246,24.775122,38.16,1011.2,1009.1154,0.0,21.398056,12.633354,37.079998,1010.3,1008.6787,0.0,18.486622,6.70975,36.36
2022-12-18 08:00:00,1011.0,1006.16705,0.0,16.79314,30.963696,32.039997,1011.7,1009.6211,0.0,22.73707,23.317738,39.239998,1010.9,1009.28564,0.0,21.407139,19.653913,39.96
2022-12-18 09:00:00,1011.5,1006.6799,0.0,18.775303,32.471172,37.079998,1012.4,1010.3253,0.0,26.302181,30.425709,45.36,1011.5,1009.89233,0.0,23.358425,24.590105,43.56
2022-12-18 10:00:00,1011.1,1006.2938,0.0,22.057161,26.146788,43.199997,1012.2,1010.12897,0.0,25.11758,27.29949,46.44,1011.2,1009.5981,0.0,25.376808,31.660704,47.519997
2022-12-18 11:00:00,1010.4,1005.60815,0.0,23.210928,23.78204,46.079998,1011.3,1009.23236,0.0,24.20314,30.379045,49.32,1010.5,1008.8999,0.0,27.21038,25.88698,51.839996
2022-12-18 12:00:00,1009.6,1004.8201,0.0,22.392464,36.50153,46.8,1010.5,1008.4415,0.0,28.227304,37.746864,47.88,1009.7,1008.1028,0.0,26.886963,26.221905,51.48
2022-12-18 13:00:00,1008.0,1003.234,0.0,20.570463,32.85573,44.28,1008.9,1006.8508,0.0,32.61727,52.624123,53.639996,1008.4,1006.806,0.0,28.503725,27.859566,54.719997
2022-12-18 14:00:00,1007.6,1002.8334,0.0,19.008545,37.30404,41.039997,1008.3,1006.252,0.0,31.336546,47.327847,58.679996,1007.8,1006.207,0.0,25.759504,26.564985,54.0
2022-12-18 15:00:00,1007.1,1002.3247,0.0,19.652176,28.442837,37.8,1007.8,1005.75085,0.0,29.01966,44.999897,54.36,1007.3,1005.7075,0.0,26.89419,27.937061,50.039997
2022-12-18 16:00:00,1007.4,1002.5994,0.0,23.540806,23.428713,44.639996,1007.9,1005.8481,0.0,26.089443,39.400646,48.96,1007.6,1006.00165,0.0,28.894344,30.718834,52.92
2022-12-18 17:00:00,1008.2,1003.378,0.0,23.491207,15.101156,44.28,1008.6,1006.5375,0.0,21.434364,29.147985,43.92,1008.2,1006.5941,0.0,26.749235,28.979609,52.56
2022-12-18 18:00:00,1009.0,1004.159,0.0,25.96496,16.927603,47.16,1009.4,1007.3309,0.0,23.667091,26.175228,39.6,1008.9,1007.28955,0.0,26.178707,31.504223,47.519997
2022-12-18 19:00:00,1009.7,1004.85565,0.0,19.242327,17.418066,47.88,1010.4,1008.3234,0.0,23.871555,23.085169,42.839996,1009.8,1008.18616,0.0,19.513195,29.875906,46.8
2022-12-18 20:00:00,1010.8,1005.9438,0.0,21.120682,29.623667,38.16,1011.2,1009.1183,0.0,27.047956,26.906017,45.719997,1010.8,1009.18164,0.0,21.897945,27.40749,37.8
2022-12-18 21:00:00,1011.2,1006.3352,0.0,22.9724,32.195713,41.760002,1011.8,1009.7126,0.0,26.434887,29.357658,45.719997,1011.3,1009.67676,0.0,22.288042,31.122416,40.32
2022-12-18 22:00:00,1011.3,1006.42584,0.0,22.288042,31.122416,42.12,1011.9,1009.8087,0.0,25.49908,30.547491,45.0,1011.4,1009.7753,0.0,20.456745,28.368961,39.239998
2022-12-18 23:00:00,1011.2,1006.3198,0.0,17.87718,25.016869,40.32,1011.8,1009.70465,0.0,23.277834,31.723568,43.199997,1011.4,1009.7728,0.0,19.483284,27.511923,36.36
2022-12-19 00:00:00,1011.0,1006.11005,0.0,15.629971,14.676441,32.399998,1011.6,1009.50195,0.0,21.67487,32.106224,39.6,1011.1,1009.4707,0.0,20.291357,25.201094,35.64
2022-12-19 01:00:00,1010.3,1005.4086,0.0,16.071491,15.5928755,28.44,1011.0,1008.9016,0.0,21.980644,31.607454,37.44,1010.5,1008.8682,0.0,20.799152,23.45904,36.719997
2022-12-19 02:00:00,1009.5,1004.6081,0.0,15.937878,18.435053,28.8,1010.2,1008.10046,0.0,20.94507,28.767557,37.44,1009.7,1008.0668,0.0,20.140705,24.27444,36.719997
2022-12-19 03:00:00,1009.0,1004.1084,0.0,15.827721,17.198626,28.08,1009.6,1007.49976,0.0,20.945072,24.362455,36.36,1009.2,1007.5659,0.0,19.008547,24.623547,35.28
2022-12-19 04:00:00,1008.8,1003.9074,0.0,15.379206,16.313938,28.08,1009.4,1007.299,0.0,20.523157,21.614847,37.079998,1009.0,1007.36536,0.0,18.837322,26.075302,32.760002
2022-12-19 05:00:00,1009.1,1004.2044,0.0,13.979871,11.888645,27.359999,1009.8,1007.69836,0.0,20.268991,19.722366,36.36,1009.3,1007.6645,0.0,17.193533,19.573223,32.399998
2022-12-19 06:00:00,1009.5,1004.60095,0.0,12.429127,10.007925,25.199999,1010.1,1007.99615,0.0,18.59845,14.574262,35.64,1009.7,1008.0633,0.0,15.281989,15.018415,30.239998
2022-12-19 07:00:00,1010.9,1006.00073,0.0,12.015589,8.615564,23.4,1011.2,1009.09546,0.0,19.734436,14.796817,33.12,1011.0,1009.3621,0.0,14.332341,11.592147,28.44
2022-12-19 08:00:00,1011.6,1006.72345,0.0,11.525623,14.470333,23.759998,1012.3,1010.1983,0.0,17.654686,16.58742,34.2,1011.9,1010.26984,0.0,14.345898,17.52567,28.08
2022-12-19 09:00:00,1011.9,1007.04834,0.0,10.495713,22.166399,24.48,1012.6,1010.5087,0.0,17.811815,14.036275,33.12,1012.2,1010.5785,0.0,14.205182,8.746089,29.519999
2022-12-19 10:00:00,1011.6,1006.7715,0.0,7.5942082,31.429514,23.4,1012.2,1010.1193,0.0,17.076298,18.435053,32.760002,1011.8,1010.1874,0.0,13.004921,4.763556,29.519999
2022-12-19 11:00:00,1011.0,1006.192,0.0,5.1919937,33.6901,20.16,1011.5,1009.43005,0.0,17.193533,19.573223,33.48,1011.1,1009.4957,0.0,10.182337,8.130019,28.44
2022-12-19 12:00:00,1010.0,1005.2125,0.0,4.0249224,63.435013,17.28,1010.4,1008.3377,0.0,15.745627,10.539137,33.12,1009.9,1008.30304,0.0,9.746631,4.23632,24.84
2022-12-19 13:00:00,1008.7,1003.92194,0.0,6.151683,110.55613,18.359999,1009.1,1007.044,0.0,15.188415,5.4402504,30.960001,1008.6,1007.0082,0.0,10.829959,15.42223,25.56
2022-12-19 14:00:00,1007.7,1002.9188,0.0,10.296251,143.53067,24.119999,1008.1,1006.0495,0.0,12.7279215,28.739704,29.88,1007.6,1006.0136,0.0,10.948973,46.332153,26.64
2022-12-19 15:00:00,1006.7,1001.9392,0.0,6.12,151.92761,24.119999,1007.3,1005.2534,0.0,12.819235,51.842735,25.56,1006.7,1005.1154,0.0,10.086427,34.82457,25.199999
2022-12-19 16:00:00,1006.2,1001.44885,0.0,1.484318,255.96373,15.84,1006.9,1004.85046,0.0,10.630672,61.69934,23.759998,1006.4,1004.8117,0.0,14.77755,2.7926505,27.72
2022-12-19 17:00:00,1006.8,1002.01886,0.0,2.968636,284.03625,7.5599995,1007.2,1005.14386,0.0,3.96,90.0,17.64,1007.1,1005.50244,0.0,11.183201,356.3087,29.519999
2022-12-19 18:00:00,1007.7,1002.91095,0.0,0.35999998,90.0,6.4799995,1007.8,1005.73254,0.0,9.449572,49.635548,9.0,1007.6,1005.9937,0.0,6.6185193,337.6198,19.08
2022-12-19 19:00:00,1008.9,1004.07806,0.0,8.654987,44.999897,5.7599998,1008.9,1006.8296,0.0,17.81909,44.999897,32.039997,1008.5,1006.8859,0.0,5.937272,14.036275,12.959999
2022-12-19 20:00:00,1009.4,1004.55365,0.0,4.896529,17.102825,15.119999,1009.6,1007.525,0.0,16.489416,36.11944,30.960001,1009.2,1007.58905,0.0,9.885262,10.491434,16.199999
2022-12-19 21:00:00,1009.8,1004.93976,0.0,4.68,360.0,7.92,1010.0,1007.9192,0.0,15.021105,44.029083,27.72,1009.7,1008.08405,0.0,12.224107,13.627024,20.880001
2022-12-19 22:00:00,1009.8,1004.9316,0.0,5.6920996,341.56494,9.36,1009.9,1007.81464,0.0,13.979872,34.50859,24.84,1009.7,1008.0788,0.0,12.074766,26.564985,21.96
2022-12-19 23:00:00,1009.6,1004.7225,0.0,5.7599998,360.0,10.08,1009.9,1007.8115,0.0,13.049689,24.443953,23.4,1009.5,1007.8749,0.0,8.854829,26.564985,20.16
2022-12-20 00:00:00,1009.3,1004.4198,0.0,6.439876,26.564985,10.799999,1009.8,1007.7088,0.0,12.0694,17.354122,21.96,1009.5,1007.8708,0.0,7.9932976,352.23492,14.759999
2022-12-20 01:00:00,1008.7,1003.81866,0.0,6.489992,19.440128,11.159999,1009.3,1007.20734,0.0,11.525623,14.470333,20.880001,1009.0,1007.3687,0.0,9.346143,344.3577,15.84
2022-12-20 02:00:00,1007.8,1002.9148,0.0,5.3999996,360.0,11.159999,1008.3,1006.20685,0.0,11.304229,9.16228,20.16,1008.0,1006.36786,0.0,9.605998,347.00537,16.56
2022-12-20 03:00:00,1007.2,1002.3105,0.0,5.0911684,351.87,9.36,1007.6,1005.5064,0.0,10.8955765,7.59456,19.8,1007.4,1005.76666,0.0,9.178235,348.6901,16.56
2022-12-20 04:00:00,1007.2,1002.3036,0.0,4.379589,350.53775,9.0,1007.4,1005.3053,0.0,10.594036,9.782338,19.44,1007.3,1005.6652,0.0,8.311245,355.03033,15.84
2022-12-20 05:00:00,1007.9,1002.99115,0.0,5.8603754,349.3804,7.5599995,1008.1,1006.00226,0.0,9.114471,9.090207,19.08,1008.0,1006.36255,0.0,7.5685663,357.27374,14.4
2022-12-20 06:00:00,1008.6,1003.6977,0.0,4.379589,350.53775,7.2,1008.8,1006.6993,0.0,8.049845,10.304792,16.199999,1008.7,1007.0601,0.0,6.4799995,360.0,12.24
2022-12-20 07:00:00,1009.6,1004.70447,0.0,5.00128,329.74365,7.92,1009.9,1007.80334,0.0,11.183201,3.691312,17.28,1009.6,1007.9637,0.0,9.178235,348.6901,14.759999
2022-12-20 08:00:00,1010.7,1005.8288,0.0,4.379589,9.462248,12.599999,1010.9,1008.80634,0.0,11.792404,12.339083,22.68,1010.7,1009.0718,0.0,10.08,360.0,21.24
2022-12-20 09:00:00,1011.3,1006.45026,0.0,4.198285,30.963696,14.759999,1011.6,1009.5137,0.0,11.620809,16.189287,23.759998,1011.3,1009.6799,0.0,8.647496,2.385899,21.96
2022-12-20 10:00:00,1011.0,1006.1759,0.0,3.096837,35.537766,14.4,1011.3,1009.2238,0.0,10.041354,14.534496,24.119999,1011.1,1009.4878,0.0,6.12,360.0,21.24
2022-12-20 11:00:00,1010.3,1005.50226,0.0,2.2768397,18.435053,14.4,1010.6,1008.533,0.0,7.9526596,5.19435,22.68,1010.4,1008.79663,0.0,5.2416787,344.05453,18.359999
2022-12-20 12:00:00,1009.1,1004.3278,0.0,2.52,360.0,14.04,1009.5,1007.44226,0.0,6.28713,346.75946,20.16,1009.2,1007.6051,0.0,4.829907,333.43503,18.0
2022-12-20 13:00:00,1007.9,1003.14453,0.0,1.609969,63.435013,14.04,1008.2,1006.15094,0.0,5.7599998,360.0,18.359999,1007.9,1006.3116,0.0,4.6938257,327.52884,17.64
2022-12-20 14:00:00,1006.8,1002.05597,0.0,0.8049845,63.435013,12.599999,1007.1,1005.0573,0.0,6.162207,6.70975,17.28,1006.8,1005.2158,0.0,5.8048253,330.25522,18.359999
2022-12-20 15:00:00,1006.2,1001.46106,0.0,0.35999998,180.0,10.799999,1006.4,1004.36224,0.0,7.072878,14.743609,16.919998,1006.2,1004.61774,0.0,5.315336,331.69934,17.64
2022-12-20 16:00:00,1005.8,1001.05975,0.0,5.495161,238.39255,12.24,1006.0,1003.9636,0.0,5.692099,34.69522,16.199999,1006.0,1004.41736,0.0,5.00128,329.74365,15.84
2022-12-20 17:00:00,1006.5,1001.7333,0.0,8.209263,254.74483,14.4,1006.4,1004.35626,0.0,2.6208394,164.05453,11.159999,1006.4,1004.8111,0.0,6.638072,282.5288,12.959999
2022-12-20 18:00:00,1007.2,1002.4019,0.0,6.8399997,270.0,16.199999,1007.0,1004.9377,0.0,6.696387,216.25392,7.92,1006.9,1005.2997,0.0,7.928178,272.6025,12.959999
2022-12-20 19:00:00,1008.6,1003.78577,0.0,8.707237,150.2552,11.5199995,1008.1,1006.0329,0.0,6.4096174,141.84273,9.0,1008.2,1006.59125,0.0,4.198285,210.96368,13.32
2022-12-20 20:00:00,1009.3,1004.4696,0.0,8.654986,163.0724,15.4800005,1009.3,1007.2316,0.0,4.5820518,44.999897,7.92,1008.9,1007.2888,0.0,4.2136917,160.0168,5.3999996
2022-12-20 21:00:00,1009.4,1004.55365,0.0,4.3349743,85.23644,15.119999,1009.4,1007.333,0.0,8.404285,46.73567,13.679999,1009.1,1007.48785,0.0,8.587338,123.02387,14.04
2022-12-20 22:00:00,1009.1,1004.2592,0.0,5.3999996,53.13002,10.440001,1009.3,1007.226,0.0,8.669949,41.63345,15.84,1009.1,1007.48535,0.0,3.5455887,113.962494,14.04
2022-12-20 23:00:00,1009.2,1004.3515,0.0,6.638072,40.601215,9.0,1009.5,1007.4206,0.0,8.669949,4.763556,15.119999,1009.2,1007.5779,0.0,3.8268526,228.81418,5.3999996
2022-12-21 00:00:00,1009.0,1004.1396,0.0,6.9899354,11.888645,7.92,1009.3,1007.21844,0.0,8.699793,24.443953,15.4800005,1008.9,1007.27625,0.0,5.771239,176.42374,6.8399997
2022-12-21 01:00:00,1008.3,1003.4363,0.0,4.6800003,337.3801,8.28,1008.8,1006.716,0.0,8.225035,23.198618,15.119999,1008.4,1006.77295,0.0,3.2599385,353.6599,6.4799995
2022-12-21 02:00:00,1007.4,1002.5325,0.0,4.510787,331.38962,7.5599995,1007.8,1005.71674,0.0,8.427383,19.983198,14.759999,1007.4,1005.7723,0.0,5.771239,356.42374,9.0
2022-12-21 03:00:00,1006.9,1002.0283,0.0,5.904439,322.43134,10.08,1007.1,1005.0153,0.0,8.350138,7.4313188,15.119999,1006.9,1005.2719,0.0,8.287822,2.4894993,13.679999
2022-12-21 04:00:00,1007.0,1002.1228,0.0,6.763786,334.79892,11.879999,1007.2,1005.1107,0.0,6.924738,8.97255,14.759999,1007.0,1005.37134,0.0,9.3669195,2.2025495,16.199999
2022-12-21 05:00:00,1007.5,1002.6163,0.0,6.725354,344.47583,12.24,1007.8,1005.7077,0.0,7.42159,14.036275,13.32,1007.4,1005.77136,0.0,10.1376915,6.1154146,16.919998
2022-12-21 06:00:00,1008.4,1003.5079,0.0,5.5887027,345.06854,11.5199995,1008.5,1006.4055,0.0,9.605998,12.99463,16.919998,1008.4,1006.7697,0.0,8.905908,14.036275,17.28
2022-12-21 07:00:00,1009.0,1004.1298,0.0,8.311245,4.969664,11.879999,1009.3,1007.2092,0.0,12.904882,22.988754,19.44,1009.0,1007.37354,0.0,11.367109,10.954029,17.28
2022-12-21 08:00:00,1009.9,1005.0522,0.0,8.699793,24.443953,19.44,1010.3,1008.2166,0.0,15.2947035,26.564985,26.64,1009.9,1008.28217,0.0,12.661564,14.826528,24.84
2022-12-21 09:00:00,1010.3,1005.4746,0.0,6.3690495,47.290634,19.44,1010.7,1008.62756,0.0,17.595861,30.762655,32.039997,1010.5,1008.88947,0.0,12.57426,23.629398,27.0
2022-12-21 10:00:00,1010.1,1005.29785,0.0,5.495161,58.392544,17.64,1010.4,1008.3377,0.0,15.315873,23.552286,32.399998,1010.2,1008.5979,0.0,10.028439,21.037588,26.64
2022-12-21 11:00:00,1009.7,1004.91815,0.0,4.8433046,41.98713,17.28,1010.0,1007.94763,0.0,15.844089,21.31798,30.239998,1009.7,1008.1053,0.0,7.69592,10.784258,24.119999
2022-12-21 12:00:00,1008.5,1003.7386,0.0,2.2768397,18.435053,16.919998,1008.6,1006.55676,0.0,15.2947035,26.564985,30.599998,1008.5,1006.91254,0.0,6.924738,8.97255,21.24
2022-12-21 13:00:00,1007.3,1002.5568,0.0,1.484318,255.96373,13.32,1007.4,1005.36523,0.0,13.004922,41.63345,29.88,1007.3,1005.7179,0.0,5.6920996,18.435053,20.519999
2022-12-21 14:00:00,1006.4,1001.66644,0.0,3.319036,229.39879,13.679999,1006.4,1004.37036,0.0,12.261157,49.76371,26.64,1006.4,1004.8209,0.0,4.802999,12.99463,18.359999
2022-12-21 15:00:00,1006.2,1001.4674,0.0,4.072935,224.9999,14.04,1006.1,1004.07245,0.0,10.009036,52.3057,24.119999,1006.1,1004.52136,0.0,4.3349743,355.23645,16.56
2022-12-21 16:00:00,1006.7,1001.9555,0.0,6.28713,193.24052,14.04,1006.4,1004.37036,0.0,6.439876,63.435013,18.72,1006.6,1005.0186,0.0,1.484318,14.036275,14.04
2022-12-21 17:00:00,1007.4,1002.6161,0.0,12.9249525,167.125,23.039999,1006.9,1004.8618,0.0,2.7416782,113.19862,10.08,1007.0,1005.4136,0.0,1.484318,194.03627,7.92
2022-12-21 18:00:00,1008.2,1003.39026,0.0,6.9527545,158.74942,23.039999,1007.6,1005.5478,0.0,6.9899354,78.11137,7.5599995,1007.7,1006.1009,0.0,5.0911684,171.86998,7.5599995
2022-12-21 19:00:00,1009.2,1004.37103,0.0,4.5820518,135.0001,11.5199995,1008.6,1006.5431,0.0,15.646544,66.97448,22.68,1008.5,1006.8952,0.0,15.379206,147.42595,19.8
2022-12-21 20:00:00,1009.9,1005.062,0.3,5.0528407,175.91446,8.64,1009.4,1007.34033,0.0,17.87718,64.98315,33.12,1009.4,1007.7905,0.0,9.931042,136.46873,27.0
2022-12-21 21:00:00,1010.1,1005.2519,0.0,4.6938257,147.52882,10.08,1010.0,1007.929,0.0,9.0,90.0,29.519999,1010.1,1008.48627,0.0,9.779817,96.340096,17.64
2022-12-21 22:00:00,1010.0,1005.1486,0.0,4.39436,124.992096,7.92,1010.2,1008.11566,0.0,5.506941,78.6901,15.119999,1009.8,1008.1842,0.0,6.193674,144.46223,16.56
2022-12-21 23:00:00,1009.9,1005.0317,0.0,3.7064266,330.9455,5.04,1010.2,1008.11316,0.0,5.0911684,44.999897,8.64,1009.7,1008.0788,0.0,5.5887027,165.06853,10.08
2022-12-22 00:00:00,1009.4,1004.53,0.0,4.6800003,337.3801,7.5599995,1009.7,1007.61285,0.0,5.1919937,33.6901,8.64,1009.3,1007.67615,0.0,2.5455842,8.130019,6.4799995
2022-12-22 01:00:00,1008.6,1003.7333,0.0,5.2416787,344.05453,8.64,1008.9,1006.813,0.0,6.763786,25.201094,11.5199995,1008.5,1006.8757,0.0,5.8603754,349.3804,9.72
2022-12-22 02:00:00,1007.9,1003.0291,0.0,4.5536795,341.56494,9.36,1008.1,1006.0136,0.0,9.826088,28.442837,16.199999,1007.8,1006.1751,0.0,6.439876,333.43503,11.159999
2022-12-22 03:00:00,1007.3,1002.42316,0.0,4.802999,347.00537,8.28,1007.5,1005.41235,0.0,10.315115,29.248732,18.0,1007.3,1005.67377,0.0,5.95906,334.98312,10.799999
2022-12-22 04:00:00,1007.2,1002.3152,0.0,4.32,360.0,8.28,1007.4,1005.30975,0.0,9.826088,28.442837,18.0,1007.2,1005.57104,0.0,6.830519,341.56494,11.159999
2022-12-22 05:00:00,1007.6,1002.7016,0.0,6.519877,6.3401003,8.28,1007.8,1005.7067,0.0,9.659814,26.564985,17.28,1007.6,1005.96783,0.0,6.489992,356.82022,11.5199995
2022-12-22 06:00:00,1008.2,1003.2947,0.0,6.849467,356.98727,7.92,1008.4,1006.30457,0.0,9.83268,23.749514,17.64,1008.2,1006.564,0.0,6.849467,356.98727,11.159999
2022-12-22 07:00:00,1009.0,1004.1247,0.0,5.95906,25.016869,9.72,1009.1,1007.00903,0.0,10.829958,21.44781,18.359999,1008.9,1007.2677,0.0,8.28,360.0,15.119999
2022-12-22 08:00:00,1009.8,1004.947,0.0,6.1094027,44.999897,15.84,1010.1,1008.0139,0.0,10.966713,23.198618,21.24,1009.9,1008.27655,0.0,6.87779,6.0089183,16.919998
2022-12-22 09:00:00,1010.4,1005.56903,0.0,4.3349743,48.366554,16.199999,1010.7,1008.62244,0.0,11.91812,25.016869,24.119999,1010.5,1008.8866,0.0,6.924738,8.97255,18.359999
2022-12-22 10:00:00,1010.4,1005.5924,0.0,1.5273507,44.999897,15.4800005,1010.7,1008.632,0.0,11.269782,26.564985,24.48,1010.5,1008.89575,0.0,6.162207,6.70975,19.44
2022-12-22 11:00:00,1009.7,1004.9203,0.0,2.1897945,279.46225,13.32,1010.0,1007.94196,0.0,9.0,16.26028,24.119999,1009.9,1008.3024,0.0,4.5536795,341.56494,18.72
2022-12-22 12:00:00,1008.6,1003.84436,0.0,5.2416787,285.94547,17.64,1009.1,1007.04974,0.0,7.2359104,354.2895,21.599998,1008.8,1007.2098,0.0,4.8433046,311.98712,18.0
2022-12-22 13:00:00,1007.6,1002.8554,0.0,7.42159,284.03625,20.16,1008.1,1006.0562,0.0,7.289445,327.09476,19.44,1007.8,1006.21423,0.0,6.989936,304.50858,20.16
2022-12-22 14:00:00,1006.9,1002.15936,0.0,7.69592,259.21576,20.16,1007.2,1005.1631,0.0,5.315336,298.30066,19.08,1007.1,1005.5182,0.0,6.638072,310.60123,20.880001
2022-12-22 15:00:00,1006.6,1001.8632,0.0,9.227524,249.44388,21.599998,1006.8,1004.76855,0.0,4.3498964,294.44394,15.4800005,1006.9,1005.31976,0.0,6.792466,327.99466,19.44
2022-12-22 16:00:00,1006.7,1001.96027,0.0,8.654986,253.0724,21.24,1006.6,1004.56964,0.0,8.12197,347.19574,13.679999,1006.8,1005.21796,0.0,7.7879906,326.3099,17.64
2022-12-22 17:00:00,1007.2,1002.43304,0.0,7.2,216.86998,18.0,1007.2,1005.1571,0.0,9.746631,355.76367,15.84,1007.3,1005.71063,0.0,6.151683,290.55612,16.56
2022-12-22 18:00:00,1008.1,1003.296,0.0,5.506941,168.69011,12.959999,1007.9,1005.84845,0.0,13.363711,355.36462,22.319998,1007.9,1006.29987,0.0,6.9899354,258.11136,12.24
2022-12-22 19:00:00,1009.2,1004.3701,0.0,12.783802,147.65259,12.599999,1008.9,1006.8344,0.0,6.28713,13.240531,21.96,1008.8,1007.18896,0.0,6.763786,334.79892,11.879999
2022-12-22 20:00:00,1010.2,1005.3394,0.0,10.195057,137.86247,25.56,1009.7,1007.62964,0.0,6.924738,351.02744,11.5199995,1009.5,1007.8872,0.0,4.5536795,108.43504,7.92
2022-12-22 21:00:00,1010.7,1005.8272,0.0,4.896529,107.10281,17.64,1010.4,1008.3253,0.0,8.557102,22.249071,14.04,1010.3,1008.6815,0.0,13.18308,124.992096,23.039999
2022-12-22 22:00:00,1010.7,1005.8207,0.0,4.39436,145.0079,5.7599998,1010.6,1008.5233,0.0,10.296251,36.469334,18.0,1010.7,1009.07776,0.0,7.8954163,136.8476,23.039999
2022-12-22 23:00:00,1010.7,1005.83044,0.0,3.6,90.0,5.3999996,1010.9,1008.81604,0.0,8.225035,66.80139,17.28,1010.8,1009.1741,0.0,6.1305785,130.23628,14.4
2022-12-23 00:00:00,1010.4,1005.5057,0.0,6.28713,23.629398,7.5599995,1010.6,1008.50964,0.0,7.342588,78.6901,14.4,1010.4,1008.7707,0.0,4.510787,118.61037,10.440001
2022-12-23 01:00:00,1010.3,1005.40204,0.0,5.6002855,315.0001,9.0,1010.4,1008.3039,0.0,5.4833565,66.801384,12.959999,1010.2,1008.566,0.0,3.8773184,21.801476,5.04
2022-12-23 02:00:00,1009.8,1004.89435,0.0,6.725354,344.47583,11.5199995,1009.9,1007.8017,0.0,6.12,61.92762,10.440001,1009.6,1007.9656,0.0,6.0347,17.354122,9.72
2022-12-23 03:00:00,1009.2,1004.2917,0.0,8.64,360.0,15.119999,1009.5,1007.3959,0.0,6.12,28.072395,10.799999,1009.2,1007.5647,0.0,6.162207,353.29025,10.440001
2022-12-23 04:00:00,1009.3,1004.38605,0.0,7.9526596,5.19435,15.119999,1009.6,1007.4972,0.0,5.0142193,21.037588,9.72,1009.5,1007.8607,0.0,6.763786,334.79892,11.159999
2022-12-23 05:00:00,1009.7,1004.7797,0.0,7.6367526,8.130019,13.32,1010.0,1007.8952,0.0,5.8048253,29.744795,11.159999,1009.9,1008.2563,0.0,6.924738,351.02744,11.5199995
2022-12-23 06:00:00,1010.6,1005.6655,0.0,5.8048253,352.87506,12.959999,1010.8,1008.69006,0.0,5.8048253,29.744795,11.159999,1010.7,1009.0528,0.0,7.5685663,2.7262611,12.599999
2022-12-23 07:00:00,1011.6,1006.69574,0.0,10.009036,37.694313,10.08,1011.9,1009.79694,0.0,10.30883,24.775122,12.959999,1011.7,1010.05774,0.0,8.64,360.0,16.199999
2022-12-23 08:00:00,1012.5,1007.617,0.0,11.753876,49.969803,23.759998,1012.8,1010.6991,0.0,11.090103,35.75398,21.599998,1012.6,1010.96735,0.0,8.4042845,9.865748,18.359999
2022-12-23 09:00:00,1013.0,1008.13635,0.0,12.904882,59.8587,27.72,1013.3,1011.20636,0.0,9.726664,38.990997,21.96,1013.1,1011.47546,0.0,8.534353,27.645891,20.880001
2022-12-23 10:00:00,1013.1,1008.257,0.0,12.413477,60.461315,28.44,1013.3,1011.218,0.0,9.220499,38.65983,21.96,1013.1,1011.4853,0.0,7.9932966,35.837746,21.599998
2022-12-23 11:00:00,1012.6,1007.7797,0.0,10.315115,60.75127,27.72,1012.7,1010.63226,0.0,10.009036,37.694313,22.68,1012.6,1010.99524,0.0,8.942214,40.10085,23.4
2022-12-23 12:00:00,1011.3,1006.5017,0.0,9.693296,58.671368,25.199999,1011.4,1009.34283,0.0,10.990322,31.607454,23.759998,1011.3,1009.70276,0.0,9.19939,30.579157,23.759998
2022-12-23 13:00:00,1009.9,1005.1178,0.0,9.6932955,74.931465,24.48,1009.9,1007.85034,0.0,10.464797,26.564985,23.759998,1009.8,1008.20953,0.0,8.699793,24.443953,23.759998
2022-12-23 14:00:00,1008.9,1004.12506,0.0,11.212135,84.47256,26.28,1008.8,1006.7548,0.0,7.491114,35.217674,22.68,1008.7,1007.1141,0.0,11.620809,16.189287,25.199999
2022-12-23 15:00:00,1008.2,1003.42584,0.0,11.885453,88.264336,26.28,1008.1,1006.05994,0.0,5.8048253,29.744795,17.64,1008.1,1006.5132,0.0,14.587776,15.75124,29.16
2022-12-23 16:00:00,1008.1,1003.3169,0.0,10.239453,100.12462,25.56,1007.8,1005.7584,0.0,8.587338,33.023872,14.4,1008.0,1006.41046,0.0,12.768586,21.501507,29.16
2022-12-23 17:00:00,1008.5,1003.68536,0.0,5.495161,121.60746,19.44,1008.3,1006.24255,0.0,6.1305785,40.236294,13.679999,1008.4,1006.80005,0.0,5.6002855,44.999897,23.759998
2022-12-23 18:00:00,1009.1,1004.2462,0.0,8.534353,117.64589,10.440001,1009.1,1007.0226,0.0,7.289445,32.905247,11.879999,1009.0,1007.38934,0.0,8.766573,19.179106,12.959999
2022-12-23 19:00:00,1010.8,1005.94055,0.0,8.647496,2.385899,11.5199995,1010.7,1008.6253,0.0,15.807239,30.068504,23.4,1010.3,1008.6838,0.0,7.8954163,24.227736,14.04
2022-12-23 20:00:00,1011.6,1006.72705,0.0,7.5170207,343.3007,14.759999,1011.4,1009.3167,0.0,13.684735,54.63746,26.28,1011.5,1009.87396,0.0,10.446206,91.97489,18.359999
2022-12-23 21:00:00,1012.1,1007.20874,0.0,4.3498964,294.44394,8.64,1011.9,1009.81146,0.0,19.513195,52.495785,33.12,1012.0,1010.36676,0.0,7.8954163,65.77226,17.28
2022-12-23 22:00:00,1012.2,1007.2752,0.0,6.489992,303.6901,7.92,1011.9,1009.807,0.0,13.779114,56.725105,33.12,1012.0,1010.3633,0.0,5.991594,57.264786,12.959999
2022-12-23 23:00:00,1012.2,1007.266,0.0,7.10031,329.53452,9.0,1012.2,1010.0998,0.0,11.304229,52.765083,23.4,1012.2,1010.55945,0.0,6.4096174,51.842735,10.440001
2022-12-24 00:00:00,1012.3,1007.36395,0.0,8.287822,2.4894993,10.799999,1012.7,1010.5937,0.0,10.883676,55.78425,19.8,1012.3,1010.65735,0.0,8.534353,27.645891,13.32
2022-12-24 01:00:00,1011.5,1006.5638,0.0,8.049845,10.304792,11.159999,1012.1,1009.9908,0.0,9.726664,51.009003,19.08,1011.7,1010.05585,0.0,9.346143,15.642312,16.199999
2022-12-24 02:00:00,1011.0,1006.0536,0.0,8.905908,14.036275,11.159999,1011.5,1009.388,0.0,9.793059,36.027473,16.919998,1011.2,1009.55255,0.0,6.849467,3.0127327,15.84
2022-12-24 03:00:00,1010.9,1005.95465,0.0,7.5599995,360.0,10.799999,1011.3,1009.18744,0.0,11.384198,34.69522,19.8,1011.1,1009.4486,0.0,6.9899354,348.11136,11.5199995
2022-12-24 04:00:00,1010.9,1005.9437,0.0,8.209263,15.255177,9.36,1011.2,1009.08575,0.0,12.783802,32.347424,21.96,1011.1,1009.4451,0.0,7.69592,349.21573,12.959999
2022-12-24 05:00:00,1011.2,1006.2365,0.0,8.699793,24.443953,10.08,1011.5,1009.3838,0.0,13.584932,32.005356,25.919998,1011.3,1009.6429,0.0,7.92,360.0,12.959999
2022-12-24 06:00:00,1011.8,1006.8326,0.0,8.534353,27.645891,10.799999,1012.0,1009.88055,0.0,13.979872,34.50859,24.48,1011.9,1010.24,0.0,7.172949,17.52567,13.32
2022-12-24 07:00:00,1012.9,1007.9778,0.0,9.107359,18.435053,12.959999,1013.2,1011.0866,0.0,16.135872,38.65983,25.199999,1013.0,1011.3471,0.0,10.390226,14.036275,14.759999
2022-12-24 08:00:00,1013.6,1008.699,0.0,9.346143,15.642312,20.16,1013.9,1011.79254,0.0,17.566378,44.169785,30.960001,1013.7,1012.05743,0.0,9.255571,13.495748,19.8
2022-12-24 09:00:00,1013.9,1009.03204,0.0,9.021574,28.610369,21.599998,1014.3,1012.2033,0.0,16.29174,44.999897,30.960001,1014.1,1012.4691,0.0,9.107359,18.435053,21.96
2022-12-24 10:00:00,1013.5,1008.6609,0.0,7.5685663,25.346138,22.319998,1013.8,1011.7158,0.0,15.021105,45.970932,30.960001,1013.7,1012.0809,0.0,7.5170207,16.699326,22.319998
2022-12-24 11:00:00,1013.1,1008.28204,0.0,4.32,360.0,20.880001,1013.4,1011.3287,0.0,12.475961,43.83095,29.16,1013.2,1011.58966,0.0,5.1544156,347.90527,20.519999
2022-12-24 12:00:00,1011.9,1007.1035,0.0,4.6102495,308.65982,16.919998,1012.5,1010.4369,0.0,12.096214,36.528946,26.28,1012.2,1010.59595,0.0,6.4096174,321.8427,19.44
2022-12-24 13:00:00,1010.7,1005.9259,0.0,6.489992,303.6901,19.08,1011.2,1009.142,0.0,12.287555,31.827414,25.56,1011.0,1009.4013,0.0,7.928177,309.47244,21.96
2022-12-24 14:00:00,1009.4,1004.6422,0.0,3.8773184,338.19852,19.08,1010.1,1008.0464,0.0,11.753877,27.349789,25.56,1009.9,1008.30524,0.0,7.127636,315.0001,21.96
2022-12-24 15:00:00,1008.9,1004.1298,0.0,12.0694,72.64589,24.84,1009.4,1007.34827,0.0,9.0645685,6.842679,24.48,1009.2,1007.6073,0.0,7.9526596,354.80566,20.16
2022-12-24 16:00:00,1009.2,1004.40216,0.0,15.905319,95.19434,33.12,1009.1,1007.0517,0.0,4.896529,17.102825,18.72,1009.1,1007.50616,0.0,6.9527545,21.25058,19.44
2022-12-24 17:00:00,1009.7,1004.88116,0.0,3.219938,116.56499,29.88,1009.9,1007.8405,0.0,12.864649,72.07199,19.08,1009.7,1008.09985,0.0,5.937272,14.036275,14.4
2022-12-24 18:00:00,1010.4,1005.5602,0.0,4.5820518,315.0001,5.3999996,1010.6,1008.533,0.0,15.617529,64.025665,28.44,1010.4,1008.79065,0.0,9.904906,19.093594,16.56
2022-12-24 19:00:00,1011.4,1006.5281,0.0,7.729527,332.24155,17.28,1011.4,1009.321,0.0,10.514218,51.952908,34.56,1011.3,1009.67773,0.0,5.5887027,14.931467,18.359999
2022-12-24 20:00:00,1012.5,1007.6422,0.0,12.904882,30.1413,22.68,1012.5,1010.4181,0.0,16.704155,52.883057,28.44,1012.4,1010.77277,0.0,5.904439,37.568665,8.28
2022-12-24 21:00:00,1012.6,1007.7263,0.0,10.195057,42.13753,23.759998,1012.7,1010.61206,0.0,16.418526,52.124958,28.8,1012.5,1010.87427,0.0,9.387651,32.471172,15.84
2022-12-24 22:00:00,1012.6,1007.72034,0.0,10.948973,46.332153,18.72,1012.6,1010.50745,0.0,16.80857,46.73567,28.8,1012.4,1010.76904,0.0,10.948973,43.667847,18.0
2022-12-24 23:00:00,1012.7,1007.8199,0.0,12.496718,48.503635,22.319998,1013.0,1010.9004,0.0,15.281989,46.90914,28.44,1012.7,1011.0641,0.0,11.304229,52.765083,19.08
2022-12-25 00:00:00,1012.5,1007.611,0.0,11.019764,51.632477,22.68,1012.9,1010.79614,0.0,12.475961,46.169064,25.919998,1012.6,1010.9607,0.0,10.805998,29.981556,18.72
2022-12-25 01:00:00,1012.2,1007.29443,0.0,6.3690495,47.290634,19.44,1012.7,1010.5943,0.0,11.246759,39.805527,21.24,1012.3,1010.6581,0.0,10.137692,16.504446,18.0
2022-12-25 02:00:00,1012.0,1007.0796,0.0,5.692099,34.69522,10.440001,1012.3,1010.19135,0.0,11.304229,37.234917,19.8,1012.0,1010.3541,0.0,8.905908,14.036275,16.919998
2022-12-25 03:00:00,1011.5,1006.5754,0.0,5.315336,28.30066,8.64,1011.9,1009.79,0.0,10.685391,32.61924,20.16,1011.7,1010.05237,0.0,7.6367526,8.130019,14.759999
2022-12-25 04:00:00,1011.7,1006.7744,0.0,5.6920996,18.435053,9.72,1012.0,1009.886,0.0,8.891343,31.75944,18.72,1011.8,1010.14844,0.0,7.5942073,5.4402504,12.959999
2022-12-25 05:00:00,1012.2,1007.2635,0.0,6.28713,13.240531,10.440001,1012.8,1010.6824,0.0,9.659814,26.564985,17.28,1012.4,1010.745,0.0,7.928178,357.3975,12.959999
2022-12-25 06:00:00,1012.7,1007.75696,0.0,6.5693827,9.462261,11.5199995,1013.1,1010.98016,0.0,9.504273,24.623547,17.64,1012.8,1011.1427,0.0,8.049845,349.69522,13.679999
2022-12-25 07:00:00,1013.8,1008.87146,0.0,5.8603754,349.3804,12.24,1014.0,1011.88904,0.0,13.1041975,20.924576,19.44,1013.7,1012.053,0.0,9.72,360.0,16.199999
2022-12-25 08:00:00,1014.7,1009.7937,0.0,7.42159,22.833694,16.919998,1015.0,1012.89276,0.0,14.512064,23.385246,26.28,1014.6,1012.96136,0.0,10.08,360.0,20.519999
2022-12-25 09:00:00,1015.4,1010.5185,0.0,8.654987,44.999897,20.880001,1015.6,1013.5006,0.0,14.33234,25.277687,28.08,1015.3,1013.6713,0.0,9.9571085,12.528798,23.4
2022-12-25 10:00:00,1015.2,1010.34235,0.0,6.8777895,42.878906,21.24,1015.4,1013.31195,0.0,12.979984,33.6901,28.44,1015.2,1013.58105,0.0,8.891344,21.370695,23.4
2022-12-25 11:00:00,1014.5,1009.6688,0.0,5.00128,30.256361,19.44,1014.7,1012.6231,0.0,10.739832,39.55964,27.0,1014.4,1012.7893,0.0,7.2805495,8.530692,22.68
2022-12-25 12:00:00,1013.4,1008.58923,0.0,3.2399998,360.0,17.28,1013.7,1011.6319,0.0,8.39657,30.963696,24.119999,1013.4,1011.79596,0.0,5.1544156,347.90527,20.880001
2022-12-25 13:00:00,1011.9,1007.11084,0.0,3.8939953,326.3099,16.199999,1012.3,1010.23846,0.0,7.92,360.0,20.880001,1011.9,1010.30145,0.0,6.618519,315.0001,20.16
2022-12-25 14:00:00,1010.9,1006.124,0.0,1.1384199,251.56496,16.199999,1011.1,1009.04376,0.0,7.2805495,351.4693,20.16,1011.0,1009.4044,0.0,5.6002855,315.0001,20.16
2022-12-25 15:00:00,1010.7,1005.92126,0.0,4.0249224,169.6952,12.599999,1011.0,1008.94556,0.0,3.2399998,360.0,18.0,1010.8,1009.20544,0.0,5.3517847,317.72638,18.0
2022-12-25 16:00:00,1011.1,1006.31146,0.0,3.9763298,185.19434,12.599999,1011.2,1009.14575,0.0,0.5091169,135.0001,11.879999,1011.1,1009.50305,0.0,6.989936,304.50858,16.199999
2022-12-25 17:00:00,1011.7,1006.89026,0.0,5.1919937,236.3099,11.159999,1011.8,1009.73505,0.0,3.6,180.0,6.12,1011.8,1010.1953,0.0,9.659814,296.56497,16.199999
2022-12-25 18:00:00,1012.2,1007.34436,0.0,6.87779,263.9911,9.36,1012.1,1010.0218,0.0,7.968939,198.43504,13.32,1012.2,1010.58484,0.0,11.4862,302.1957,19.8
2022-12-25 19:00:00,1013.2,1008.32404,0.0,7.2359104,264.2895,11.159999,1013.4,1011.3097,0.0,5.815978,201.80147,13.32,1013.3,1011.6745,0.0,7.0911775,293.9625,18.72
2022-12-25 20:00:00,1014.0,1009.1244,0.0,6.4799995,270.0,10.799999,1014.2,1012.1016,0.0,5.6920996,341.56494,9.0,1013.9,1012.26953,0.0,5.0528407,265.91446,11.879999
2022-12-25 21:00:00,1015.2,1010.30975,0.0,8.225035,23.198618,12.24,1015.0,1012.9089,0.0,14.003028,43.958473,22.68,1014.4,1012.7633,0.0,6.489992,303.6901,8.28
2022-12-25 22:00:00,1014.8,1009.9097,0.0,9.686609,48.01287,18.72,1014.8,1012.70074,0.0,11.592894,53.84173,24.84,1014.5,1012.8631,0.0,11.5199995,360.0,17.64
2022-12-25 23:00:00,1014.9,1009.99524,0.0,7.42159,50.906155,17.28,1015.0,1012.8937,0.0,9.0,53.13002,20.16,1014.8,1013.16064,0.0,10.44,46.39711,20.16
2022-12-26 00:00:00,1014.5,1009.57825,0.0,5.6920996,71.564964,12.599999,1014.8,1012.6889,0.0,7.7043357,37.405437,15.4800005,1014.5,1012.8561,0.0,7.386582,46.97493,17.28
2022-12-26 01:00:00,1014.1,1009.1725,0.0,6.849467,93.012726,9.0,1014.5,1012.3868,0.0,8.39657,30.963696,15.119999,1014.1,1012.4519,0.0,5.315336,28.30066,11.5199995
2022-12-26 02:00:00,1013.9,1008.9745,0.0,5.692099,55.304783,10.440001,1014.2,1012.08453,0.0,9.19939,30.579157,16.56,1014.0,1012.3478,0.0,8.759178,9.462248,14.759999
2022-12-26 03:00:00,1013.8,1008.8499,0.0,5.8603754,349.3804,8.64,1014.1,1011.98157,0.0,9.0,36.86999,16.919998,1013.8,1012.1461,0.0,8.049845,10.304792,14.4
2022-12-26 04:00:00,1013.8,1008.84546,0.0,6.9899354,11.888645,9.0,1013.9,1011.7798,0.0,9.0,36.86999,16.199999,1013.9,1012.24445,0.0,6.9899354,11.888645,14.04
2022-12-26 05:00:00,1013.9,1008.9419,0.0,6.763786,25.201094,7.92,1014.0,1011.877,0.0,8.209263,37.875053,16.199999,1013.9,1012.24274,0.0,7.2805495,8.530692,12.24
2022-12-26 06:00:00,1014.3,1009.3355,0.0,7.7879906,56.3099,9.0,1014.5,1012.375,0.0,8.287822,34.3804,14.759999,1014.3,1012.6389,0.0,6.2145634,10.007925,12.24
2022-12-26 07:00:00,1015.1,1010.1611,0.0,3.4152596,341.56494,8.64,1015.2,1013.0811,0.0,10.990322,31.607454,17.64,1015.1,1013.4433,0.0,6.924738,8.97255,14.4
2022-12-26 08:00:00,1015.8,1010.897,0.0,4.379589,9.462248,12.959999,1016.1,1013.985,0.0,10.948973,27.40749,20.880001,1015.7,1014.0561,0.0,6.12,360.0,15.119999
2022-12-26 09:00:00,1016.2,1011.3235,0.0,5.1919937,33.6901,16.56,1016.3,1014.1963,0.0,10.630672,28.30066,23.039999,1016.1,1014.4687,0.0,5.0911684,8.130019,16.56
2022-12-26 10:00:00,1015.7,1010.8488,0.0,3.8773184,21.801476,16.919998,1016.1,1014.00757,0.0,8.373386,25.463305,22.68,1015.8,1014.1791,0.0,4.0249224,349.69522,16.56
2022-12-26 11:00:00,1015.4,1010.5711,0.0,2.5455842,44.999897,15.84,1015.8,1013.7171,0.0,6.849467,3.0127327,20.880001,1015.4,1013.78796,0.0,4.0249224,333.43503,16.919998
2022-12-26 12:00:00,1014.4,1009.59106,0.0,3.8939953,56.3099,16.56,1014.8,1012.7264,0.0,6.9899354,348.11136,19.44,1014.4,1012.794,0.0,5.315336,331.69934,18.72
2022-12-26 13:00:00,1013.2,1008.4037,0.0,4.198285,59.03632,17.28,1013.5,1011.43506,0.0,6.489992,3.179772,19.44,1013.3,1011.6986,0.0,5.0142193,338.9624,19.08
2022-12-26 14:00:00,1012.4,1007.6123,0.0,5.6920996,71.564964,17.64,1012.4,1010.3418,0.0,5.4833565,23.198618,18.0,1012.3,1010.7002,0.0,4.829907,333.43503,18.359999
2022-12-26 15:00:00,1011.9,1007.1147,0.0,4.5536795,108.43504,17.64,1012.1,1010.0437,0.0,6.297428,59.03632,15.84,1012.0,1010.3991,0.0,3.6,306.86996,16.199999
2022-12-26 16:00:00,1011.9,1007.1077,0.0,4.6102495,128.65984,14.04,1012.0,1009.9423,0.0,6.28713,66.37061,15.119999,1011.9,1010.29895,0.0,5.3517847,289.6539,13.32
2022-12-26 17:00:00,1012.6,1007.79553,0.0,1.8,36.86999,10.799999,1012.5,1010.43243,0.0,2.7416782,113.19862,11.879999,1012.6,1010.99176,0.0,6.5693827,260.53775,12.959999
2022-12-26 18:00:00,1013.6,1008.7432,0.0,6.3690495,222.70937,5.7599998,1013.4,1011.3157,0.0,6.130579,176.6336,9.0,1013.6,1011.97876,0.0,5.3999996,270.0,11.5199995
2022-12-26 19:00:00,1014.2,1009.3373,0.0,7.771331,166.60748,19.8,1013.8,1011.71075,0.0,7.42159,165.96373,9.36,1014.1,1012.47736,0.0,5.6920996,161.56496,8.64
2022-12-26 20:00:00,1014.8,1009.92053,0.0,8.39657,149.03632,19.08,1014.4,1012.3111,0.0,6.489992,176.82024,9.72,1014.6,1012.97266,0.0,11.901798,176.53185,20.519999
2022-12-26 21:00:00,1015.6,1010.702,0.0,4.6102495,51.34017,14.4,1015.3,1013.2054,0.0,4.8965297,36.027473,7.5599995,1015.2,1013.569,0.0,6.6185193,157.61983,20.880001
2022-12-26 22:00:00,1015.1,1010.2066,0.0,4.39436,325.0079,6.4799995,1015.2,1013.10657,0.0,7.5685663,87.27374,14.4,1014.8,1013.16284,0.0,5.154415,155.22488,10.799999
2022-12-26 23:00:00,1015.1,1010.21484,0.0,0.8049845,206.56499,5.04,1015.0,1012.9025,0.0,8.64,90.0,14.04,1015.1,1013.46173,0.0,7.8625183,74.054535,12.599999
