date,tide_max,tide_min,tide_mean,tide_range,tide_mean_lag1
2007-10-15,3.79,2.906,3.3461818181818184,0.8839999999999999,
2007-10-16,3.878,1.074,2.91975,2.8040000000000003,3.3461818181818184
2007-10-17,3.849,1.321,2.9911250000000003,2.5280000000000005,2.91975
2007-10-18,3.806,1.522,3.032666666666667,2.284,2.9911250000000003
2007-10-19,3.826,1.731,3.0709583333333335,2.0949999999999998,3.032666666666667
2007-10-20,3.934,1.85,3.0708333333333333,2.084,3.0709583333333335
2007-10-21,3.995,1.77,3.0436666666666667,2.225,3.0708333333333333
2007-10-22,4.053,1.767,3.015541666666667,2.286,3.0436666666666667
2007-10-23,4.122,1.703,3.0357083333333335,2.4189999999999996,3.015541666666667
2007-10-24,4.244,1.793,3.0836666666666663,2.4509999999999996,3.0357083333333335
2007-10-25,4.249,1.737,3.0063750000000002,2.5119999999999996,3.0836666666666663
2007-10-26,4.324,1.138,3.01275,3.186,3.0063750000000002
2007-10-27,4.324,0.594,2.983708333333333,3.73,3.01275
2007-10-28,4.318,0.395,3.0051666666666663,3.9229999999999996,2.983708333333333
2007-10-29,4.233,0.461,3.01725,3.772,3.0051666666666663
2007-10-30,4.014,0.445,2.8831666666666664,3.5690000000000004,3.01725
2007-10-31,3.842,0.689,2.86725,3.153,2.8831666666666664
2007-11-01,3.855,1.021,2.8965,2.834,2.86725
2007-11-02,4.022,1.416,2.994125,2.6060000000000003,2.8965
2007-11-03,3.998,1.771,3.019458333333333,2.2270000000000003,2.994125
2007-11-04,4.017,2.018,3.0743333333333336,1.9990000000000006,3.019458333333333
2007-11-05,4.01,2.358,3.131625,1.6519999999999997,3.0743333333333336
2007-11-06,3.987,2.358,3.1525416666666666,1.629,3.131625
2007-11-07,4.076,2.176,3.13925,1.8999999999999995,3.1525416666666666
2007-11-08,4.032,1.82,3.1347083333333337,2.2119999999999997,3.13925
2007-11-09,3.982,1.435,3.0585416666666667,2.547,3.1347083333333337
2007-11-10,4.142,1.247,3.1245833333333333,2.8950000000000005,3.0585416666666667
2007-11-11,4.191,1.181,3.1376666666666666,3.01,3.1245833333333333
2007-11-12,4.046,1.021,3.03025,3.0250000000000004,3.1376666666666666
2007-11-13,4.037,0.96,3.0424583333333337,3.077,3.03025
2007-11-14,3.989,1.134,3.073,2.855,3.0424583333333337
2007-11-15,3.868,1.295,3.050166666666667,2.573,3.073
2007-11-16,3.815,1.44,3.00125,2.375,3.050166666666667
2007-11-17,3.835,1.498,2.982583333333333,2.3369999999999997,3.00125
2007-11-18,3.923,1.728,2.9890000000000003,2.1950000000000003,2.982583333333333
2007-11-19,4.026,1.87,3.0109166666666667,2.1559999999999997,2.9890000000000003
2007-11-20,4.135,2.173,3.08825,1.9619999999999997,3.0109166666666667
2007-11-21,4.144,1.799,3.099375,2.345,3.08825
2007-11-22,4.131,1.471,3.058,2.66,3.099375
2007-11-23,4.233,1.256,3.1162083333333332,2.9769999999999994,3.058
2007-11-24,4.382,0.873,3.1936250000000004,3.5089999999999995,3.1162083333333332
2007-11-25,4.457,0.606,3.2102916666666665,3.851,3.1936250000000004
2007-11-26,4.391,0.355,3.0686666666666667,4.036,3.2102916666666665
2007-11-27,4.382,0.294,3.0542083333333334,4.088,3.0686666666666667
2007-11-28,4.207,0.496,3.031,3.711,3.0542083333333334
2007-11-29,3.972,0.823,2.970041666666667,3.149,3.031
2007-11-30,3.896,1.195,2.9299583333333334,2.7009999999999996,2.970041666666667
2007-12-01,3.857,1.535,2.9430833333333335,2.322,2.9299583333333334
2007-12-02,3.836,1.873,2.9258333333333333,1.9629999999999999,2.9430833333333335
2007-12-03,3.83,2.281,2.9742916666666663,1.549,2.9258333333333333
2007-12-04,3.847,2.183,3.030416666666667,1.6640000000000001,2.9742916666666663
2007-12-05,3.822,1.808,3.0795833333333333,2.0140000000000002,3.030416666666667
2007-12-06,3.867,1.735,3.0135833333333335,2.1319999999999997,3.0795833333333333
2007-12-07,3.926,1.573,3.1007916666666664,2.353,3.0135833333333335
2007-12-08,3.995,1.404,3.125458333333333,2.591,3.1007916666666664
2007-12-09,4.024,1.238,3.0826666666666664,2.786,3.125458333333333
2007-12-10,4.014,0.923,2.983708333333333,3.091,3.0826666666666664
2007-12-11,3.991,0.823,2.935583333333333,3.168,2.983708333333333
2007-12-12,4.052,0.791,2.9659166666666668,3.2609999999999997,2.935583333333333
2007-12-13,3.969,0.869,2.9363333333333332,3.0999999999999996,2.9659166666666668
2007-12-14,3.85,0.972,2.926375,2.878,2.9363333333333332
2007-12-15,3.746,1.135,2.8795416666666664,2.6109999999999998,2.926375
2007-12-16,3.783,1.386,2.861541666666666,2.3970000000000002,2.8795416666666664
2007-12-17,3.785,1.619,2.8629583333333333,2.1660000000000004,2.861541666666666
2007-12-18,3.854,2.098,2.9389583333333333,1.7560000000000002,2.8629583333333333
2007-12-19,3.947,1.994,2.9672916666666667,1.953,2.9389583333333333
2007-12-20,4.014,1.356,2.97875,2.6580000000000004,2.9672916666666667
2007-12-21,3.976,0.983,2.924583333333333,2.993,2.97875
2007-12-22,4.041,0.891,2.924916666666667,3.1500000000000004,2.924583333333333
2007-12-23,4.149,0.523,2.9477083333333334,3.626,2.924916666666667
2007-12-24,4.24,0.322,2.9582916666666663,3.918,2.9477083333333334
2007-12-25,4.271,0.332,2.967541666666667,3.939,2.9582916666666663
2007-12-26,4.229,0.295,2.938458333333333,3.934,2.967541666666667
2007-12-27,4.071,0.549,2.8998333333333335,3.522,2.938458333333333
2007-12-28,3.989,0.924,2.940958333333333,3.065,2.8998333333333335
2007-12-29,3.967,1.251,2.952625,2.716,2.940958333333333
2007-12-30,3.972,1.687,3.032958333333333,2.285,2.952625
2007-12-31,3.951,2.241,3.1217916666666667,1.71,3.032958333333333
2008-01-01,3.901,2.491,3.1185833333333335,1.4099999999999997,3.1217916666666667
2008-01-02,3.827,2.12,3.124125,1.7069999999999999,3.1185833333333335
2008-01-03,3.74,1.745,3.0472083333333333,1.995,3.124125
2008-01-04,3.792,1.635,3.0500000000000003,2.157,3.0472083333333333
2008-01-05,3.902,1.53,3.0717083333333335,2.372,3.0500000000000003
2008-01-06,3.861,1.324,3.0206666666666666,2.537,3.0717083333333335
2008-01-07,3.899,1.034,2.9538333333333333,2.865,3.0206666666666666
2008-01-08,3.903,0.82,2.8959166666666665,3.083,2.9538333333333333
2008-01-09,3.959,0.658,2.861916666666666,3.301,2.8959166666666665
2008-01-10,3.919,0.617,2.80425,3.302,2.861916666666666
2008-01-11,3.794,0.548,2.70475,3.246,2.80425
2008-01-12,3.787,0.621,2.68775,3.166,2.70475
2008-01-13,3.831,0.915,2.7363750000000002,2.916,2.68775
2008-01-14,3.939,1.306,2.794541666666667,2.633,2.7363750000000002
2008-01-15,4.012,1.763,2.861125,2.2489999999999997,2.794541666666667
2008-01-16,3.975,2.017,2.9702916666666668,1.9580000000000002,2.861125
2008-01-17,4.009,1.776,3.0704583333333333,2.2330000000000005,2.9702916666666668
2008-01-18,4.086,1.356,3.1377916666666668,2.7300000000000004,3.0704583333333333
2008-01-19,4.02,1.034,3.1144583333333333,2.9859999999999998,3.1377916666666668
2008-01-20,4.097,1.003,3.081125,3.0940000000000003,3.1144583333333333
2008-01-21,4.128,0.816,3.0716249999999996,3.3120000000000003,3.081125
2008-01-22,4.257,0.643,3.0734166666666667,3.614,3.0716249999999996
2008-01-23,4.2,0.552,2.97175,3.648,3.0734166666666667
2008-01-24,4.133,0.529,2.857458333333333,3.604,2.97175
2008-01-25,4.045,0.664,2.8490416666666665,3.381,2.857458333333333
2008-01-26,4.009,1.062,2.9129166666666664,2.947,2.8490416666666665
2008-01-27,4.011,1.475,2.93725,2.536,2.9129166666666664
2008-01-28,3.896,1.881,2.919,2.0149999999999997,2.93725
2008-01-29,3.849,2.188,2.889,1.661,2.919
2008-01-30,3.722,2.146,2.907166666666667,1.576,2.889
2008-01-31,3.696,1.97,2.9461666666666666,1.7260000000000002,2.907166666666667
2008-02-01,3.706,1.785,2.991875,1.921,2.9461666666666666
2008-02-02,3.684,1.605,3.0047916666666663,2.079,2.991875
2008-02-03,3.771,1.604,3.0720833333333335,2.167,3.0047916666666663
2008-02-04,3.921,1.484,3.064833333333333,2.437,3.0720833333333335
2008-02-05,3.864,1.188,2.9877083333333334,2.676,3.064833333333333
2008-02-06,4.037,0.987,2.9952916666666667,3.05,2.9877083333333334
2008-02-07,4.195,0.9,3.0242916666666666,3.2950000000000004,2.9952916666666667
2008-02-08,4.242,0.967,3.0108333333333337,3.275,3.0242916666666666
2008-02-09,4.199,0.968,2.95575,3.231,3.0108333333333337
2008-02-10,4.014,1.177,2.889208333333333,2.837,2.95575
2008-02-11,4.02,1.408,2.875666666666666,2.6119999999999997,2.889208333333333
2008-02-12,4.034,1.809,2.891583333333333,2.2249999999999996,2.875666666666666
2008-02-13,4.05,1.861,2.953375,2.189,2.891583333333333
2008-02-14,3.983,1.735,2.9918333333333336,2.248,2.953375
2008-02-15,3.955,1.567,3.0036666666666663,2.388,2.9918333333333336
2008-02-16,3.892,1.351,3.0461666666666667,2.541,3.0036666666666663
2008-02-17,3.876,1.135,3.042375,2.7409999999999997,3.0461666666666667
2008-02-18,3.902,1.118,3.0087083333333333,2.784,3.042375
2008-02-19,4.039,0.973,3.0378333333333334,3.066,3.0087083333333333
2008-02-20,4.171,0.945,3.062041666666667,3.2260000000000004,3.0378333333333334
2008-02-21,4.17,0.937,2.991375,3.2329999999999997,3.062041666666667
2008-02-22,4.146,0.965,2.9242916666666665,3.181,2.991375
2008-02-23,4.04,1.124,2.8753333333333333,2.916,2.9242916666666665
2008-02-24,4.002,1.441,2.84925,2.561,2.8753333333333333
2008-02-25,3.914,1.679,2.7925833333333334,2.2350000000000003,2.84925
2008-02-26,3.824,1.712,2.776291666666667,2.112,2.7925833333333334
2008-02-27,3.841,1.848,2.8949166666666666,1.993,2.776291666666667
2008-02-28,3.839,1.977,2.9884583333333334,1.8619999999999999,2.8949166666666666
2008-02-29,3.799,1.924,2.9924583333333334,1.875,2.9884583333333334
2008-03-01,3.705,1.917,3.017375,1.788,2.9924583333333334
2008-03-02,3.737,1.745,3.0483333333333333,1.992,3.017375
2008-03-03,3.779,1.572,3.0076250000000004,2.207,3.0483333333333333
2008-03-04,3.851,1.448,3.0024583333333332,2.403,3.0076250000000004
2008-03-05,3.879,1.325,2.9759166666666665,2.5540000000000003,3.0024583333333332
2008-03-06,3.842,1.125,2.9000416666666666,2.717,2.9759166666666665
2008-03-07,4.037,1.025,2.8710833333333334,3.012,2.9000416666666666
2008-03-08,4.204,0.986,2.8958333333333335,3.218,2.8710833333333334
2008-03-09,4.19,1.245,2.859541666666667,2.9450000000000003,2.8958333333333335
2008-03-10,4.131,1.484,2.8311666666666664,2.6470000000000002,2.859541666666667
2008-03-11,4.122,1.244,2.8032916666666665,2.878,2.8311666666666664
2008-03-12,4.117,1.142,2.8173333333333335,2.975,2.8032916666666665
2008-03-13,3.916,1.049,2.7565416666666667,2.867,2.8173333333333335
2008-03-14,3.852,1.16,2.795208333333333,2.692,2.7565416666666667
2008-03-15,3.673,1.254,2.832125,2.419,2.795208333333333
2008-03-16,3.637,1.237,2.843291666666667,2.4,2.832125
2008-03-17,3.71,1.139,2.83675,2.5709999999999997,2.843291666666667
2008-03-18,3.757,1.192,2.8319166666666664,2.5650000000000004,2.83675
2008-03-19,3.814,1.064,2.827375,2.75,2.8319166666666664
2008-03-20,3.842,1.076,2.7887500000000003,2.766,2.827375
2008-03-21,3.92,1.175,2.7452083333333337,2.745,2.7887500000000003
2008-03-22,3.922,1.31,2.7269583333333336,2.612,2.7452083333333337
2008-03-23,3.932,1.411,2.690416666666667,2.521,2.7269583333333336
2008-03-24,3.925,1.418,2.775625,2.5069999999999997,2.690416666666667
2008-03-25,3.878,1.299,2.810625,2.579,2.775625
2008-03-26,3.789,1.261,2.76225,2.5280000000000005,2.810625
2008-03-27,3.75,1.264,2.7698750000000003,2.4859999999999998,2.76225
2008-03-28,3.656,1.34,2.764708333333333,2.316,2.7698750000000003
2008-03-29,3.458,1.374,2.6890416666666668,2.084,2.764708333333333
2008-03-30,3.399,1.496,2.705291666666666,1.903,2.6890416666666668
2008-03-31,3.442,1.437,2.7234166666666666,2.005,2.705291666666666
2008-04-01,3.566,1.377,2.7548333333333335,2.189,2.7234166666666666
2008-04-02,3.616,1.363,2.777625,2.253,2.7548333333333335
2008-04-03,3.753,1.353,2.8489166666666663,2.4000000000000004,2.777625
2008-04-04,3.933,1.318,2.8710416666666667,2.6149999999999998,2.8489166666666663
2008-04-05,4.065,1.367,2.873125,2.6980000000000004,2.8710416666666667
2008-04-06,4.149,1.18,2.749875,2.9690000000000003,2.873125
2008-04-07,4.203,0.803,2.7025,3.4000000000000004,2.749875
2008-04-08,4.098,0.541,2.6793333333333336,3.557,2.7025
2008-04-09,4.011,0.329,2.6173333333333333,3.682,2.6793333333333336
2008-04-10,3.881,0.394,2.6192083333333334,3.4869999999999997,2.6173333333333333
2008-04-11,3.765,0.616,2.6660833333333334,3.149,2.6192083333333334
2008-04-12,3.635,0.909,2.703791666666667,2.726,2.6660833333333334
2008-04-13,3.465,1.163,2.7453333333333334,2.3019999999999996,2.703791666666667
2008-04-14,3.638,1.429,2.8625416666666665,2.2089999999999996,2.7453333333333334
2008-04-15,3.775,1.475,2.895875,2.3,2.8625416666666665
2008-04-16,3.834,1.604,2.8814583333333332,2.23,2.895875
2008-04-17,3.843,1.561,2.8561666666666667,2.282,2.8814583333333332
2008-04-18,3.859,1.727,2.8633333333333333,2.1319999999999997,2.8561666666666667
2008-04-19,3.953,1.66,2.890625,2.293,2.8633333333333333
2008-04-20,3.972,1.285,2.851125,2.6870000000000003,2.890625
2008-04-21,3.996,1.169,2.859666666666667,2.827,2.851125
2008-04-22,3.875,0.987,2.813625,2.888,2.859666666666667
2008-04-23,3.838,1.017,2.8089583333333334,2.821,2.813625
2008-04-24,3.903,1.228,2.91925,2.675,2.8089583333333334
2008-04-25,3.825,1.334,2.895125,2.491,2.91925
2008-04-26,3.753,1.331,2.861333333333333,2.422,2.895125
2008-04-27,3.635,1.495,2.8950416666666663,2.1399999999999997,2.861333333333333
2008-04-28,3.658,1.638,2.944125,2.02,2.8950416666666663
2008-04-29,3.712,1.734,2.9425416666666666,1.9780000000000002,2.944125
2008-04-30,3.757,1.758,2.9142500000000005,1.999,2.9425416666666666
2008-05-01,3.846,1.764,2.908875,2.082,2.9142500000000005
2008-05-02,3.897,1.845,2.8720833333333338,2.0519999999999996,2.908875
2008-05-03,3.912,1.609,2.811958333333333,2.303,2.8720833333333338
2008-05-04,3.89,0.973,2.7025,2.9170000000000003,2.811958333333333
2008-05-05,4.077,0.514,2.66225,3.5629999999999997,2.7025
2008-05-06,4.053,0.214,2.635125,3.839,2.66225
2008-05-07,3.955,-0.017,2.5974583333333334,3.972,2.635125
2008-05-08,3.996,0.038,2.58975,3.958,2.5974583333333334
2008-05-09,3.948,0.25,2.6126666666666667,3.698,2.58975
2008-05-10,3.87,0.564,2.66525,3.306,2.6126666666666667
2008-05-11,3.57,0.993,2.70225,2.577,2.66525
2008-05-12,3.483,1.247,2.662333333333333,2.2359999999999998,2.70225
2008-05-13,3.502,1.751,2.773,1.751,2.662333333333333
2008-05-14,3.713,2.023,2.9261250000000003,1.69,2.773
2008-05-15,3.929,2.318,3.0080833333333334,1.6109999999999998,2.9261250000000003
2008-05-16,3.929,1.769,2.910833333333333,2.16,3.0080833333333334
2008-05-17,3.806,1.46,2.8569583333333335,2.346,2.910833333333333
2008-05-18,3.759,1.083,2.780416666666667,2.676,2.8569583333333335
2008-05-19,3.7,0.882,2.6993333333333336,2.818,2.780416666666667
2008-05-20,3.745,0.685,2.6722916666666667,3.06,2.6993333333333336
2008-05-21,3.767,0.637,2.6677916666666666,3.13,2.6722916666666667
2008-05-22,3.689,0.602,2.6674166666666665,3.087,2.6677916666666666
2008-05-23,3.688,0.619,2.658541666666667,3.069,2.6674166666666665
2008-05-24,3.676,0.772,2.6787500000000004,2.904,2.658541666666667
2008-05-25,3.624,0.869,2.6755416666666663,2.755,2.6787500000000004
2008-05-26,3.545,1.071,2.673458333333333,2.474,2.6755416666666663
2008-05-27,3.464,1.295,2.670958333333333,2.169,2.673458333333333
2008-05-28,3.479,1.453,2.6548333333333334,2.026,2.670958333333333
2008-05-29,3.549,1.697,2.674875,1.8519999999999999,2.6548333333333334
2008-05-30,3.634,1.933,2.6901666666666664,1.7009999999999998,2.674875
2008-05-31,3.692,1.444,2.6554166666666665,2.248,2.6901666666666664
2008-06-01,3.735,0.965,2.6573333333333333,2.77,2.6554166666666665
2008-06-02,3.753,0.48,2.596416666666667,3.273,2.6573333333333333
2008-06-03,3.873,0.104,2.5795833333333333,3.769,2.596416666666667
2008-06-04,3.948,-0.124,2.570375,4.072,2.5795833333333333
2008-06-05,4.033,-0.145,2.6202916666666667,4.178,2.570375
2008-06-06,3.978,-0.029,2.6330833333333334,4.007000000000001,2.6202916666666667
2008-06-07,3.905,0.265,2.6433750000000003,3.6399999999999997,2.6330833333333334
2008-06-08,3.794,0.63,2.6948749999999997,3.164,2.6433750000000003
2008-06-09,3.686,1.005,2.7140833333333334,2.681,2.6948749999999997
2008-06-10,3.743,1.336,2.7215833333333332,2.407,2.7140833333333334
2008-06-11,3.695,1.808,2.68625,1.8869999999999998,2.7215833333333332
2008-06-12,3.618,2.058,2.632,1.56,2.68625
2008-06-13,3.521,1.602,2.5790833333333336,1.9189999999999998,2.632
2008-06-14,3.484,1.27,2.592,2.214,2.5790833333333336
2008-06-15,3.367,0.931,2.555,2.436,2.592
2008-06-16,3.468,0.713,2.52275,2.755,2.555
2008-06-17,3.548,0.597,2.5021666666666667,2.951,2.52275
2008-06-18,3.585,0.547,2.5427916666666666,3.038,2.5021666666666667
2008-06-19,3.521,0.416,2.4964999999999997,3.105,2.5427916666666666
2008-06-20,3.562,0.383,2.485208333333333,3.179,2.4964999999999997
2008-06-21,3.531,0.424,2.474875,3.107,2.485208333333333
2008-06-22,3.536,0.455,2.47025,3.081,2.474875
2008-06-23,3.578,0.623,2.513666666666667,2.955,2.47025
2008-06-24,3.495,0.858,2.4996666666666667,2.637,2.513666666666667
2008-06-25,3.421,1.167,2.520166666666667,2.2539999999999996,2.4996666666666667
2008-06-26,3.526,1.545,2.5765833333333332,1.9809999999999999,2.520166666666667
2008-06-27,3.473,2.016,2.6087916666666664,1.4569999999999999,2.5765833333333332
2008-06-28,3.573,1.549,2.6165,2.024,2.6087916666666664
2008-06-29,3.577,1.046,2.596625,2.5309999999999997,2.6165
2008-06-30,3.569,0.624,2.5620833333333333,2.945,2.596625
2008-07-01,3.659,0.253,2.520125,3.4059999999999997,2.5620833333333333
2008-07-02,3.785,0.02,2.5375833333333335,3.765,2.520125
2008-07-03,3.86,-0.158,2.5202916666666666,4.018,2.5375833333333335
2008-07-04,3.883,-0.159,2.5180000000000002,4.042,2.5202916666666666
2008-07-05,3.927,0.01,2.5609583333333332,3.9170000000000003,2.5180000000000002
2008-07-06,3.798,0.365,2.596791666666667,3.433,2.5609583333333332
2008-07-07,3.72,0.692,2.605916666666667,3.0280000000000005,2.596791666666667
2008-07-08,3.723,1.153,2.6166666666666667,2.57,2.605916666666667
2008-07-09,3.665,1.599,2.6470416666666665,2.066,2.6166666666666667
2008-07-10,3.669,1.974,2.6544583333333334,1.695,2.6470416666666665
2008-07-11,3.551,1.675,2.6592499999999997,1.8760000000000001,2.6544583333333334
2008-07-12,3.488,1.489,2.6806249999999996,1.9989999999999999,2.6592499999999997
2008-07-13,3.426,1.304,2.657875,2.122,2.6806249999999996
2008-07-14,3.397,1.085,2.622291666666667,2.312,2.657875
2008-07-15,3.536,0.941,2.62525,2.595,2.622291666666667
2008-07-16,3.593,0.756,2.617625,2.8369999999999997,2.62525
2008-07-17,3.694,0.642,2.6257083333333333,3.052,2.617625
2008-07-18,3.716,0.571,2.6464166666666666,3.1450000000000005,2.6257083333333333
2008-07-19,3.762,0.604,2.655291666666667,3.158,2.6464166666666666
2008-07-20,3.766,0.581,2.6366666666666667,3.185,2.655291666666667
2008-07-21,3.81,0.752,2.7125416666666666,3.058,2.6366666666666667
2008-07-22,3.887,0.88,2.715958333333333,3.007,2.7125416666666666
2008-07-23,3.713,1.244,2.6092916666666666,2.4690000000000003,2.715958333333333
2008-07-24,3.709,1.482,2.6696666666666666,2.2270000000000003,2.6092916666666666
2008-07-25,3.726,1.864,2.6707083333333332,1.8619999999999999,2.6696666666666666
2008-07-26,3.678,1.57,2.6480833333333336,2.1079999999999997,2.6707083333333332
2008-07-27,3.653,1.067,2.5584166666666666,2.5860000000000003,2.6480833333333336
2008-07-28,3.346,0.608,2.4650416666666666,2.738,2.5584166666666666
2008-07-29,3.524,0.529,2.5066666666666664,2.995,2.4650416666666666
2008-07-30,3.736,0.275,2.5597499999999997,3.4610000000000003,2.5066666666666664
2008-07-31,3.817,0.122,2.5926666666666667,3.6950000000000003,2.5597499999999997
2008-08-01,3.882,0.048,2.6089583333333333,3.834,2.5926666666666667
2008-08-02,3.966,0.083,2.6421666666666668,3.883,2.6089583333333333
2008-08-03,3.98,0.304,2.6256666666666666,3.676,2.6421666666666668
2008-08-04,3.89,0.611,2.6324583333333336,3.279,2.6256666666666666
2008-08-05,3.867,1.02,2.6292916666666666,2.847,2.6324583333333336
2008-08-06,3.73,1.336,2.589375,2.394,2.6292916666666666
2008-08-07,3.686,1.71,2.612041666666667,1.976,2.589375
2008-08-08,3.68,1.578,2.6167916666666664,2.1020000000000003,2.612041666666667
2008-08-09,3.509,1.491,2.6458333333333335,2.018,2.6167916666666664
2008-08-10,3.379,1.45,2.6314583333333332,1.929,2.6458333333333335
2008-08-11,3.347,1.312,2.589166666666667,2.035,2.6314583333333332
2008-08-12,3.388,1.233,2.6078333333333332,2.155,2.589166666666667
2008-08-13,3.521,1.083,2.609875,2.4379999999999997,2.6078333333333332
2008-08-14,3.589,0.929,2.589125,2.66,2.609875
2008-08-15,3.682,0.67,2.5955833333333334,3.012,2.589125
2008-08-16,3.738,0.549,2.5837499999999998,3.189,2.5955833333333334
2008-08-17,3.789,0.561,2.6020833333333333,3.228,2.5837499999999998
2008-08-18,3.845,0.505,2.610375,3.3400000000000003,2.6020833333333333
2008-08-19,3.896,0.828,2.6655416666666665,3.068,2.610375
2008-08-20,3.882,1.172,2.685875,2.71,2.6655416666666665
2008-08-21,3.871,1.513,2.6770416666666663,2.358,2.685875
2008-08-22,3.847,1.292,2.688458333333333,2.5549999999999997,2.6770416666666663
2008-08-23,3.743,1.17,2.7093333333333334,2.573,2.688458333333333
2008-08-24,3.734,1.11,2.7135,2.6239999999999997,2.7093333333333334
2008-08-25,3.646,1.08,2.715875,2.566,2.7135
2008-08-26,3.616,1.005,2.7261249999999997,2.611,2.715875
2008-08-27,3.777,0.878,2.7218750000000003,2.899,2.7261249999999997
2008-08-28,3.83,0.684,2.7168333333333337,3.146,2.7218750000000003
2008-08-29,3.888,0.554,2.7243333333333335,3.3339999999999996,2.7168333333333337
2008-08-30,3.929,0.617,2.741375,3.312,2.7243333333333335
2008-08-31,3.969,0.733,2.764958333333333,3.2359999999999998,2.741375
2008-09-01,4.086,1.026,2.8064999999999998,3.0600000000000005,2.764958333333333
2008-09-02,4.052,1.379,2.830416666666667,2.6729999999999996,2.8064999999999998
2008-09-03,3.954,1.628,2.830791666666667,2.3260000000000005,2.830416666666667
2008-09-04,3.885,1.472,2.81425,2.413,2.830791666666667
2008-09-05,3.745,1.348,2.8063333333333333,2.3970000000000002,2.81425
2008-09-06,3.659,1.399,2.814291666666667,2.26,2.8063333333333333
2008-09-07,3.596,1.477,2.825875,2.1189999999999998,2.814291666666667
2008-09-08,3.551,1.563,2.8074166666666667,1.9880000000000002,2.825875
2008-09-09,3.547,1.619,2.7815833333333333,1.9280000000000002,2.8074166666666667
2008-09-10,3.507,1.55,2.732666666666667,1.957,2.7815833333333333
2008-09-11,3.548,1.25,2.6635416666666667,2.298,2.732666666666667
2008-09-12,3.683,1.129,2.669708333333334,2.554,2.6635416666666667
2008-09-13,3.798,0.867,2.679,2.931,2.669708333333334
2008-09-14,3.812,0.895,2.684791666666667,2.917,2.679
2008-09-15,3.855,0.749,2.6563333333333334,3.106,2.684791666666667
2008-09-16,3.936,1.032,2.6123333333333334,2.904,2.6563333333333334
2008-09-17,3.945,1.402,2.6867916666666667,2.543,2.6123333333333334
2008-09-18,4.026,1.122,2.7345,2.904,2.6867916666666667
2008-09-19,3.929,0.774,2.6867083333333333,3.155,2.7345
2008-09-20,3.889,0.677,2.6182083333333335,3.2119999999999997,2.6867083333333333
2008-09-21,3.668,0.619,2.633,3.0490000000000004,2.6182083333333335
2008-09-22,3.526,0.821,2.6251666666666664,2.705,2.633
2008-09-23,3.491,0.889,2.580458333333333,2.6020000000000003,2.6251666666666664
2008-09-24,3.423,0.776,2.5085416666666664,2.6470000000000002,2.580458333333333
2008-09-25,3.579,0.852,2.47925,2.7270000000000003,2.5085416666666664
2008-09-26,3.645,0.909,2.5673333333333335,2.7359999999999998,2.47925
2008-09-27,3.869,1.016,2.6949583333333336,2.853,2.5673333333333335
2008-09-28,3.872,1.128,2.7241666666666666,2.7439999999999998,2.6949583333333336
2008-09-29,3.913,1.353,2.718541666666667,2.5599999999999996,2.7241666666666666
2008-09-30,3.967,1.374,2.7754999999999996,2.593,2.718541666666667
2008-10-01,4.082,1.239,2.8739166666666667,2.843,2.7754999999999996
2008-10-02,3.995,1.159,2.8826249999999995,2.8360000000000003,2.8739166666666667
2008-10-03,3.83,1.034,2.8241666666666667,2.7960000000000003,2.8826249999999995
2008-10-04,3.785,1.082,2.830375,2.7030000000000003,2.8241666666666667
2008-10-05,3.668,1.178,2.811625,2.49,2.830375
2008-10-06,3.53,1.332,2.7780833333333335,2.1979999999999995,2.811625
2008-10-07,3.467,1.438,2.73875,2.029,2.7780833333333335
2008-10-08,3.511,1.591,2.773375,1.9200000000000002,2.73875
2008-10-09,3.742,1.717,2.8552916666666666,2.025,2.773375
2008-10-10,3.842,1.754,2.9142916666666667,2.088,2.8552916666666666
2008-10-11,3.962,1.697,2.9490833333333337,2.265,2.9142916666666667
2008-10-12,4.083,1.677,2.9932916666666665,2.406,2.9490833333333337
2008-10-13,4.171,1.789,3.0349166666666663,2.3820000000000006,2.9932916666666665
2008-10-14,4.257,1.707,3.0355000000000003,2.55,3.0349166666666663
2008-10-15,4.334,1.371,3.0926666666666667,2.9629999999999996,3.0355000000000003
2008-10-16,4.373,0.914,3.0342916666666664,3.459,3.0926666666666667
2008-10-17,4.305,0.672,3.0244166666666668,3.6329999999999996,3.0342916666666664
2008-10-18,4.235,0.601,3.0247916666666668,3.6340000000000003,3.0244166666666668
2008-10-19,4.163,0.74,3.0414999999999996,3.423,3.0247916666666668
2008-10-20,4.02,0.93,3.028916666666667,3.0899999999999994,3.0414999999999996
2008-10-21,3.882,1.176,2.9867916666666665,2.7060000000000004,3.028916666666667
2008-10-22,3.934,1.414,2.966666666666667,2.5200000000000005,2.9867916666666665
2008-10-23,4.024,1.619,3.0102083333333334,2.4050000000000002,2.966666666666667
2008-10-24,3.943,1.768,2.982958333333333,2.175,3.0102083333333334
2008-10-25,3.922,1.709,2.8920833333333333,2.213,2.982958333333333
2008-10-26,3.923,1.885,2.901125,2.0380000000000003,2.8920833333333333
2008-10-27,4.05,1.709,2.943125,2.3409999999999997,2.901125
2008-10-28,4.035,1.347,2.9747083333333335,2.688,2.943125
2008-10-29,4.112,1.101,2.9728333333333334,3.011,2.9747083333333335
2008-10-30,4.027,0.977,2.939583333333333,3.0500000000000003,2.9728333333333334
2008-10-31,3.974,0.759,2.891625,3.2150000000000003,2.939583333333333
2008-11-01,3.949,0.82,2.903375,3.129,2.891625
2008-11-02,3.816,0.917,2.8562083333333335,2.899,2.903375
2008-11-03,3.739,1.024,2.829125,2.715,2.8562083333333335
2008-11-04,3.645,1.211,2.864708333333333,2.434,2.829125
2008-11-05,3.671,1.503,2.91175,2.168,2.864708333333333
2008-11-06,3.726,1.702,2.90725,2.024,2.91175
2008-11-07,3.774,1.812,2.910083333333333,1.962,2.90725
2008-11-08,3.896,2.059,3.0079583333333333,1.8369999999999997,2.910083333333333
2008-11-09,4.068,2.173,3.061958333333333,1.8949999999999996,3.0079583333333333
2008-11-10,4.167,2.114,3.1522916666666667,2.053,3.061958333333333
2008-11-11,4.349,1.995,3.276125,2.354,3.1522916666666667
2008-11-12,4.39,1.604,3.3409999999999997,2.7859999999999996,3.276125
2008-11-13,4.48,1.279,3.2937499999999997,3.2010000000000005,3.3409999999999997
2008-11-14,4.422,0.66,3.182541666666667,3.7619999999999996,3.2937499999999997
2008-11-15,4.449,0.52,3.156875,3.929,3.182541666666667
2008-11-16,4.394,0.525,3.1352499999999996,3.869,3.156875
2008-11-17,4.185,0.63,3.0414999999999996,3.5549999999999997,3.1352499999999996
2008-11-18,4.089,0.824,3.0257916666666667,3.2650000000000006,3.0414999999999996
2008-11-19,4.149,1.232,3.0774166666666667,2.917,3.0257916666666667
2008-11-20,4.095,1.827,3.1874583333333333,2.268,3.0774166666666667
2008-11-21,4.027,2.175,3.189291666666667,1.8520000000000003,3.1874583333333333
2008-11-22,3.981,2.454,3.140416666666667,1.5269999999999997,3.189291666666667
2008-11-23,4.071,2.165,3.1974583333333335,1.9059999999999997,3.140416666666667
2008-11-24,4.038,1.94,3.2019583333333332,2.0980000000000003,3.1974583333333335
2008-11-25,4.05,1.752,3.1657083333333333,2.298,3.2019583333333332
2008-11-26,4.055,1.466,3.169166666666667,2.5889999999999995,3.1657083333333333
2008-11-27,4.126,1.235,3.1679583333333334,2.891,3.169166666666667
2008-11-28,4.268,1.299,3.286,2.969,3.1679583333333334
2008-11-29,4.219,1.289,3.2354583333333333,2.9300000000000006,3.286
2008-11-30,4.242,1.219,3.1954999999999996,3.0229999999999997,3.2354583333333333
2008-12-01,4.115,1.292,3.1778750000000002,2.8230000000000004,3.1954999999999996
2008-12-02,3.978,1.212,3.11225,2.766,3.1778750000000002
2008-12-03,3.918,1.357,3.063041666666667,2.561,3.11225
2008-12-04,3.883,1.503,3.0347916666666666,2.38,3.063041666666667
2008-12-05,3.933,1.845,3.0696666666666665,2.088,3.0347916666666666
2008-12-06,4.013,2.199,3.1902916666666665,1.814,3.0696666666666665
2008-12-07,4.095,2.577,3.2140833333333334,1.5179999999999998,3.1902916666666665
2008-12-08,4.014,2.16,3.1656666666666666,1.854,3.2140833333333334
2008-12-09,4.146,1.738,3.1894166666666663,2.408,3.1656666666666666
2008-12-10,4.167,1.384,3.203625,2.783,3.1894166666666663
2008-12-11,4.233,1.194,3.1840833333333336,3.0389999999999997,3.203625
2008-12-12,4.31,0.637,3.1057083333333337,3.6729999999999996,3.1840833333333336
2008-12-13,4.405,0.358,3.0505833333333334,4.047000000000001,3.1057083333333337
2008-12-14,4.448,0.292,3.0682916666666666,4.156000000000001,3.0505833333333334
2008-12-15,4.414,0.434,3.0567499999999996,3.9799999999999995,3.0682916666666666
2008-12-16,4.213,0.617,3.0263333333333335,3.596,3.0567499999999996
2008-12-17,4.015,0.867,2.9591250000000002,3.1479999999999997,3.0263333333333335
2008-12-18,4.06,1.364,3.030125,2.6959999999999997,2.9591250000000002
2008-12-19,4.03,1.8,3.045083333333334,2.2300000000000004,3.030125
2008-12-20,3.994,2.176,3.025916666666667,1.818,3.045083333333334
2008-12-21,3.951,2.063,3.0399166666666666,1.888,3.025916666666667
2008-12-22,3.956,1.789,3.1167083333333334,2.167,3.0399166666666666
2008-12-23,3.949,1.557,3.1276666666666664,2.392,3.1167083333333334
2008-12-24,3.845,1.424,3.0280416666666667,2.4210000000000003,3.1276666666666664
2008-12-25,3.926,1.212,3.0534166666666667,2.7140000000000004,3.0280416666666667
2008-12-26,4.064,1.198,3.099,2.866,3.0534166666666667
2008-12-27,3.986,1.069,3.030583333333333,2.9170000000000003,3.099
2008-12-28,4.032,0.936,2.9789583333333334,3.096,3.030583333333333
2008-12-29,4.004,0.959,2.982625,3.0449999999999995,2.9789583333333334
2008-12-30,3.944,0.951,2.9718750000000003,2.993,2.982625
2008-12-31,3.908,1.07,2.9566666666666666,2.838,2.9718750000000003
2009-01-01,3.897,1.199,2.9999583333333333,2.6979999999999995,2.9566666666666666
2009-01-02,4.005,1.657,3.1218333333333335,2.348,2.9999583333333333
2009-01-03,3.89,2.13,3.128,1.7600000000000002,3.1218333333333335
2009-01-04,4.061,2.258,3.0654583333333334,1.803,3.128
2009-01-05,3.982,2.264,3.073916666666667,1.7180000000000004,3.0654583333333334
2009-01-06,3.996,1.83,3.0871666666666666,2.166,3.073916666666667
2009-01-07,4.008,1.406,3.092166666666667,2.6020000000000003,3.0871666666666666
2009-01-08,4.119,1.14,3.1501249999999996,2.979,3.092166666666667
2009-01-09,4.235,1.088,3.2087083333333335,3.1470000000000002,3.1501249999999996
2009-01-10,4.368,0.803,3.2038333333333333,3.5650000000000004,3.2087083333333335
2009-01-11,4.423,0.603,3.122708333333333,3.8200000000000003,3.2038333333333333
2009-01-12,4.454,0.416,3.0875833333333333,4.037999999999999,3.122708333333333
2009-01-13,4.471,0.591,3.09675,3.88,3.0875833333333333
2009-01-14,4.277,0.903,3.089708333333333,3.374,3.09675
2009-01-15,4.169,1.192,3.024625,2.9769999999999994,3.089708333333333
2009-01-16,4.106,1.57,3.0092083333333335,2.5359999999999996,3.024625
2009-01-17,4.087,1.988,2.996916666666667,2.0989999999999998,3.0092083333333335
2009-01-18,3.973,2.152,2.9802916666666666,1.8209999999999997,2.996916666666667
2009-01-19,3.832,1.882,2.9620416666666665,1.95,2.9802916666666666
2009-01-20,3.684,1.639,2.935541666666667,2.045,2.9620416666666665
2009-01-21,3.602,1.386,2.8861666666666665,2.216,2.935541666666667
2009-01-22,3.639,1.403,2.9124583333333334,2.2359999999999998,2.8861666666666665
2009-01-23,3.75,1.295,2.9606666666666666,2.455,2.9124583333333334
2009-01-24,3.901,1.19,3.029916666666667,2.711,2.9606666666666666
2009-01-25,3.942,1.167,3.0192083333333333,2.7750000000000004,3.029916666666667
2009-01-26,3.947,1.006,2.9339583333333334,2.941,3.0192083333333333
2009-01-27,4.087,1.1,2.9877916666666664,2.9869999999999997,2.9339583333333334
2009-01-28,4.064,1.121,3.011791666666667,2.943,2.9877916666666664
2009-01-29,4.031,1.137,2.9452916666666664,2.8939999999999997,3.011791666666667
2009-01-30,3.932,1.246,2.9025,2.686,2.9452916666666664
2009-01-31,4.039,1.596,2.9386666666666668,2.4429999999999996,2.9025
2009-02-01,3.909,1.844,2.8502083333333332,2.0649999999999995,2.9386666666666668
2009-02-02,3.872,1.821,2.8063333333333333,2.051,2.8502083333333332
2009-02-03,3.796,1.671,2.823625,2.125,2.8063333333333333
2009-02-04,3.859,1.485,2.9152916666666666,2.3739999999999997,2.823625
2009-02-05,3.826,1.177,2.9350416666666668,2.649,2.9152916666666666
2009-02-06,3.867,0.97,2.9988333333333332,2.8970000000000002,2.9350416666666668
2009-02-07,3.994,0.949,3.0059583333333335,3.0450000000000004,2.9988333333333332
2009-02-08,4.125,0.611,2.9560833333333334,3.5140000000000002,3.0059583333333335
2009-02-09,4.292,0.563,2.9572916666666664,3.729,2.9560833333333334
2009-02-10,4.325,0.484,2.9207083333333332,3.841,2.9572916666666664
2009-02-11,4.271,0.629,2.868,3.642,2.9207083333333332
2009-02-12,4.111,0.926,2.7733333333333334,3.1849999999999996,2.868
2009-02-13,3.943,1.162,2.6995,2.781,2.7733333333333334
2009-02-14,3.913,1.573,2.6638333333333333,2.34,2.6995
2009-02-15,3.801,1.45,2.6497083333333333,2.351,2.6638333333333333
2009-02-16,3.68,1.527,2.6971249999999998,2.1530000000000005,2.6497083333333333
2009-02-17,3.61,1.67,2.7867083333333333,1.94,2.6971249999999998
2009-02-18,3.54,1.57,2.8292916666666668,1.97,2.7867083333333333
2009-02-19,3.564,1.541,2.8640833333333333,2.023,2.8292916666666668
2009-02-20,3.635,1.514,2.8998749999999998,2.1209999999999996,2.8640833333333333
2009-02-21,3.763,1.471,2.957125,2.292,2.8998749999999998
2009-02-22,3.771,1.343,2.9007083333333337,2.428,2.957125
2009-02-23,3.79,1.109,2.863208333333333,2.681,2.9007083333333337
2009-02-24,3.837,1.038,2.8277083333333333,2.7990000000000004,2.863208333333333
2009-02-25,3.939,1.01,2.8068333333333335,2.9290000000000003,2.8277083333333333
2009-02-26,4.05,1.026,2.7839166666666664,3.024,2.8068333333333335
2009-02-27,3.951,1.118,2.7280833333333336,2.833,2.7839166666666664
2009-02-28,3.984,1.4,2.7239583333333335,2.584,2.7280833333333336
2009-03-01,3.938,1.408,2.7414583333333336,2.5300000000000002,2.7239583333333335
2009-03-02,3.976,1.372,2.773,2.604,2.7414583333333336
2009-03-03,3.991,1.419,2.8452083333333333,2.572,2.773
2009-03-04,3.867,1.365,2.864625,2.502,2.8452083333333333
2009-03-05,3.798,1.322,2.905875,2.476,2.864625
2009-03-06,3.686,1.155,2.9346666666666668,2.5309999999999997,2.905875
2009-03-07,3.768,0.982,2.925125,2.7859999999999996,2.9346666666666668
2009-03-08,3.854,1.035,2.9449166666666664,2.819,2.925125
2009-03-09,3.99,0.944,2.9779166666666668,3.0460000000000003,2.9449166666666664
2009-03-10,4.187,0.932,2.9619166666666668,3.2550000000000003,2.9779166666666668
2009-03-11,4.204,1.062,2.888875,3.1419999999999995,2.9619166666666668
2009-03-12,4.181,1.194,2.7906666666666666,2.987,2.888875
2009-03-13,4.071,1.374,2.7437083333333336,2.6969999999999996,2.7906666666666666
2009-03-14,4.08,1.461,2.829791666666667,2.6189999999999998,2.7437083333333336
2009-03-15,4.072,1.552,2.9737916666666666,2.52,2.829791666666667
2009-03-16,3.938,1.458,2.941875,2.4800000000000004,2.9737916666666666
2009-03-17,3.817,1.557,2.9081666666666663,2.2600000000000002,2.941875
2009-03-18,3.672,1.656,2.8773750000000002,2.016,2.9081666666666663
2009-03-19,3.529,1.676,2.84525,1.853,2.8773750000000002
2009-03-20,3.444,1.602,2.7785833333333336,1.8419999999999999,2.84525
2009-03-21,3.544,1.505,2.7495,2.039,2.7785833333333336
2009-03-22,3.581,1.465,2.751708333333333,2.1159999999999997,2.7495
2009-03-23,3.629,1.411,2.7511666666666668,2.218,2.751708333333333
2009-03-24,3.686,1.276,2.721791666666667,2.41,2.7511666666666668
2009-03-25,3.75,1.219,2.7124583333333336,2.5309999999999997,2.721791666666667
2009-03-26,3.934,1.308,2.72775,2.6260000000000003,2.7124583333333336
2009-03-27,4.049,1.404,2.716625,2.6450000000000005,2.72775
2009-03-28,4.074,1.132,2.7405416666666667,2.942,2.716625
2009-03-29,4.051,0.926,2.756625,3.125,2.7405416666666667
2009-03-30,4.004,0.877,2.7938333333333336,3.127,2.756625
2009-03-31,4.046,0.948,2.8625416666666665,3.0980000000000003,2.7938333333333336
2009-04-01,4.025,1.142,2.9410833333333333,2.8830000000000005,2.8625416666666665
2009-04-02,3.92,1.265,2.9787916666666665,2.6550000000000002,2.9410833333333333
2009-04-03,3.733,1.403,2.986,2.33,2.9787916666666665
2009-04-04,3.864,1.444,3.0045,2.42,2.986
2009-04-05,3.97,1.537,3.0545416666666667,2.4330000000000003,3.0045
2009-04-06,4.016,1.635,3.0662916666666664,2.3810000000000002,3.0545416666666667
2009-04-07,4.045,1.567,3.0049166666666665,2.4779999999999998,3.0662916666666664
2009-04-08,4.095,1.599,2.9585833333333333,2.4959999999999996,3.0049166666666665
2009-04-09,4.202,1.487,2.94125,2.715,2.9585833333333333
2009-04-10,4.212,1.267,2.9281666666666664,2.945,2.94125
2009-04-11,4.061,1.014,2.8520833333333333,3.0469999999999997,2.9281666666666664
2009-04-12,3.966,0.989,2.8226666666666667,2.9770000000000003,2.8520833333333333
2009-04-13,3.931,0.951,2.812666666666667,2.98,2.8226666666666667
2009-04-14,3.752,1.003,2.767666666666667,2.7489999999999997,2.812666666666667
2009-04-15,3.611,1.086,2.7074583333333333,2.5250000000000004,2.767666666666667
2009-04-16,3.515,1.279,2.7070833333333333,2.236,2.7074583333333333
2009-04-17,3.336,1.421,2.6812083333333336,1.9149999999999998,2.7070833333333333
2009-04-18,3.355,1.525,2.6642083333333333,1.83,2.6812083333333336
2009-04-19,3.406,1.747,2.6652916666666666,1.659,2.6642083333333333
2009-04-20,3.485,1.713,2.6917916666666666,1.7719999999999998,2.6652916666666666
2009-04-21,3.592,1.831,2.7440833333333337,1.7610000000000001,2.6917916666666666
2009-04-22,3.672,1.842,2.7777083333333334,1.83,2.7440833333333337
2009-04-23,3.692,1.643,2.7347916666666667,2.0490000000000004,2.7777083333333334
2009-04-24,3.876,1.063,2.6582500000000002,2.8129999999999997,2.7347916666666667
2009-04-25,3.97,0.744,2.64975,3.226,2.6582500000000002
2009-04-26,3.978,0.497,2.655291666666667,3.4810000000000003,2.64975
2009-04-27,3.957,0.369,2.6749166666666664,3.588,2.655291666666667
2009-04-28,3.942,0.4,2.730166666666667,3.5420000000000003,2.6749166666666664
2009-04-29,3.976,0.561,2.7877083333333332,3.415,2.730166666666667
2009-04-30,3.941,0.866,2.8672083333333336,3.0749999999999997,2.7877083333333332
2009-05-01,3.797,1.175,2.9226666666666667,2.622,2.8672083333333336
2009-05-02,3.803,1.462,2.9769583333333336,2.341,2.9226666666666667
2009-05-03,3.896,1.703,3.0352916666666663,2.1929999999999996,2.9769583333333336
2009-05-04,3.978,1.893,3.0442916666666666,2.085,3.0352916666666663
2009-05-05,3.968,2.058,2.9729166666666664,1.9100000000000001,3.0442916666666666
2009-05-06,3.946,1.665,2.906458333333333,2.281,2.9729166666666664
2009-05-07,3.946,1.216,2.874458333333333,2.7300000000000004,2.906458333333333
2009-05-08,3.953,1.029,2.8356666666666666,2.924,2.874458333333333
2009-05-09,3.933,0.602,2.7590416666666666,3.331,2.8356666666666666
2009-05-10,3.892,0.69,2.746,3.202,2.7590416666666666
2009-05-11,3.788,0.654,2.7422083333333336,3.134,2.746
2009-05-12,3.826,0.771,2.747458333333333,3.055,2.7422083333333336
2009-05-13,3.757,0.948,2.785625,2.809,2.747458333333333
2009-05-14,3.7,1.126,2.79975,2.5740000000000003,2.785625
2009-05-15,3.607,1.319,2.8197916666666667,2.2880000000000003,2.79975
2009-05-16,3.585,1.538,2.809333333333333,2.0469999999999997,2.8197916666666667
2009-05-17,3.564,1.688,2.8043750000000003,1.8760000000000001,2.809333333333333
2009-05-18,3.588,1.822,2.8218333333333336,1.766,2.8043750000000003
2009-05-19,3.64,2.019,2.8160416666666666,1.621,2.8218333333333336
2009-05-20,3.677,2.021,2.7729166666666667,1.6560000000000001,2.8160416666666666
2009-05-21,3.725,1.435,2.7135833333333337,2.29,2.7729166666666667
2009-05-22,3.688,1.023,2.6476666666666664,2.665,2.7135833333333337
2009-05-23,3.828,0.622,2.6382083333333335,3.206,2.6476666666666664
2009-05-24,3.884,0.319,2.61575,3.565,2.6382083333333335
2009-05-25,3.929,0.049,2.5734166666666667,3.88,2.61575
2009-05-26,3.936,-0.14,2.589625,4.076,2.5734166666666667
2009-05-27,3.897,0.066,2.619458333333333,3.831,2.589625
2009-05-28,3.845,0.181,2.6416666666666666,3.664,2.619458333333333
2009-05-29,3.795,0.567,2.6743333333333332,3.2279999999999998,2.6416666666666666
2009-05-30,3.671,0.943,2.6917500000000003,2.7279999999999998,2.6743333333333332
2009-05-31,3.62,1.447,2.7603333333333335,2.173,2.6917500000000003
2009-06-01,3.858,1.845,2.8560833333333338,2.013,2.7603333333333335
2009-06-02,3.774,1.85,2.7667916666666668,1.924,2.8560833333333338
2009-06-03,3.679,1.386,2.6374583333333335,2.293,2.7667916666666668
2009-06-04,3.49,1.017,2.6020416666666666,2.4730000000000003,2.6374583333333335
2009-06-05,3.535,0.926,2.5985,2.609,2.6020416666666666
2009-06-06,3.548,0.621,2.549958333333333,2.927,2.5985
2009-06-07,3.614,0.544,2.5487083333333334,3.07,2.549958333333333
2009-06-08,3.6,0.469,2.5377083333333332,3.1310000000000002,2.5487083333333334
2009-06-09,3.606,0.366,2.5375,3.2399999999999998,2.5377083333333332
2009-06-10,3.566,0.488,2.5174166666666666,3.078,2.5375
2009-06-11,3.532,0.581,2.5684583333333335,2.951,2.5174166666666666
2009-06-12,3.484,0.793,2.593125,2.691,2.5684583333333335
2009-06-13,3.501,0.98,2.565375,2.521,2.593125
2009-06-14,3.421,1.251,2.6035,2.17,2.565375
2009-06-15,3.519,1.539,2.642583333333333,1.9800000000000002,2.6035
2009-06-16,3.577,1.933,2.6536666666666666,1.644,2.642583333333333
2009-06-17,3.518,2.021,2.6606666666666667,1.4969999999999999,2.6536666666666666
2009-06-18,3.617,1.667,2.6780833333333334,1.95,2.6606666666666667
2009-06-19,3.579,1.185,2.6227916666666666,2.394,2.6780833333333334
2009-06-20,3.627,0.737,2.5982499999999997,2.8899999999999997,2.6227916666666666
2009-06-21,3.739,0.297,2.568875,3.4419999999999997,2.5982499999999997
2009-06-22,3.849,0.044,2.5587916666666666,3.805,2.568875
2009-06-23,3.858,-0.111,2.544916666666667,3.9690000000000003,2.5587916666666666
2009-06-24,3.952,-0.176,2.5528333333333335,4.128,2.544916666666667
2009-06-25,3.877,-0.122,2.545916666666667,3.9989999999999997,2.5528333333333335
2009-06-26,3.795,0.139,2.5398333333333336,3.6559999999999997,2.545916666666667
2009-06-27,3.691,0.6,2.572041666666667,3.0909999999999997,2.5398333333333336
2009-06-28,3.713,1.084,2.605125,2.629,2.572041666666667
2009-06-29,3.718,1.634,2.654125,2.084,2.605125
2009-06-30,3.697,1.765,2.6351666666666667,1.9320000000000002,2.654125
2009-07-01,3.674,1.539,2.623875,2.135,2.6351666666666667
2009-07-02,3.487,1.21,2.615041666666667,2.277,2.623875
2009-07-03,3.443,0.984,2.5900000000000003,2.459,2.615041666666667
2009-07-04,3.452,0.758,2.5655,2.694,2.5900000000000003
2009-07-05,3.442,0.579,2.5115000000000003,2.8630000000000004,2.5655
2009-07-06,3.484,0.523,2.5065833333333334,2.961,2.5115000000000003
2009-07-07,3.651,0.579,2.5650416666666667,3.072,2.5065833333333334
2009-07-08,3.669,0.56,2.604833333333333,3.109,2.5650416666666667
2009-07-09,3.645,0.654,2.61875,2.991,2.604833333333333
2009-07-10,3.635,0.6,2.60575,3.0349999999999997,2.61875
2009-07-11,3.663,0.818,2.613125,2.8449999999999998,2.60575
2009-07-12,3.607,1.027,2.5631666666666666,2.58,2.613125
2009-07-13,3.354,1.24,2.5159166666666666,2.114,2.5631666666666666
2009-07-14,3.529,1.671,2.599625,1.8579999999999999,2.5159166666666666
2009-07-15,3.618,1.996,2.628083333333333,1.6219999999999999,2.599625
2009-07-16,3.607,1.435,2.613125,2.172,2.628083333333333
2009-07-17,3.332,1.224,2.5766666666666667,2.1079999999999997,2.613125
2009-07-18,3.399,0.867,2.540833333333333,2.532,2.5766666666666667
2009-07-19,3.589,0.443,2.563375,3.146,2.540833333333333
2009-07-20,3.73,0.257,2.5622916666666664,3.473,2.563375
2009-07-21,3.893,-0.258,2.5349166666666667,4.151,2.5622916666666664
2009-07-22,4.004,-0.074,2.5642916666666666,4.077999999999999,2.5349166666666667
2009-07-23,4.025,-0.032,2.603125,4.057,2.5642916666666666
2009-07-24,3.954,0.169,2.6225833333333335,3.785,2.603125
2009-07-25,3.855,0.448,2.575083333333333,3.407,2.6225833333333335
2009-07-26,3.837,0.822,2.5497083333333332,3.015,2.575083333333333
2009-07-27,3.75,1.438,2.56075,2.3120000000000003,2.5497083333333332
2009-07-28,3.745,1.486,2.539125,2.2590000000000003,2.56075
2009-07-29,3.499,1.332,2.5367083333333333,2.167,2.539125
2009-07-30,3.412,1.289,2.5566666666666666,2.123,2.5367083333333333
2009-07-31,3.406,1.118,2.5448749999999998,2.2880000000000003,2.5566666666666666
2009-08-01,3.333,1.017,2.549541666666667,2.3160000000000003,2.5448749999999998
2009-08-02,3.48,0.781,2.53075,2.699,2.549541666666667
2009-08-03,3.491,0.628,2.5282916666666666,2.863,2.53075
2009-08-04,3.613,0.593,2.552416666666667,3.02,2.5282916666666666
2009-08-05,3.642,0.58,2.5715833333333333,3.062,2.552416666666667
2009-08-06,3.678,0.584,2.5919583333333334,3.094,2.5715833333333333
2009-08-07,3.705,0.701,2.590333333333333,3.004,2.5919583333333334
2009-08-08,3.623,0.738,2.5452083333333335,2.8850000000000002,2.590333333333333
2009-08-09,3.656,0.91,2.5031250000000003,2.746,2.5452083333333335
2009-08-10,3.619,1.259,2.530416666666667,2.3600000000000003,2.5031250000000003
2009-08-11,3.72,1.541,2.5779583333333336,2.1790000000000003,2.530416666666667
2009-08-12,3.67,1.605,2.6462083333333335,2.065,2.5779583333333336
2009-08-13,3.663,1.47,2.684958333333333,2.1929999999999996,2.6462083333333335
2009-08-14,3.668,1.298,2.6735,2.37,2.684958333333333
2009-08-15,3.59,1.12,2.648125,2.4699999999999998,2.6735
2009-08-16,3.49,0.869,2.617625,2.6210000000000004,2.648125
2009-08-17,3.704,0.656,2.6372916666666666,3.048,2.617625
2009-08-18,3.845,0.478,2.6819166666666665,3.367,2.6372916666666666
2009-08-19,3.923,0.277,2.6946666666666665,3.646,2.6819166666666665
2009-08-20,3.964,0.24,2.686958333333333,3.724,2.6946666666666665
2009-08-21,4.111,0.421,2.74675,3.69,2.686958333333333
2009-08-22,4.138,0.692,2.7557916666666666,3.4459999999999997,2.74675
2009-08-23,4.067,1.068,2.7226666666666666,2.999,2.7557916666666666
2009-08-24,3.981,1.463,2.729791666666667,2.518,2.7226666666666666
2009-08-25,3.926,1.289,2.75325,2.6370000000000005,2.729791666666667
2009-08-26,3.788,1.38,2.796,2.408,2.75325
2009-08-27,3.778,1.341,2.8091666666666666,2.4370000000000003,2.796
2009-08-28,3.596,1.474,2.7687500000000003,2.122,2.8091666666666666
2009-08-29,3.546,1.437,2.7626666666666666,2.109,2.7687500000000003
2009-08-30,3.509,1.366,2.7151666666666667,2.143,2.7626666666666666
2009-08-31,3.543,1.254,2.6485,2.289,2.7151666666666667
2009-09-01,3.616,1.164,2.6630833333333332,2.452,2.6485
2009-09-02,3.6,0.94,2.6305,2.66,2.6630833333333332
2009-09-03,3.679,0.802,2.647625,2.877,2.6305
2009-09-04,3.78,1.009,2.684583333333333,2.771,2.647625
2009-09-05,3.91,1.315,2.6954583333333333,2.595,2.684583333333333
2009-09-06,3.912,1.225,2.699,2.687,2.6954583333333333
2009-09-07,4.004,1.269,2.6638333333333333,2.7349999999999994,2.699
2009-09-08,3.901,1.349,2.7127916666666665,2.5519999999999996,2.6638333333333333
2009-09-09,3.806,1.286,2.756625,2.52,2.7127916666666665
2009-09-10,3.775,1.124,2.770375,2.651,2.756625
2009-09-11,3.728,1.124,2.785083333333333,2.604,2.770375
2009-09-12,3.647,1.11,2.7767916666666665,2.537,2.785083333333333
2009-09-13,3.604,1.139,2.7378750000000003,2.465,2.7767916666666665
2009-09-14,3.618,0.972,2.6785416666666664,2.646,2.7378750000000003
2009-09-15,3.73,0.897,2.6796666666666664,2.833,2.6785416666666664
2009-09-16,3.85,0.729,2.6875,3.121,2.6796666666666664
2009-09-17,3.99,0.718,2.734541666666667,3.2720000000000002,2.6875
2009-09-18,4.04,0.843,2.7462916666666666,3.197,2.734541666666667
2009-09-19,4.156,1.065,2.7578333333333336,3.0909999999999997,2.7462916666666666
2009-09-20,4.102,1.243,2.6905,2.859,2.7578333333333336
2009-09-21,4.003,0.957,2.6913750000000003,3.0460000000000003,2.6905
2009-09-22,3.851,0.765,2.6384166666666666,3.086,2.6913750000000003
2009-09-23,3.719,0.868,2.6775416666666665,2.851,2.6384166666666666
2009-09-24,3.674,0.97,2.7230416666666666,2.7039999999999997,2.6775416666666665
2009-09-25,3.465,1.034,2.6569166666666666,2.431,2.7230416666666666
2009-09-26,3.489,1.255,2.7159999999999997,2.234,2.6569166666666666
2009-09-27,3.381,1.433,2.703291666666667,1.9479999999999997,2.7159999999999997
2009-09-28,3.46,1.586,2.6214166666666667,1.8739999999999999,2.703291666666667
2009-09-29,3.628,1.422,2.670958333333333,2.2060000000000004,2.6214166666666667
2009-09-30,3.918,1.57,2.8532499999999996,2.348,2.670958333333333
2009-10-01,3.891,1.792,2.9603750000000004,2.099,2.8532499999999996
2009-10-02,3.946,1.58,2.891625,2.366,2.9603750000000004
2009-10-03,4.007,1.724,2.927958333333333,2.2829999999999995,2.891625
2009-10-04,3.982,1.767,2.8844583333333333,2.2150000000000003,2.927958333333333
2009-10-05,4.029,1.321,2.8411666666666666,2.708,2.8844583333333333
2009-10-06,4.098,1.077,2.8690833333333337,3.021,2.8411666666666666
2009-10-07,4.1,0.887,2.872458333333333,3.2129999999999996,2.8690833333333337
2009-10-08,4.001,0.788,2.9125833333333335,3.213,2.872458333333333
2009-10-09,3.974,0.88,2.909708333333333,3.0940000000000003,2.9125833333333335
2009-10-10,3.82,0.98,2.8835416666666664,2.84,2.909708333333333
2009-10-11,3.671,0.977,2.8216666666666668,2.694,2.8835416666666664
2009-10-12,3.814,1.15,2.858041666666667,2.664,2.8216666666666668
2009-10-13,3.926,1.349,2.8852083333333334,2.577,2.858041666666667
2009-10-14,4.019,1.539,2.9440416666666667,2.4800000000000004,2.8852083333333334
2009-10-15,4.142,1.556,2.984916666666667,2.5860000000000003,2.9440416666666667
2009-10-16,4.068,1.517,2.8926250000000002,2.5509999999999997,2.984916666666667
2009-10-17,4.2,1.581,2.903375,2.619,2.8926250000000002
2009-10-18,4.225,1.278,2.906916666666667,2.9469999999999996,2.903375
2009-10-19,4.16,0.862,2.889875,3.298,2.906916666666667
2009-10-20,4.092,0.688,2.8399583333333336,3.404,2.889875
2009-10-21,3.913,0.648,2.796666666666667,3.2649999999999997,2.8399583333333336
2009-10-22,3.767,0.683,2.759,3.0839999999999996,2.796666666666667
2009-10-23,3.623,0.896,2.7445,2.7270000000000003,2.759
2009-10-24,3.626,1.199,2.8380833333333335,2.4269999999999996,2.7445
2009-10-25,3.632,1.489,2.9135416666666667,2.143,2.8380833333333335
2009-10-26,3.705,1.726,2.943125,1.979,2.9135416666666667
2009-10-27,3.832,2.017,2.982875,1.815,2.943125
2009-10-28,3.856,2.117,2.9931249999999996,1.7389999999999999,2.982875
2009-10-29,3.863,2.167,2.9954583333333336,1.6960000000000002,2.9931249999999996
2009-10-30,4.005,2.343,3.0805833333333332,1.662,2.9954583333333336
2009-10-31,4.067,2.104,3.108083333333333,1.963,3.0805833333333332
2009-11-01,4.086,1.798,3.0624583333333333,2.2880000000000003,3.108083333333333
2009-11-02,4.184,1.347,3.078,2.837,3.0624583333333333
2009-11-03,4.298,1.036,3.1498749999999998,3.262,3.078
2009-11-04,4.384,1.025,3.253458333333333,3.3590000000000004,3.1498749999999998
2009-11-05,4.394,0.932,3.2390000000000003,3.462,3.253458333333333
2009-11-06,4.293,0.995,3.188833333333333,3.298,3.2390000000000003
2009-11-07,4.149,0.945,3.1218333333333335,3.204,3.188833333333333
2009-11-08,4.014,1.043,3.017875,2.971,3.1218333333333335
2009-11-09,3.887,1.217,2.949666666666667,2.67,3.017875
2009-11-10,3.904,1.445,2.8979583333333334,2.4589999999999996,2.949666666666667
2009-11-11,3.926,1.624,2.8648333333333333,2.302,2.8979583333333334
2009-11-12,3.939,1.824,2.863875,2.115,2.8648333333333333
2009-11-13,4.014,1.625,2.861,2.3890000000000002,2.863875
2009-11-14,4.044,1.498,2.952958333333333,2.5459999999999994,2.861
2009-11-15,4.038,1.324,2.9785416666666666,2.7140000000000004,2.952958333333333
2009-11-16,4.03,0.94,2.9734583333333333,3.0900000000000003,2.9785416666666666
2009-11-17,4.153,0.806,3.0542916666666664,3.3469999999999995,2.9734583333333333
2009-11-18,4.258,1.006,3.2105416666666664,3.252,3.0542916666666664
2009-11-19,4.263,1.117,3.220708333333333,3.146,3.2105416666666664
2009-11-20,4.165,1.192,3.20275,2.973,3.220708333333333
2009-11-21,4.135,1.418,3.2596666666666665,2.7169999999999996,3.20275
2009-11-22,3.961,1.644,3.2265,2.317,3.2596666666666665
2009-11-23,4.027,1.773,3.161,2.2540000000000004,3.2265
2009-11-24,3.875,1.841,3.0853750000000004,2.034,3.161
2009-11-25,3.7,2.038,2.9821666666666666,1.6620000000000004,3.0853750000000004
2009-11-26,3.776,2.27,2.951,1.5059999999999998,2.9821666666666666
2009-11-27,3.875,2.211,2.9698333333333333,1.6640000000000001,2.951
2009-11-28,3.942,1.779,3.0032083333333333,2.1630000000000003,2.9698333333333333
2009-11-29,3.961,1.652,3.0548749999999996,2.309,3.0032083333333333
2009-11-30,3.965,1.419,3.0547083333333336,2.546,3.0548749999999996
2009-12-01,4.095,1.13,3.0716666666666668,2.965,3.0547083333333336
2009-12-02,4.204,0.863,3.0587916666666666,3.3409999999999997,3.0716666666666668
2009-12-03,4.306,0.613,3.0884583333333335,3.693,3.0587916666666666
2009-12-04,4.338,0.61,3.079416666666667,3.728,3.0884583333333335
2009-12-05,4.249,0.508,2.9949583333333334,3.7409999999999997,3.079416666666667
2009-12-06,4.088,0.635,2.9442500000000003,3.4530000000000003,2.9949583333333334
2009-12-07,3.961,0.848,2.887625,3.113,2.9442500000000003
2009-12-08,3.965,1.218,2.874458333333333,2.747,2.887625
2009-12-09,4.011,1.617,2.91025,2.394,2.874458333333333
2009-12-10,3.99,2.045,2.9374583333333333,1.9450000000000003,2.91025
2009-12-11,3.962,1.714,2.950708333333333,2.248,2.9374583333333333
2009-12-12,3.922,1.388,2.9579166666666663,2.5340000000000003,2.950708333333333
2009-12-13,3.915,1.287,2.97025,2.628,2.9579166666666663
2009-12-14,3.936,1.078,2.953041666666667,2.8579999999999997,2.97025
2009-12-15,3.93,0.858,2.915625,3.072,2.953041666666667
2009-12-16,4.031,0.757,2.9311666666666665,3.2739999999999996,2.915625
2009-12-17,4.019,0.741,2.952,3.278,2.9311666666666665
2009-12-18,3.997,0.813,2.962875,3.184,2.952
2009-12-19,4.051,0.992,3.0315833333333333,3.059,2.962875
2009-12-20,3.929,1.157,3.0221666666666667,2.772,3.0315833333333333
2009-12-21,3.863,1.348,3.0253333333333337,2.5149999999999997,3.0221666666666667
2009-12-22,3.866,1.603,3.0323333333333333,2.263,3.0253333333333337
2009-12-23,3.783,1.727,2.9484166666666667,2.056,3.0323333333333333
2009-12-24,3.78,1.951,2.9018333333333337,1.8289999999999997,2.9484166666666667
2009-12-25,3.726,2.175,2.8810416666666665,1.5510000000000002,2.9018333333333337
2009-12-26,3.789,1.986,2.9127083333333332,1.8030000000000002,2.8810416666666665
2009-12-27,3.739,1.644,2.898375,2.0949999999999998,2.9127083333333332
2009-12-28,3.838,1.277,2.92,2.561,2.898375
2009-12-29,3.893,1.076,2.936583333333333,2.8169999999999997,2.92
2009-12-30,4.065,0.874,2.9530833333333333,3.1910000000000003,2.936583333333333
2009-12-31,4.209,0.52,2.990375,3.6889999999999996,2.9530833333333333
2010-01-01,4.345,0.376,2.981333333333333,3.969,2.990375
2010-01-02,4.306,0.293,2.9127500000000004,4.013,2.981333333333333
2010-01-03,4.245,0.307,2.8644166666666666,3.938,2.9127500000000004
2010-01-04,4.1,0.573,2.8734583333333332,3.5269999999999997,2.8644166666666666
2010-01-05,4.03,0.889,2.81475,3.141,2.8734583333333332
2010-01-06,3.969,1.294,2.779583333333333,2.675,2.81475
2010-01-07,3.993,1.843,2.8528749999999996,2.15,2.779583333333333
2010-01-08,3.941,1.931,2.902791666666667,2.01,2.8528749999999996
2010-01-09,3.831,1.688,2.9581250000000003,2.143,2.902791666666667
2010-01-10,3.8,1.442,2.9914166666666664,2.3579999999999997,2.9581250000000003
2010-01-11,3.768,1.347,2.976625,2.421,2.9914166666666664
2010-01-12,3.914,1.244,3.0524166666666663,2.67,2.976625
2010-01-13,3.98,1.235,3.1005833333333332,2.745,3.0524166666666663
2010-01-14,4.074,1.118,3.0842916666666667,2.9559999999999995,3.1005833333333332
2010-01-15,4.114,1.075,3.0425833333333334,3.0389999999999997,3.0842916666666667
2010-01-16,4.089,1.005,3.005625,3.0840000000000005,3.0425833333333334
2010-01-17,4.091,1.078,3.046125,3.013,3.005625
2010-01-18,4.006,1.231,3.0082916666666666,2.7750000000000004,3.046125
2010-01-19,3.923,1.193,2.9111666666666665,2.73,3.0082916666666666
2010-01-20,3.893,1.512,2.8935,2.381,2.9111666666666665
2010-01-21,3.826,1.546,2.7862500000000003,2.2800000000000002,2.8935
2010-01-22,3.839,1.911,2.797875,1.928,2.7862500000000003
2010-01-23,3.775,1.984,2.81775,1.791,2.797875
2010-01-24,3.708,1.805,2.8562083333333335,1.9030000000000002,2.81775
2010-01-25,3.775,1.593,2.919833333333333,2.182,2.8562083333333335
2010-01-26,3.877,1.398,3.0435833333333338,2.479,2.919833333333333
2010-01-27,3.878,1.02,3.001125,2.858,3.0435833333333338
2010-01-28,4.005,0.924,2.952291666666667,3.081,3.001125
2010-01-29,4.2,0.654,3.001958333333333,3.5460000000000003,2.952291666666667
2010-01-30,4.276,0.576,2.9622083333333333,3.6999999999999997,3.001958333333333
2010-01-31,4.288,0.321,2.8337916666666665,3.967,2.9622083333333333
2010-02-01,4.243,0.311,2.746375,3.9320000000000004,2.8337916666666665
2010-02-02,4.149,0.645,2.73625,3.504,2.746375
2010-02-03,4.17,1.104,2.732291666666667,3.066,2.73625
2010-02-04,4.019,1.451,2.675708333333333,2.568,2.732291666666667
2010-02-05,3.926,1.5,2.711375,2.426,2.675708333333333
2010-02-06,3.702,1.503,2.7470833333333338,2.199,2.711375
2010-02-07,3.607,1.517,2.809125,2.0900000000000003,2.7470833333333338
2010-02-08,3.471,1.342,2.8113333333333332,2.129,2.809125
2010-02-09,3.516,1.226,2.796708333333333,2.29,2.8113333333333332
2010-02-10,3.598,1.194,2.7924583333333337,2.404,2.796708333333333
2010-02-11,3.651,1.04,2.75775,2.6109999999999998,2.7924583333333337
2010-02-12,3.666,0.886,2.7597916666666666,2.78,2.75775
2010-02-13,3.78,0.882,2.7969166666666667,2.8979999999999997,2.7597916666666666
2010-02-14,3.843,0.938,2.7734166666666664,2.9050000000000002,2.7969166666666667
2010-02-15,3.837,0.942,2.733916666666667,2.8950000000000005,2.7734166666666664
2010-02-16,3.974,1.175,2.841416666666667,2.7990000000000004,2.733916666666667
2010-02-17,4.028,1.52,2.9516666666666667,2.5079999999999996,2.841416666666667
2010-02-18,4.087,1.735,2.9726666666666666,2.3519999999999994,2.9516666666666667
2010-02-19,4.062,2.114,3.0155,1.9480000000000004,2.9726666666666666
2010-02-20,4.024,2.015,3.0407083333333333,2.009,3.0155
2010-02-21,3.885,1.834,2.9734166666666666,2.0509999999999997,3.0407083333333333
2010-02-22,3.781,1.645,2.89575,2.136,2.9734166666666666
2010-02-23,3.674,1.43,2.8633333333333333,2.2439999999999998,2.89575
2010-02-24,3.56,1.164,2.8465833333333332,2.396,2.8633333333333333
2010-02-25,3.658,0.873,2.813916666666667,2.785,2.8465833333333332
2010-02-26,3.748,0.864,2.8072083333333335,2.8840000000000003,2.813916666666667
2010-02-27,3.948,0.631,2.7984166666666668,3.317,2.8072083333333335
2010-02-28,4.08,0.536,2.75625,3.544,2.7984166666666668
2010-03-01,4.163,0.504,2.6801250000000003,3.6590000000000003,2.75625
2010-03-02,4.177,0.705,2.6378333333333335,3.4719999999999995,2.6801250000000003
2010-03-03,4.093,1.131,2.6529166666666666,2.9619999999999997,2.6378333333333335
2010-03-04,4.048,1.099,2.6411666666666664,2.949,2.6529166666666666
2010-03-05,3.848,1.036,2.6250416666666667,2.812,2.6411666666666664
2010-03-06,3.741,1.111,2.6628333333333334,2.63,2.6250416666666667
2010-03-07,3.589,1.304,2.715666666666667,2.285,2.6628333333333334
2010-03-08,3.436,1.473,2.7707916666666663,1.9629999999999999,2.715666666666667
2010-03-09,3.421,1.61,2.858125,1.8109999999999997,2.7707916666666663
2010-03-10,3.804,1.862,3.123041666666667,1.9419999999999997,2.858125
2010-03-11,3.941,1.824,3.18525,2.117,3.123041666666667
2010-03-12,3.854,1.749,3.077875,2.105,3.18525
2010-03-13,3.793,1.583,2.9578333333333333,2.21,3.077875
2010-03-14,3.802,1.429,2.882,2.373,2.9578333333333333
2010-03-15,3.905,1.386,2.828,2.519,2.882
2010-03-16,3.909,1.426,2.8041250000000004,2.4829999999999997,2.828
2010-03-17,3.972,1.72,2.8662083333333332,2.252,2.8041250000000004
2010-03-18,3.996,1.546,2.8672083333333336,2.45,2.8662083333333332
2010-03-19,3.943,1.447,2.8575416666666666,2.496,2.8672083333333336
2010-03-20,3.935,1.253,2.8062083333333336,2.6820000000000004,2.8575416666666666
2010-03-21,3.879,1.191,2.781333333333333,2.6879999999999997,2.8062083333333336
2010-03-22,3.771,1.183,2.768166666666667,2.588,2.781333333333333
2010-03-23,3.724,1.242,2.79575,2.482,2.768166666666667
2010-03-24,3.513,1.258,2.766458333333333,2.255,2.79575
2010-03-25,3.587,1.328,2.8547083333333334,2.2590000000000003,2.766458333333333
2010-03-26,3.933,1.381,3.036125,2.5519999999999996,2.8547083333333334
2010-03-27,3.998,1.518,3.1056666666666666,2.4800000000000004,3.036125
2010-03-28,4.15,1.395,3.108875,2.7550000000000003,3.1056666666666666
2010-03-29,4.283,1.525,3.0864166666666666,2.7580000000000005,3.108875
2010-03-30,4.41,1.53,2.9936666666666665,2.88,3.0864166666666666
2010-03-31,4.21,1.071,2.84075,3.1390000000000002,2.9936666666666665
2010-04-01,4.153,0.837,2.798916666666667,3.316,2.84075
2010-04-02,4.126,0.822,2.812375,3.3040000000000003,2.798916666666667
2010-04-03,3.942,0.891,2.782375,3.051,2.812375
2010-04-04,3.784,1.063,2.7616666666666667,2.721,2.782375
2010-04-05,3.61,1.27,2.762583333333333,2.34,2.7616666666666667
2010-04-06,3.438,1.493,2.779541666666667,1.945,2.762583333333333
2010-04-07,3.478,1.708,2.8357500000000004,1.7700000000000002,2.779541666666667
2010-04-08,3.539,1.692,2.8074166666666667,1.8470000000000002,2.8357500000000004
2010-04-09,3.577,1.728,2.786208333333333,1.849,2.8074166666666667
2010-04-10,3.639,1.819,2.8234999999999997,1.8199999999999998,2.786208333333333
2010-04-11,3.725,1.786,2.8570833333333336,1.939,2.8234999999999997
2010-04-12,3.813,1.883,2.827958333333333,1.9300000000000002,2.8570833333333336
2010-04-13,3.82,1.575,2.7856666666666663,2.245,2.827958333333333
2010-04-14,3.936,1.221,2.7729583333333334,2.715,2.7856666666666663
2010-04-15,3.995,1.07,2.7732916666666667,2.925,2.7729583333333334
2010-04-16,4.122,0.908,2.81775,3.214,2.7732916666666667
2010-04-17,3.996,0.796,2.8167500000000003,3.2,2.81775
2010-04-18,3.98,0.816,2.8341666666666665,3.164,2.8167500000000003
2010-04-19,3.938,0.793,2.80925,3.145,2.8341666666666665
2010-04-20,3.851,0.977,2.825791666666667,2.874,2.80925
2010-04-21,3.684,1.192,2.85275,2.492,2.825791666666667
2010-04-22,3.658,1.327,2.862,2.331,2.85275
2010-04-23,3.681,1.492,2.8523333333333336,2.189,2.862
2010-04-24,3.826,1.668,2.9150416666666668,2.1580000000000004,2.8523333333333336
2010-04-25,3.976,1.891,2.982416666666667,2.085,2.9150416666666668
2010-04-26,4.005,1.65,2.9073333333333333,2.355,2.982416666666667
2010-04-27,4.032,1.174,2.8629583333333333,2.858,2.9073333333333333
2010-04-28,4.161,0.839,2.8172083333333333,3.3219999999999996,2.8629583333333333
2010-04-29,4.128,0.6,2.777875,3.528,2.8172083333333333
2010-04-30,4.103,0.561,2.7879583333333335,3.542,2.777875
2010-05-01,3.97,0.66,2.811125,3.31,2.7879583333333335
2010-05-02,3.881,0.754,2.808208333333333,3.127,2.811125
2010-05-03,3.831,1.031,2.862833333333333,2.8,2.808208333333333
2010-05-04,3.699,1.253,2.8561666666666667,2.4459999999999997,2.862833333333333
2010-05-05,3.598,1.476,2.811208333333333,2.122,2.8561666666666667
2010-05-06,3.503,1.723,2.8026250000000004,1.78,2.811208333333333
2010-05-07,3.556,1.882,2.8016666666666663,1.6740000000000002,2.8026250000000004
2010-05-08,3.583,2.004,2.7855000000000003,1.5790000000000002,2.8016666666666663
2010-05-09,3.634,2.081,2.7639583333333335,1.553,2.7855000000000003
2010-05-10,3.673,1.876,2.7774583333333336,1.7970000000000002,2.7639583333333335
2010-05-11,3.647,1.474,2.7621249999999997,2.173,2.7774583333333336
2010-05-12,3.804,1.273,2.8410833333333336,2.5309999999999997,2.7621249999999997
2010-05-13,3.988,0.99,2.8174166666666665,2.998,2.8410833333333336
2010-05-14,4.017,0.593,2.767958333333333,3.4240000000000004,2.8174166666666665
2010-05-15,4.018,0.425,2.750875,3.593,2.767958333333333
2010-05-16,3.986,0.38,2.7432083333333335,3.6060000000000003,2.750875
2010-05-17,3.991,0.356,2.721,3.6350000000000002,2.7432083333333335
2010-05-18,3.897,0.561,2.750375,3.336,2.721
2010-05-19,3.776,0.733,2.746375,3.0429999999999997,2.750375
2010-05-20,3.677,1.032,2.747875,2.645,2.746375
2010-05-21,3.68,1.34,2.748875,2.34,2.747875
2010-05-22,3.722,1.583,2.7099583333333332,2.1390000000000002,2.748875
2010-05-23,3.761,1.875,2.704708333333333,1.8860000000000001,2.7099583333333332
2010-05-24,3.735,1.376,2.67225,2.359,2.704708333333333
2010-05-25,3.79,1.011,2.655,2.779,2.67225
2010-05-26,3.813,0.684,2.668416666666667,3.129,2.655
2010-05-27,3.896,0.505,2.6785833333333335,3.391,2.668416666666667
2010-05-28,3.968,0.318,2.660083333333333,3.65,2.6785833333333335
2010-05-29,3.857,0.299,2.649,3.5580000000000003,2.660083333333333
2010-05-30,3.776,0.424,2.6537916666666668,3.352,2.649
2010-05-31,3.666,0.57,2.665833333333333,3.096,2.6537916666666668
2010-06-01,3.597,0.776,2.6565,2.8209999999999997,2.665833333333333
2010-06-02,3.608,0.971,2.6395833333333334,2.637,2.6565
2010-06-03,3.508,1.288,2.6555416666666667,2.2199999999999998,2.6395833333333334
2010-06-04,3.585,1.672,2.7384583333333334,1.913,2.6555416666666667
2010-06-05,3.637,1.999,2.8061249999999998,1.638,2.7384583333333334
2010-06-06,3.717,2.366,2.8604583333333333,1.351,2.8061249999999998
2010-06-07,3.693,2.054,2.798125,1.6390000000000002,2.8604583333333333
2010-06-08,3.692,1.596,2.779458333333333,2.096,2.798125
2010-06-09,3.618,1.204,2.7416250000000004,2.4139999999999997,2.779458333333333
2010-06-10,3.701,0.896,2.743916666666667,2.805,2.7416250000000004
2010-06-11,3.803,0.51,2.685541666666667,3.293,2.743916666666667
2010-06-12,3.885,0.297,2.645625,3.5879999999999996,2.685541666666667
2010-06-13,3.902,0.195,2.648625,3.7070000000000003,2.645625
2010-06-14,3.932,0.128,2.623666666666667,3.804,2.648625
2010-06-15,3.894,0.108,2.6052500000000003,3.786,2.623666666666667
2010-06-16,3.787,0.417,2.637208333333333,3.37,2.6052500000000003
2010-06-17,3.73,0.763,2.642708333333333,2.967,2.637208333333333
2010-06-18,3.642,1.14,2.583041666666667,2.502,2.642708333333333
2010-06-19,3.733,1.584,2.654166666666667,2.149,2.583041666666667
2010-06-20,3.83,1.872,2.73325,1.958,2.654166666666667
2010-06-21,3.758,1.396,2.6965,2.362,2.73325
2010-06-22,3.689,1.023,2.666,2.6660000000000004,2.6965
2010-06-23,3.628,0.799,2.6122083333333332,2.829,2.666
2010-06-24,3.633,0.581,2.6136250000000003,3.052,2.6122083333333332
2010-06-25,3.681,0.482,2.5968750000000003,3.199,2.6136250000000003
2010-06-26,3.661,0.345,2.5519166666666666,3.316,2.5968750000000003
2010-06-27,3.666,0.399,2.5475833333333333,3.267,2.5519166666666666
2010-06-28,3.64,0.417,2.5642083333333336,3.2230000000000003,2.5475833333333333
2010-06-29,3.604,0.607,2.5719583333333333,2.997,2.5642083333333336
2010-06-30,3.672,0.737,2.6069166666666668,2.935,2.5719583333333333
2010-07-01,3.608,1.004,2.646375,2.604,2.6069166666666668
2010-07-02,3.613,1.212,2.6677083333333336,2.401,2.646375
2010-07-03,3.668,1.57,2.680875,2.098,2.6677083333333336
2010-07-04,3.669,1.908,2.6824583333333334,1.7610000000000001,2.680875
2010-07-05,3.604,1.987,2.7091250000000002,1.617,2.6824583333333334
2010-07-06,3.598,1.659,2.7090416666666663,1.9389999999999998,2.7091250000000002
2010-07-07,3.514,1.335,2.6580833333333334,2.179,2.7090416666666663
2010-07-08,3.501,1.012,2.631125,2.489,2.6580833333333334
2010-07-09,3.521,0.693,2.6005,2.828,2.631125
2010-07-10,3.658,0.424,2.583083333333333,3.234,2.6005
2010-07-11,3.782,0.222,2.600541666666667,3.56,2.583083333333333
2010-07-12,3.898,0.045,2.612375,3.853,2.600541666666667
2010-07-13,3.997,0.106,2.6748333333333334,3.891,2.612375
2010-07-14,4.025,0.253,2.691875,3.7720000000000002,2.6748333333333334
2010-07-15,3.976,0.544,2.6958333333333333,3.432,2.691875
2010-07-16,3.945,1.051,2.7365833333333334,2.894,2.6958333333333333
2010-07-17,3.967,1.512,2.735041666666667,2.455,2.7365833333333334
2010-07-18,4.016,1.721,2.7554166666666666,2.295,2.735041666666667
2010-07-19,3.889,1.58,2.7655,2.3089999999999997,2.7554166666666666
2010-07-20,3.775,1.321,2.7568333333333332,2.4539999999999997,2.7655
2010-07-21,3.566,1.104,2.716958333333333,2.4619999999999997,2.7568333333333332
2010-07-22,3.562,0.973,2.6927916666666665,2.589,2.716958333333333
2010-07-23,3.554,0.831,2.6312083333333334,2.723,2.6927916666666665
2010-07-24,3.619,0.501,2.603,3.1180000000000003,2.6312083333333334
2010-07-25,3.788,0.532,2.621166666666667,3.256,2.603
2010-07-26,3.827,0.769,2.750291666666667,3.058,2.621166666666667
2010-07-27,3.764,0.6,2.706,3.1639999999999997,2.750291666666667
2010-07-28,3.766,0.891,2.6934583333333335,2.875,2.706
2010-07-29,3.753,0.958,2.6882083333333333,2.795,2.6934583333333335
2010-07-30,3.736,1.177,2.6638333333333333,2.559,2.6882083333333333
2010-07-31,3.738,1.465,2.6660833333333334,2.2729999999999997,2.6638333333333333
2010-08-01,3.674,1.877,2.704916666666667,1.797,2.6660833333333334
2010-08-02,3.667,1.713,2.6997083333333336,1.9539999999999997,2.704916666666667
2010-08-03,3.714,1.647,2.6987083333333337,2.067,2.6997083333333336
2010-08-04,3.574,1.445,2.6705,2.1289999999999996,2.6987083333333337
2010-08-05,3.471,1.294,2.628625,2.177,2.6705
2010-08-06,3.462,1.003,2.6238333333333332,2.4590000000000005,2.628625
2010-08-07,3.602,0.617,2.5806666666666667,2.985,2.6238333333333332
2010-08-08,3.733,0.315,2.525708333333333,3.418,2.5806666666666667
2010-08-09,3.925,0.257,2.624625,3.6679999999999997,2.525708333333333
2010-08-10,3.867,0.252,2.6225833333333335,3.615,2.624625
2010-08-11,4.094,0.282,2.649958333333333,3.8120000000000003,2.6225833333333335
2010-08-12,4.203,0.663,2.7141249999999997,3.54,2.649958333333333
2010-08-13,4.1,0.985,2.7375833333333333,3.1149999999999998,2.7141249999999997
2010-08-14,4.086,1.425,2.735875,2.6610000000000005,2.7375833333333333
2010-08-15,4.003,1.316,2.745791666666667,2.6870000000000003,2.735875
2010-08-16,3.953,1.27,2.751916666666667,2.683,2.745791666666667
2010-08-17,3.818,1.238,2.7465833333333336,2.58,2.751916666666667
2010-08-18,3.657,1.239,2.7608333333333337,2.418,2.7465833333333336
2010-08-19,3.607,1.25,2.8027083333333334,2.357,2.7608333333333337
2010-08-20,3.638,1.118,2.7410416666666664,2.5199999999999996,2.8027083333333334
2010-08-21,3.705,0.994,2.6977499999999996,2.7110000000000003,2.7410416666666664
2010-08-22,3.719,0.898,2.699666666666667,2.8209999999999997,2.6977499999999996
2010-08-23,3.799,0.895,2.722875,2.904,2.699666666666667
2010-08-24,3.732,0.929,2.720125,2.803,2.722875
2010-08-25,3.78,1.053,2.6956249999999997,2.727,2.720125
2010-08-26,3.844,1.153,2.735291666666667,2.691,2.6956249999999997
2010-08-27,3.759,1.26,2.671375,2.4989999999999997,2.735291666666667
2010-08-28,3.805,1.654,2.7286249999999996,2.1510000000000002,2.671375
2010-08-29,3.734,1.564,2.6815416666666665,2.17,2.7286249999999996
2010-08-30,3.785,1.396,2.6999166666666667,2.3890000000000002,2.6815416666666665
2010-08-31,3.7,1.342,2.7132916666666667,2.358,2.6999166666666667
2010-09-01,3.628,1.317,2.70025,2.311,2.7132916666666667
2010-09-02,3.572,1.331,2.680875,2.241,2.70025
2010-09-03,3.432,1.204,2.6252083333333336,2.2279999999999998,2.680875
2010-09-04,3.608,0.839,2.6305833333333335,2.769,2.6252083333333336
2010-09-05,3.706,0.845,2.63775,2.8609999999999998,2.6305833333333335
2010-09-06,3.816,0.662,2.65675,3.154,2.63775
2010-09-07,3.976,0.596,2.714541666666667,3.38,2.65675
2010-09-08,4.091,0.555,2.7070000000000003,3.536,2.714541666666667
2010-09-09,4.185,0.762,2.648708333333333,3.4229999999999996,2.7070000000000003
2010-09-10,4.208,1.135,2.6809583333333333,3.0730000000000004,2.648708333333333
2010-09-11,4.124,0.932,2.6759166666666663,3.1919999999999997,2.6809583333333333
2010-09-12,4.058,0.763,2.6796249999999997,3.295,2.6759166666666663
2010-09-13,3.924,0.826,2.7429583333333336,3.098,2.6796249999999997
2010-09-14,3.697,0.926,2.7142916666666665,2.771,2.7429583333333336
2010-09-15,3.607,1.115,2.684708333333333,2.492,2.7142916666666665
2010-09-16,3.472,1.282,2.7297499999999997,2.19,2.684708333333333
2010-09-17,3.57,1.474,2.7596249999999998,2.096,2.7297499999999997
2010-09-18,3.738,1.426,2.794333333333333,2.3120000000000003,2.7596249999999998
2010-09-19,3.782,1.433,2.809416666666667,2.349,2.794333333333333
2010-09-20,3.794,1.304,2.7887916666666666,2.49,2.809416666666667
2010-09-21,3.774,1.288,2.7412500000000004,2.4859999999999998,2.7887916666666666
2010-09-22,3.86,1.42,2.7870416666666666,2.44,2.7412500000000004
2010-09-23,3.892,1.499,2.7552916666666665,2.393,2.7870416666666666
2010-09-24,3.857,1.623,2.768875,2.234,2.7552916666666665
2010-09-25,3.964,1.376,2.8244583333333337,2.588,2.768875
2010-09-26,3.891,1.309,2.8385,2.582,2.8244583333333337
2010-09-27,3.909,1.175,2.858458333333333,2.734,2.8385
2010-09-28,3.862,1.118,2.8653750000000002,2.7439999999999998,2.858458333333333
2010-09-29,3.935,1.137,2.9298750000000005,2.798,2.8653750000000002
2010-09-30,3.882,1.254,2.9779999999999998,2.628,2.9298750000000005
2010-10-01,3.742,1.431,2.986666666666667,2.311,2.9779999999999998
2010-10-02,3.828,1.586,3.0192916666666663,2.242,2.986666666666667
2010-10-03,3.902,1.587,2.973625,2.3150000000000004,3.0192916666666663
2010-10-04,3.983,1.515,3.0039166666666666,2.468,2.973625
2010-10-05,4.226,1.464,3.0401666666666665,2.762,3.0039166666666666
2010-10-06,4.319,1.463,3.043416666666667,2.856,3.0401666666666665
2010-10-07,4.333,1.511,2.9760000000000004,2.822,3.043416666666667
2010-10-08,4.404,1.208,2.9872916666666662,3.1959999999999997,2.9760000000000004
2010-10-09,4.435,0.953,2.970333333333333,3.4819999999999998,2.9872916666666662
2010-10-10,4.232,0.61,2.8497083333333335,3.6220000000000003,2.970333333333333
2010-10-11,4.176,0.659,2.8397916666666667,3.5170000000000003,2.8497083333333335
2010-10-12,4.012,0.745,2.8657500000000002,3.2669999999999995,2.8397916666666667
2010-10-13,3.824,0.96,2.8973750000000003,2.864,2.8657500000000002
2010-10-14,3.606,1.136,2.877125,2.4699999999999998,2.8973750000000003
2010-10-15,3.553,1.583,2.856125,1.97,2.877125
2010-10-16,3.644,1.73,2.8589583333333333,1.9140000000000001,2.856125
2010-10-17,3.729,1.844,2.8951666666666664,1.885,2.8589583333333333
2010-10-18,3.842,1.983,2.9415833333333334,1.859,2.8951666666666664
2010-10-19,4.015,2.063,2.99825,1.9519999999999995,2.9415833333333334
2010-10-20,4.038,2.209,3.0729166666666665,1.8290000000000002,2.99825
2010-10-21,4.141,1.988,3.109291666666667,2.153,3.0729166666666665
2010-10-22,4.254,1.777,3.185208333333333,2.4769999999999994,3.109291666666667
2010-10-23,4.309,1.541,3.2129583333333334,2.7680000000000002,3.185208333333333
2010-10-24,4.338,1.318,3.186958333333333,3.02,3.2129583333333334
2010-10-25,4.285,1.237,2.9084,3.048,3.186958333333333
2010-10-30,3.893,3.725,3.7958,0.1679999999999997,2.9084
2010-10-31,3.877,2.098,2.866923076923077,1.779,3.7958
2010-11-12,3.941,3.606,3.7173000000000003,0.33499999999999996,2.866923076923077
2010-11-13,3.902,1.825,2.981666666666667,2.077,3.7173000000000003
2010-11-20,4.08,1.93,3.3878,2.1500000000000004,2.981666666666667
2010-11-21,4.09,1.26,3.0443333333333333,2.83,3.3878
2010-11-24,4.183,3.159,3.721272727272727,1.024,3.0443333333333333
2010-11-25,4.132,0.793,3.0392500000000005,3.3389999999999995,3.721272727272727
2010-11-26,4.083,1.002,3.065583333333333,3.0810000000000004,3.0392500000000005
2010-11-27,4.135,1.304,3.1024999999999996,2.8309999999999995,3.065583333333333
2010-11-28,3.997,1.507,3.012833333333333,2.49,3.1024999999999996
2010-11-29,4.079,1.865,3.078791666666667,2.2139999999999995,3.012833333333333
2010-11-30,4.172,2.262,3.14475,1.9099999999999997,3.078791666666667
2010-12-01,4.2,2.022,3.191333333333333,2.1780000000000004,3.14475
2010-12-02,4.199,1.739,3.2145833333333336,2.46,3.191333333333333
2010-12-03,4.291,1.527,3.2139166666666665,2.7640000000000002,3.2145833333333336
2010-12-04,4.291,1.232,3.210875,3.059,3.2139166666666665
2010-12-05,4.226,0.884,3.1010416666666667,3.342,3.210875
2010-12-06,4.244,0.656,3.0592083333333338,3.5879999999999996,3.1010416666666667
2010-12-07,4.241,0.771,3.123583333333334,3.4699999999999998,3.0592083333333338
2010-12-08,4.193,0.804,3.1174166666666667,3.3889999999999993,3.123583333333334
2010-12-09,4.07,0.99,3.0556249999999996,3.08,3.1174166666666667
2010-12-10,3.966,1.162,2.9780833333333336,2.8040000000000003,3.0556249999999996
2010-12-11,3.87,1.362,2.9425416666666666,2.508,2.9780833333333336
2010-12-12,3.835,1.606,2.906083333333333,2.229,2.9425416666666666
2010-12-13,3.793,1.874,2.9004166666666666,1.919,2.906083333333333
2010-12-14,3.752,2.229,2.876375,1.5229999999999997,2.9004166666666666
2010-12-15,3.818,2.155,2.9280833333333334,1.6630000000000003,2.876375
2010-12-16,3.904,1.909,3.0148333333333333,1.9949999999999999,2.9280833333333334
2010-12-17,4.051,1.843,3.1843333333333335,2.208,3.0148333333333333
2010-12-18,4.048,1.749,3.2467083333333338,2.299,3.1843333333333335
2010-12-19,4.11,1.488,3.170583333333333,2.6220000000000003,3.2467083333333338
2010-12-20,4.109,1.074,3.108416666666667,3.035,3.170583333333333
2010-12-21,4.24,0.939,3.0948333333333333,3.301,3.108416666666667
2010-12-22,4.346,0.733,3.114708333333333,3.613,3.0948333333333333
2010-12-23,4.259,0.687,3.026875,3.572,3.114708333333333
2010-12-24,4.124,0.615,2.933375,3.5089999999999995,3.026875
2010-12-25,4.1,0.7,2.92975,3.3999999999999995,2.933375
2010-12-26,4.166,1.084,3.0145416666666667,3.0820000000000003,2.92975
2010-12-27,4.16,1.66,3.094125,2.5,3.0145416666666667
2010-12-28,4.124,2.109,3.081583333333333,2.0149999999999997,3.094125
2010-12-29,4.068,2.021,3.0555416666666666,2.0469999999999997,3.081583333333333
2010-12-30,4.067,1.68,3.0852916666666665,2.3870000000000005,3.0555416666666666
2010-12-31,4.045,1.418,3.1213333333333337,2.627,3.0852916666666665
2011-01-01,4.049,1.279,3.1157083333333335,2.7700000000000005,3.1213333333333337
2011-01-02,4.073,1.049,3.0681666666666665,3.0240000000000005,3.1157083333333335
2011-01-03,4.172,0.828,3.0560416666666668,3.344,3.0681666666666665
2011-01-04,4.173,0.785,3.045625,3.388,3.0560416666666668
2011-01-05,4.146,0.866,3.0649583333333332,3.28,3.045625
2011-01-06,4.077,0.895,2.5532307692307694,3.182,3.0649583333333332
2011-01-08,3.993,1.331,3.1282727272727273,2.662,2.5532307692307694
2011-01-09,3.994,1.515,3.0624583333333333,2.479,3.1282727272727273
2011-01-10,4.028,1.813,3.065041666666667,2.215,3.0624583333333333
2011-01-11,3.918,2.078,3.0160416666666667,1.8400000000000003,3.065041666666667
2011-01-12,3.951,2.471,3.079333333333333,1.48,3.0160416666666667
2011-01-13,3.922,2.3,3.1138333333333335,1.6220000000000003,3.079333333333333
2011-01-14,3.857,1.954,3.0815,1.9030000000000002,3.1138333333333335
2011-01-15,3.897,1.766,3.0902499999999997,2.131,3.0815
2011-01-16,4.002,1.558,3.187,2.444,3.0902499999999997
2011-01-17,4.072,1.37,3.1496666666666666,2.702,3.187
2011-01-18,4.056,1.106,3.0393749999999997,2.95,3.1496666666666666
2011-01-19,4.197,0.748,3.02,3.449,3.0393749999999997
2011-01-20,4.311,0.638,3.0550833333333336,3.673,3.02
2011-01-21,4.407,0.656,3.0732916666666665,3.751,3.0550833333333336
2011-01-22,4.325,0.795,3.0505,3.5300000000000002,3.0732916666666665
2011-01-23,4.208,0.938,2.952291666666667,3.2700000000000005,3.0505
2011-01-24,4.258,1.388,2.9790833333333335,2.87,2.952291666666667
2011-01-25,4.172,1.826,2.979875,2.3459999999999996,2.9790833333333335
2011-01-26,4.115,1.986,3.030958333333333,2.1290000000000004,2.979875
2011-01-27,4.013,1.816,3.03,2.197,3.030958333333333
2011-01-28,4.018,1.698,3.125875,2.32,3.03
2011-01-29,4.026,1.53,3.201458333333333,2.4959999999999996,3.125875
2011-01-30,4.117,1.405,3.211375,2.7119999999999997,3.201458333333333
2011-01-31,4.095,1.337,3.1957916666666666,2.758,3.211375
2011-02-01,4.1,1.21,3.1452500000000003,2.8899999999999997,3.1957916666666666
2011-02-02,4.131,1.132,3.130708333333333,2.9990000000000006,3.1452500000000003
2011-02-03,4.165,1.157,3.111416666666667,3.008,3.130708333333333
2011-02-04,4.161,1.177,3.0465416666666667,2.9839999999999995,3.111416666666667
2011-02-05,4.077,1.266,2.9911666666666665,2.811,3.0465416666666667
2011-02-06,3.956,1.372,2.907833333333333,2.5839999999999996,2.9911666666666665
2011-02-07,3.93,1.509,2.826708333333333,2.4210000000000003,2.907833333333333
2011-02-08,3.824,1.732,2.7539583333333333,2.0919999999999996,2.826708333333333
2011-02-09,3.814,1.918,2.7594166666666666,1.8960000000000001,2.7539583333333333
2011-02-10,3.723,1.787,2.7461249999999997,1.936,2.7594166666666666
2011-02-11,3.688,1.796,2.8033333333333332,1.8920000000000001,2.7461249999999997
2011-02-12,3.692,1.799,2.922166666666667,1.8930000000000002,2.8033333333333332
2011-02-13,3.635,1.569,2.937291666666667,2.066,2.922166666666667
2011-02-14,3.753,1.448,3.0344583333333333,2.305,2.937291666666667
2011-02-15,3.924,1.368,3.1157916666666665,2.556,3.0344583333333333
2011-02-16,4.005,1.212,3.0879999999999996,2.793,3.1157916666666665
2011-02-17,4.123,0.958,3.016375,3.165,3.0879999999999996
2011-02-18,4.294,0.811,2.9865,3.4829999999999997,3.016375
2011-02-19,4.404,0.802,2.9573750000000003,3.602,2.9865
2011-02-20,4.303,0.895,2.904166666666667,3.408,2.9573750000000003
2011-02-21,4.286,1.295,2.8801666666666663,2.9909999999999997,2.904166666666667
2011-02-22,4.281,1.525,2.896875,2.756,2.8801666666666663
2011-02-23,4.166,1.48,2.8797916666666663,2.6860000000000004,2.896875
2011-02-24,4.046,1.452,2.8977083333333336,2.5940000000000003,2.8797916666666663
2011-02-25,3.945,1.605,2.9713333333333334,2.34,2.8977083333333336
2011-02-26,3.766,1.566,2.9941666666666666,2.2,2.9713333333333334
2011-02-27,3.594,1.496,2.964166666666667,2.098,2.9941666666666666
2011-02-28,3.722,1.44,2.9590416666666663,2.282,2.964166666666667
2011-03-01,3.793,1.421,2.9901666666666666,2.372,2.9590416666666663
2011-03-02,3.828,1.347,2.982791666666667,2.481,2.9901666666666666
2011-03-03,3.966,1.332,2.991375,2.6340000000000003,2.982791666666667
2011-03-04,4.034,1.32,2.980375,2.7139999999999995,2.991375
2011-03-05,4.024,1.475,2.9908750000000004,2.549,2.980375
2011-03-06,3.971,1.665,2.9257916666666666,2.306,2.9908750000000004
2011-03-07,3.967,1.701,2.9008333333333334,2.266,2.9257916666666666
2011-03-08,4.008,1.77,2.9138750000000004,2.238,2.9008333333333334
2011-03-09,3.999,1.846,2.9647916666666667,2.153,2.9138750000000004
2011-03-10,3.97,1.807,2.958375,2.1630000000000003,2.9647916666666667
2011-03-11,3.966,1.894,3.044541666666667,2.072,2.958375
2011-03-12,3.906,1.844,3.0032916666666662,2.0620000000000003,3.044541666666667
2011-03-13,3.812,1.835,3.002291666666667,1.9769999999999999,3.0032916666666662
2011-03-14,3.634,1.677,2.94975,1.9569999999999999,3.002291666666667
2011-03-15,3.734,1.596,3.027791666666667,2.138,2.94975
2011-03-16,3.914,1.616,3.12825,2.298,3.027791666666667
2011-03-17,3.987,1.559,3.0738749999999997,2.428,3.12825
2011-03-18,4.136,1.331,3.0625416666666667,2.805,3.0738749999999997
2011-03-19,4.321,1.31,3.0649166666666665,3.0109999999999997,3.0625416666666667
2011-03-20,4.365,1.411,2.9647083333333337,2.954,3.0649166666666665
2011-03-21,4.26,1.149,2.8240416666666666,3.1109999999999998,2.9647083333333337
2011-03-22,4.27,0.916,2.800333333333333,3.3539999999999996,2.8240416666666666
2011-03-23,4.232,0.957,2.8512500000000003,3.2750000000000004,2.800333333333333
2011-03-24,4.061,1.072,2.86875,2.989,2.8512500000000003
2011-03-25,4.058,1.444,3.030416666666667,2.614,2.86875
2011-03-26,3.95,1.81,3.137625,2.14,3.030416666666667
2011-03-27,3.774,2.064,3.1691249999999997,1.71,3.137625
2011-03-28,3.898,2.034,3.2006666666666668,1.8640000000000003,3.1691249999999997
2011-03-29,3.913,2.088,3.244375,1.8249999999999997,3.2006666666666668
2011-03-30,3.857,2.062,3.179,1.7950000000000004,3.244375
2011-03-31,3.92,2.011,3.1573333333333333,1.9089999999999998,3.179
2011-04-01,3.9,1.968,3.063833333333333,1.932,3.1573333333333333
2011-04-02,3.863,1.966,2.9800416666666667,1.897,3.063833333333333
2011-04-03,3.952,1.736,2.921041666666667,2.216,2.9800416666666667
2011-04-04,3.985,1.541,2.8859166666666667,2.444,2.921041666666667
2011-04-05,3.9,1.381,2.8539583333333334,2.519,2.8859166666666667
2011-04-06,3.899,1.196,2.7908749999999998,2.7030000000000003,2.8539583333333334
2011-04-07,3.848,1.049,2.7460833333333334,2.799,2.7908749999999998
2011-04-08,3.851,1.234,2.8350000000000004,2.617,2.7460833333333334
2011-04-09,3.862,1.325,2.874125,2.537,2.8350000000000004
2011-04-10,3.734,1.422,2.8477916666666663,2.3120000000000003,2.874125
2011-04-11,3.682,1.604,2.9148333333333336,2.078,2.8477916666666663
2011-04-12,3.617,1.768,2.955291666666667,1.849,2.9148333333333336
2011-04-13,3.68,1.625,2.9031249999999997,2.055,2.955291666666667
2011-04-14,3.75,1.583,2.9028333333333336,2.167,2.9031249999999997
2011-04-15,3.848,1.654,2.872916666666667,2.194,2.9028333333333336
2011-04-16,3.987,1.546,2.8464166666666664,2.441,2.872916666666667
2011-04-17,4.059,1.151,2.7562916666666664,2.9080000000000004,2.8464166666666664
2011-04-18,4.062,0.654,2.659875,3.4080000000000004,2.7562916666666664
2011-04-19,4.114,0.403,2.64225,3.711,2.659875
2011-04-20,4.051,0.394,2.6919583333333335,3.657,2.64225
2011-04-21,3.967,0.443,2.6768750000000003,3.524,2.6919583333333335
2011-04-22,3.827,0.692,2.718625,3.135,2.6768750000000003
2011-04-23,3.718,1.011,2.77675,2.707,2.718625
2011-04-24,3.666,1.431,2.8930416666666665,2.235,2.77675
2011-04-25,3.654,1.701,2.9218333333333333,1.9529999999999998,2.8930416666666665
2011-04-26,3.662,1.774,2.8811250000000004,1.888,2.9218333333333333
2011-04-27,3.634,1.993,2.857958333333334,1.6409999999999998,2.8811250000000004
2011-04-28,3.637,2.047,2.8223749999999996,1.5899999999999999,2.857958333333334
2011-04-29,3.699,2.019,2.8043333333333336,1.6799999999999997,2.8223749999999996
2011-04-30,3.662,1.675,2.7495,1.9869999999999999,2.8043333333333336
2011-05-01,3.683,1.335,2.7073750000000003,2.348,2.7495
2011-05-02,3.726,1.16,2.69725,2.566,2.7073750000000003
2011-05-03,3.813,0.953,2.719375,2.8600000000000003,2.69725
2011-05-04,3.775,0.814,2.6917916666666666,2.961,2.719375
2011-05-05,3.752,0.651,2.6493333333333333,3.101,2.6917916666666666
2011-05-06,3.714,0.662,2.6750416666666665,3.052,2.6493333333333333
2011-05-07,3.724,0.7,2.672,3.024,2.6750416666666665
2011-05-08,3.66,0.781,2.6777083333333334,2.879,2.672
2011-05-09,3.56,0.876,2.6577083333333333,2.684,2.6777083333333334
2011-05-10,3.491,1.087,2.607083333333333,2.404,2.6577083333333333
2011-05-11,3.499,1.293,2.623625,2.2060000000000004,2.607083333333333
2011-05-12,3.57,1.615,2.6820416666666667,1.9549999999999998,2.623625
2011-05-13,3.728,1.857,2.7274166666666666,1.8710000000000002,2.6820416666666667
2011-05-14,3.829,1.476,2.7237916666666666,2.353,2.7274166666666666
2011-05-15,3.875,0.971,2.6983333333333337,2.904,2.7237916666666666
2011-05-16,3.956,0.532,2.676375,3.424,2.6983333333333337
2011-05-17,4.044,0.332,2.6966666666666668,3.7119999999999997,2.676375
2011-05-18,4.023,0.153,2.6566666666666667,3.8699999999999997,2.6966666666666668
2011-05-19,3.936,0.154,2.6248333333333336,3.782,2.6566666666666667
2011-05-20,3.845,0.285,2.6554583333333333,3.56,2.6248333333333336
2011-05-21,3.726,0.522,2.66525,3.2039999999999997,2.6554583333333333
2011-05-22,3.702,0.805,2.6606666666666667,2.897,2.66525
2011-05-23,3.592,1.07,2.658,2.5220000000000002,2.6606666666666667
2011-05-24,3.526,1.493,2.704916666666667,2.0329999999999995,2.658
2011-05-25,3.556,1.881,2.7446249999999996,1.675,2.704916666666667
2011-05-26,3.558,2.191,2.7916666666666665,1.367,2.7446249999999996
2011-05-27,3.708,2.046,2.863125,1.6620000000000004,2.7916666666666665
2011-05-28,3.748,1.863,2.859291666666667,1.8850000000000002,2.863125
2011-05-29,3.663,1.484,2.7866666666666666,2.179,2.859291666666667
2011-05-30,3.648,1.122,2.714,2.526,2.7866666666666666
2011-05-31,3.75,0.974,2.751208333333333,2.776,2.714
2011-06-01,3.806,0.738,2.7294583333333335,3.068,2.751208333333333
2011-06-02,3.859,0.679,2.7438333333333333,3.1799999999999997,2.7294583333333335
2011-06-03,3.869,0.532,2.719875,3.337,2.7438333333333333
2011-06-04,3.865,0.572,2.7155,3.293,2.719875
2011-06-05,3.766,0.514,2.6810833333333335,3.252,2.7155
2011-06-06,3.71,0.526,2.6508333333333334,3.184,2.6810833333333335
2011-06-07,3.633,0.876,2.6390833333333332,2.757,2.6508333333333334
2011-06-08,3.672,1.078,2.6235,2.5940000000000003,2.6390833333333332
2011-06-09,3.708,1.445,2.6209583333333333,2.263,2.6235
2011-06-10,3.581,1.835,2.593,1.746,2.6209583333333333
2011-06-11,3.647,1.6,2.5857916666666667,2.0469999999999997,2.593
2011-06-12,3.604,1.16,2.5547083333333336,2.444,2.5857916666666667
2011-06-13,3.675,0.671,2.5872916666666668,3.0039999999999996,2.5547083333333336
2011-06-14,3.66,0.317,2.521333333333333,3.343,2.5872916666666668
2011-06-15,3.722,-0.005,2.498666666666667,3.727,2.521333333333333
2011-06-16,3.784,-0.081,2.471833333333333,3.8649999999999998,2.498666666666667
2011-06-17,3.706,0.07,2.4981666666666666,3.636,2.471833333333333
2011-06-18,3.651,0.141,2.4896249999999998,3.51,2.4981666666666666
2011-06-19,3.612,0.391,2.5111250000000003,3.221,2.4896249999999998
2011-06-20,3.553,0.798,2.524375,2.755,2.5111250000000003
2011-06-21,3.619,1.094,2.5775416666666664,2.5250000000000004,2.524375
2011-06-22,3.54,1.453,2.590375,2.0869999999999997,2.5775416666666664
2011-06-23,3.508,1.845,2.6042916666666667,1.663,2.590375
2011-06-24,3.489,2.082,2.6345,1.407,2.6042916666666667
2011-06-25,3.416,1.797,2.6167916666666664,1.619,2.6345
2011-06-26,3.42,1.562,2.6155,1.8579999999999999,2.6167916666666664
2011-06-27,3.42,1.231,2.599416666666667,2.189,2.6155
2011-06-28,3.426,0.93,2.5785833333333334,2.496,2.599416666666667
2011-06-29,3.544,0.626,2.548958333333333,2.918,2.5785833333333334
2011-06-30,3.588,0.462,2.543875,3.126,2.548958333333333
2011-07-01,3.696,0.307,2.521291666666667,3.3890000000000002,2.543875
2011-07-02,3.735,0.262,2.533166666666667,3.473,2.521291666666667
2011-07-03,3.775,0.188,2.5277083333333334,3.5869999999999997,2.533166666666667
2011-07-04,3.796,0.384,2.578958333333333,3.412,2.5277083333333334
2011-07-05,3.799,0.595,2.592625,3.2039999999999997,2.578958333333333
2011-07-06,3.776,0.873,2.6100833333333333,2.9029999999999996,2.592625
2011-07-07,3.842,1.198,2.5824166666666666,2.644,2.6100833333333333
2011-07-08,3.814,1.717,2.5850833333333334,2.097,2.5824166666666666
2011-07-09,3.73,1.37,2.5854166666666667,2.36,2.5850833333333334
2011-07-10,3.658,1.063,2.5736666666666665,2.5949999999999998,2.5854166666666667
2011-07-11,3.646,0.884,2.6147916666666666,2.762,2.5736666666666665
2011-07-12,3.561,0.548,2.57375,3.013,2.6147916666666666
2011-07-13,3.688,0.348,2.5742499999999997,3.3400000000000003,2.57375
2011-07-14,3.721,0.343,2.577875,3.378,2.5742499999999997
2011-07-15,3.82,0.323,2.613375,3.497,2.577875
2011-07-16,3.739,0.328,2.54725,3.411,2.613375
2011-07-17,3.722,0.412,2.547,3.31,2.54725
2011-07-18,3.671,0.636,2.541625,3.0349999999999997,2.547
2011-07-19,3.629,0.99,2.565916666666667,2.6390000000000002,2.541625
2011-07-20,3.573,1.25,2.546875,2.323,2.565916666666667
2011-07-21,3.581,1.589,2.5563333333333333,1.992,2.546875
2011-07-22,3.553,1.924,2.5775416666666664,1.629,2.5563333333333333
2011-07-23,3.609,1.845,2.6457916666666668,1.764,2.5775416666666664
2011-07-24,3.492,1.598,2.6405416666666666,1.894,2.6457916666666668
2011-07-25,3.466,1.405,2.623125,2.061,2.6405416666666666
2011-07-26,3.46,1.227,2.6176666666666666,2.2329999999999997,2.623125
2011-07-27,3.335,0.843,2.552,2.492,2.6176666666666666
2011-07-28,3.64,0.756,2.5889583333333333,2.8840000000000003,2.552
2011-07-29,3.694,0.292,2.5495,3.402,2.5889583333333333
2011-07-30,3.808,0.333,2.61075,3.4749999999999996,2.5495
2011-07-31,3.873,0.265,2.6235833333333334,3.608,2.61075
2011-08-01,4.006,0.344,2.666583333333333,3.6620000000000004,2.6235833333333334
2011-08-02,4.009,0.644,2.715125,3.365,2.666583333333333
2011-08-03,3.96,0.899,2.6573333333333333,3.061,2.715125
2011-08-04,3.957,1.279,2.65075,2.678,2.6573333333333333
2011-08-05,3.847,1.471,2.6481666666666666,2.376,2.65075
2011-08-06,3.863,1.265,2.6378749999999997,2.598,2.6481666666666666
2011-08-07,3.719,1.174,2.6294999999999997,2.545,2.6378749999999997
2011-08-08,3.574,0.983,2.6234583333333332,2.5909999999999997,2.6294999999999997
2011-08-09,3.501,0.862,2.6164583333333336,2.639,2.6234583333333332
2011-08-10,3.602,0.7,2.5985416666666667,2.902,2.6164583333333336
2011-08-11,3.692,0.653,2.623041666666667,3.039,2.5985416666666667
2011-08-12,3.827,0.579,2.6567083333333334,3.248,2.623041666666667
2011-08-13,3.882,0.648,2.7120833333333336,3.234,2.6567083333333334
2011-08-14,3.893,0.776,2.732958333333333,3.117,2.7120833333333336
2011-08-15,3.88,0.812,2.708458333333333,3.0679999999999996,2.732958333333333
2011-08-16,3.875,1.127,2.7133333333333334,2.748,2.708458333333333
2011-08-17,3.837,1.349,2.7075416666666663,2.4880000000000004,2.7133333333333334
2011-08-18,3.778,1.661,2.702125,2.117,2.7075416666666663
2011-08-19,3.767,1.716,2.7157916666666666,2.051,2.702125
2011-08-20,3.702,1.701,2.7303333333333337,2.001,2.7157916666666666
2011-08-21,3.655,1.605,2.7230000000000003,2.05,2.7303333333333337
2011-08-22,3.571,1.611,2.6926666666666663,1.9600000000000002,2.7230000000000003
2011-08-23,3.458,1.535,2.7315833333333335,1.9230000000000003,2.6926666666666663
2011-08-24,3.493,1.405,2.7120833333333336,2.088,2.7315833333333335
2011-08-25,3.461,1.217,2.7198333333333333,2.2439999999999998,2.7120833333333336
2011-08-26,3.686,1.121,2.6978333333333335,2.565,2.7198333333333333
2011-08-27,3.81,0.8,2.7107083333333333,3.01,2.6978333333333335
2011-08-28,3.879,0.591,2.671375,3.2880000000000003,2.7107083333333333
2011-08-29,3.973,0.433,2.652375,3.54,2.671375
2011-08-30,4.096,0.755,2.677958333333333,3.341,2.652375
2011-08-31,4.125,0.946,2.6563333333333334,3.1790000000000003,2.677958333333333
2011-09-01,4.062,1.259,2.6362916666666667,2.8030000000000004,2.6563333333333334
2011-09-02,3.988,1.04,2.6802083333333333,2.948,2.6362916666666667
2011-09-03,3.818,0.92,2.6666666666666665,2.898,2.6802083333333333
2011-09-04,3.742,0.904,2.661958333333333,2.838,2.6666666666666665
2011-09-05,3.585,1.027,2.650125,2.558,2.661958333333333
2011-09-06,3.482,1.083,2.6504166666666666,2.399,2.650125
2011-09-07,3.569,1.157,2.6674166666666665,2.412,2.6504166666666666
2011-09-08,3.605,0.953,2.6544166666666666,2.652,2.6674166666666665
2011-09-09,3.625,1.179,2.6569166666666666,2.4459999999999997,2.6544166666666666
2011-09-10,3.858,1.075,2.7058750000000003,2.7830000000000004,2.6569166666666666
2011-09-11,3.865,1.118,2.7122916666666668,2.747,2.7058750000000003
2011-09-12,3.908,1.205,2.7121666666666666,2.703,2.7122916666666668
2011-09-13,3.914,1.45,2.7734166666666664,2.4640000000000004,2.7121666666666666
2011-09-14,3.887,1.591,2.7418333333333336,2.2960000000000003,2.7734166666666664
2011-09-15,3.801,1.382,2.680875,2.4190000000000005,2.7418333333333336
2011-09-16,3.741,1.317,2.6969999999999996,2.4240000000000004,2.680875
2011-09-17,3.705,1.189,2.6827916666666667,2.516,2.6969999999999996
2011-09-18,3.565,1.261,2.6594166666666665,2.3040000000000003,2.6827916666666667
2011-09-19,3.463,1.251,2.655125,2.212,2.6594166666666665
2011-09-20,3.276,1.277,2.6039166666666667,1.9989999999999999,2.655125
2011-09-21,3.271,1.365,2.624,1.906,2.6039166666666667
2011-09-22,3.417,1.327,2.626916666666667,2.09,2.624
2011-09-23,3.529,1.176,2.673375,2.3529999999999998,2.626916666666667
2011-09-24,3.864,1.193,2.747833333333333,2.671,2.673375
2011-09-25,4.009,1.226,2.8787083333333334,2.7830000000000004,2.747833333333333
2011-09-26,4.28,1.4,2.9850833333333333,2.8800000000000003,2.8787083333333334
2011-09-27,4.272,1.407,2.9585416666666666,2.865,2.9850833333333333
2011-09-28,4.265,1.179,2.8231249999999997,3.0859999999999994,2.9585416666666666
2011-09-29,4.303,0.805,2.7612916666666667,3.4979999999999998,2.8231249999999997
2011-09-30,4.131,0.569,2.7313333333333336,3.5620000000000003,2.7612916666666667
2011-10-01,4.009,0.531,2.74825,3.478,2.7313333333333336
2011-10-02,3.844,0.662,2.7845833333333334,3.182,2.74825
2011-10-03,3.735,0.868,2.7598333333333334,2.867,2.7845833333333334
2011-10-04,3.655,1.203,2.806875,2.452,2.7598333333333334
2011-10-05,3.714,1.508,2.923833333333333,2.206,2.806875
2011-10-06,3.947,1.865,3.077458333333333,2.082,2.923833333333333
2011-10-07,3.912,1.852,3.00475,2.0599999999999996,3.077458333333333
2011-10-08,3.908,1.776,2.939416666666667,2.1319999999999997,3.00475
2011-10-09,3.918,1.803,2.919375,2.115,2.939416666666667
2011-10-10,3.914,1.989,2.9325833333333335,1.925,2.919375
2011-10-11,3.996,1.852,2.9663749999999998,2.144,2.9325833333333335
2011-10-12,3.987,1.571,2.906541666666667,2.4160000000000004,2.9663749999999998
2011-10-13,3.86,1.358,2.8353750000000004,2.502,2.906541666666667
2011-10-14,3.899,1.158,2.786583333333333,2.741,2.8353750000000004
2011-10-15,3.838,0.957,2.777125,2.8810000000000002,2.786583333333333
2011-10-16,3.767,0.992,2.801833333333333,2.775,2.777125
2011-10-17,3.763,1.128,2.849833333333333,2.635,2.801833333333333
2011-10-18,3.787,1.343,2.9913333333333334,2.444,2.849833333333333
2011-10-19,3.757,1.527,3.003375,2.2300000000000004,2.9913333333333334
2011-10-20,3.778,1.653,2.9777916666666666,2.125,3.003375
2011-10-21,3.871,1.779,3.0236250000000005,2.092,2.9777916666666666
2011-10-22,4.034,1.896,3.0698333333333334,2.138,3.0236250000000005
2011-10-23,4.078,1.872,3.0281249999999997,2.2060000000000004,3.0698333333333334
2011-10-24,4.205,1.84,3.030041666666667,2.365,3.0281249999999997
2011-10-25,4.269,1.821,3.0669166666666663,2.4480000000000004,3.030041666666667
2011-10-26,4.324,1.3,3.052583333333333,3.024,3.0669166666666663
2011-10-27,4.351,0.905,3.0199583333333333,3.4459999999999997,3.052583333333333
2011-10-28,4.309,0.518,2.983833333333333,3.7910000000000004,3.0199583333333333
2011-10-29,4.38,0.54,3.0865833333333335,3.84,2.983833333333333
2011-10-30,4.293,0.772,3.1452500000000003,3.521,3.0865833333333335
2011-10-31,4.124,1.012,3.11275,3.1119999999999997,3.1452500000000003
2011-11-01,4.004,1.219,3.0714166666666665,2.7849999999999993,3.11275
2011-11-02,3.959,1.514,3.063125,2.4450000000000003,3.0714166666666665
2011-11-03,3.977,1.848,3.0910833333333336,2.1289999999999996,3.063125
2011-11-04,4.027,2.11,3.1005833333333332,1.9170000000000003,3.0910833333333336
2011-11-05,3.879,2.128,2.9773333333333336,1.751,3.1005833333333332
2011-11-06,3.863,2.084,2.98425,1.779,2.9773333333333336
2011-11-07,3.898,1.898,2.9276666666666666,2.0,2.98425
2011-11-08,3.799,1.696,2.8969166666666664,2.1029999999999998,2.9276666666666666
2011-11-09,3.838,1.353,2.892666666666667,2.4850000000000003,2.8969166666666664
2011-11-10,4.113,1.358,3.1363333333333334,2.7550000000000003,2.892666666666667
2011-11-11,4.193,1.433,3.18975,2.76,3.1363333333333334
2011-11-12,4.082,1.168,3.0879583333333334,2.9139999999999997,3.18975
2011-11-13,4.088,1.064,3.09275,3.024,3.0879583333333334
2011-11-14,4.062,1.174,3.1149166666666663,2.8880000000000003,3.09275
2011-11-15,3.956,1.132,3.0655,2.824,3.1149166666666663
2011-11-16,3.966,1.302,3.049875,2.664,3.0655
2011-11-17,3.888,1.414,3.010125,2.474,3.049875
2011-11-18,3.967,1.704,3.060708333333333,2.263,3.010125
2011-11-19,4.008,1.981,3.0659166666666664,2.027,3.060708333333333
2011-11-20,4.064,2.242,3.092833333333333,1.822,3.0659166666666664
2011-11-21,4.098,1.99,3.0855,2.1079999999999997,3.092833333333333
2011-11-22,4.159,1.581,3.1075,2.578,3.0855
2011-11-23,4.241,1.541,3.1994166666666666,2.6999999999999997,3.1075
2011-11-24,4.461,1.212,3.2855833333333333,3.2490000000000006,3.1994166666666666
2011-11-25,4.409,0.885,3.1895000000000002,3.524,3.2855833333333333
2011-11-26,4.384,0.555,3.094416666666667,3.829,3.1895000000000002
2011-11-27,4.375,0.521,3.0855,3.854,3.094416666666667
2011-11-28,4.264,0.701,3.065583333333333,3.563,3.0855
2011-11-29,4.033,0.81,2.9829166666666667,3.2230000000000003,3.065583333333333
2011-11-30,3.949,0.997,2.9338333333333337,2.952,2.9829166666666667
2011-12-01,3.934,1.345,2.938875,2.5890000000000004,2.9338333333333337
2011-12-02,3.957,1.756,3.015875,2.2009999999999996,2.938875
2011-12-03,3.89,2.327,3.0831666666666666,1.5630000000000002,3.015875
2011-12-04,3.855,2.346,3.045125,1.509,3.0831666666666666
2011-12-05,3.814,1.946,3.004875,1.868,3.045125
2011-12-06,3.869,1.816,3.0345,2.053,3.004875
2011-12-07,3.925,1.734,3.0656250000000003,2.191,3.0345
2011-12-08,3.96,1.532,3.0784583333333333,2.428,3.0656250000000003
2011-12-09,4.118,1.267,3.1115,2.8510000000000004,3.0784583333333333
2011-12-10,4.22,1.211,3.2079583333333335,3.0089999999999995,3.1115
2011-12-11,4.251,1.115,3.2468333333333335,3.136,3.2079583333333335
2011-12-12,4.242,1.116,3.1786250000000003,3.126,3.2468333333333335
2011-12-13,4.135,0.966,3.1051249999999997,3.1689999999999996,3.1786250000000003
2011-12-14,4.121,1.042,3.1065833333333335,3.0790000000000006,3.1051249999999997
2011-12-15,4.129,1.218,3.0893333333333337,2.9109999999999996,3.1065833333333335
2011-12-16,4.12,1.314,3.0529166666666665,2.806,3.0893333333333337
2011-12-17,4.14,1.887,3.1547083333333332,2.2529999999999997,3.0529166666666665
2011-12-18,4.123,2.037,3.092916666666667,2.0860000000000003,3.1547083333333332
2011-12-19,4.142,2.278,3.1747083333333332,1.8640000000000003,3.092916666666667
2011-12-20,4.121,1.744,3.1279583333333334,2.3770000000000007,3.1747083333333332
2011-12-21,4.101,1.396,3.1166250000000004,2.705,3.1279583333333334
2011-12-22,4.242,1.256,3.1794583333333333,2.9859999999999998,3.1166250000000004
2011-12-23,4.329,1.023,3.2027916666666667,3.306,3.1794583333333333
2011-12-24,4.498,0.838,3.2606249999999997,3.66,3.2027916666666667
2011-12-25,4.394,0.761,3.20325,3.633,3.2606249999999997
2011-12-26,4.348,0.691,3.112666666666667,3.657,3.20325
2011-12-27,4.217,0.691,3.0364583333333335,3.526,3.112666666666667
2011-12-28,4.095,0.914,2.9858333333333333,3.1809999999999996,3.0364583333333335
2011-12-29,4.114,1.293,3.044958333333333,2.8209999999999997,2.9858333333333333
2011-12-30,4.014,1.572,3.0269583333333334,2.442,3.044958333333333
2011-12-31,3.921,1.927,2.982666666666667,1.9939999999999998,3.0269583333333334
2012-01-01,3.827,2.311,2.9895416666666663,1.516,2.982666666666667
2012-01-02,3.828,2.367,3.03525,1.4609999999999999,2.9895416666666663
2012-01-03,3.712,2.03,3.0040416666666663,1.6820000000000004,3.03525
2012-01-04,3.72,1.673,2.971,2.047,3.0040416666666663
2012-01-05,3.82,1.55,3.01425,2.2699999999999996,2.971
2012-01-06,3.86,1.448,3.0061250000000004,2.412,3.01425
2012-01-07,3.968,1.259,3.091583333333333,2.709,3.0061250000000004
2012-01-08,4.126,1.185,3.1214999999999997,2.9410000000000003,3.091583333333333
2012-01-09,4.167,1.147,3.1203749999999997,3.0199999999999996,3.1214999999999997
2012-01-10,4.157,0.919,3.0794166666666665,3.238,3.1203749999999997
2012-01-11,4.254,0.936,3.089916666666667,3.3179999999999996,3.0794166666666665
2012-01-12,4.124,1.031,3.0216666666666665,3.093,3.089916666666667
2012-01-13,4.079,1.132,2.959208333333333,2.947,3.0216666666666665
2012-01-14,4.075,1.433,2.9509166666666666,2.6420000000000003,2.959208333333333
2012-01-15,4.053,1.658,2.891125,2.395,2.9509166666666666
2012-01-16,3.986,1.899,2.845625,2.087,2.891125
2012-01-17,3.949,1.597,2.8649166666666663,2.352,2.845625
2012-01-18,3.855,1.285,2.889291666666667,2.5700000000000003,2.8649166666666663
2012-01-19,3.803,1.002,2.88725,2.801,2.889291666666667
2012-01-20,3.84,1.008,2.8926250000000002,2.832,2.88725
2012-01-21,3.955,0.798,2.9286250000000003,3.157,2.8926250000000002
2012-01-22,4.067,0.668,2.939583333333333,3.399,2.9286250000000003
2012-01-23,4.156,0.581,2.9410833333333333,3.5749999999999997,2.939583333333333
2012-01-24,4.133,0.752,2.9711250000000002,3.3810000000000002,2.9410833333333333
2012-01-25,4.136,0.907,3.0196666666666663,3.229,2.9711250000000002
2012-01-26,4.172,1.268,3.0773333333333333,2.904,3.0196666666666663
2012-01-27,4.077,1.5,3.0074166666666664,2.577,3.0773333333333333
2012-01-28,4.02,1.706,2.9397916666666664,2.3139999999999996,3.0074166666666664
2012-01-29,3.948,2.094,2.9768333333333334,1.854,2.9397916666666664
2012-01-30,3.944,2.345,3.01225,1.5989999999999998,2.9768333333333334
2012-01-31,3.773,2.253,2.9939999999999998,1.52,3.01225
2012-02-01,3.76,2.064,3.0194166666666664,1.6959999999999997,2.9939999999999998
2012-02-02,3.701,1.849,3.0207083333333333,1.852,3.0194166666666664
2012-02-03,3.695,1.518,3.0100833333333337,2.1769999999999996,3.0207083333333333
2012-02-04,3.71,1.411,2.997,2.299,3.0100833333333337
2012-02-05,3.756,1.281,2.9602083333333336,2.4749999999999996,2.997
2012-02-06,3.882,1.09,2.9295833333333334,2.792,2.9602083333333336
2012-02-07,3.987,0.928,2.8898333333333333,3.059,2.9295833333333334
2012-02-08,4.09,0.701,2.8630416666666663,3.389,2.8898333333333333
2012-02-09,4.207,0.812,2.89625,3.3949999999999996,2.8630416666666663
2012-02-10,4.155,0.961,2.8550416666666667,3.1940000000000004,2.89625
2012-02-11,4.192,1.262,2.9192916666666666,2.93,2.8550416666666667
2012-02-12,4.239,1.712,2.9535,2.527,2.9192916666666666
2012-02-13,4.156,1.667,2.9036666666666666,2.489,2.9535
2012-02-14,3.995,1.568,2.861333333333333,2.427,2.9036666666666666
2012-02-15,3.87,1.47,2.8853333333333335,2.4000000000000004,2.861333333333333
2012-02-16,3.755,1.361,2.9284166666666667,2.394,2.8853333333333335
2012-02-17,3.741,1.275,3.0089166666666665,2.466,2.9284166666666667
2012-02-18,3.909,1.338,3.0739583333333336,2.5709999999999997,3.0089166666666665
2012-02-19,3.972,1.213,3.1010000000000004,2.759,3.0739583333333336
2012-02-20,4.073,1.18,3.113125,2.8930000000000007,3.1010000000000004
2012-02-21,4.13,1.155,3.0432916666666667,2.9749999999999996,3.113125
2012-02-22,4.151,1.136,2.9900416666666665,3.0149999999999997,3.0432916666666667
2012-02-23,4.113,1.241,2.923625,2.8720000000000003,2.9900416666666665
2012-02-24,4.001,1.292,2.826833333333333,2.7090000000000005,2.923625
2012-02-25,3.935,1.521,2.7788333333333335,2.414,2.826833333333333
2012-02-26,3.95,1.774,2.8009583333333334,2.176,2.7788333333333335
2012-02-27,3.832,1.793,2.8369583333333335,2.0389999999999997,2.8009583333333334
2012-02-28,3.809,1.818,2.8794166666666663,1.991,2.8369583333333335
2012-02-29,3.784,1.964,2.9538333333333333,1.8199999999999998,2.8794166666666663
2012-03-01,3.701,1.998,3.0018333333333334,1.703,2.9538333333333333
2012-03-02,3.596,1.881,3.0117083333333334,1.715,3.0018333333333334
2012-03-03,3.595,1.754,3.0215833333333335,1.8410000000000002,3.0117083333333334
2012-03-04,3.608,1.503,2.9497916666666666,2.1050000000000004,3.0215833333333335
2012-03-05,3.731,1.426,2.9440833333333334,2.3049999999999997,2.9497916666666666
2012-03-06,3.841,1.279,2.9615833333333335,2.5620000000000003,2.9440833333333334
2012-03-07,4.074,1.113,2.9324999999999997,2.961,2.9615833333333335
2012-03-08,4.148,1.111,2.8796250000000003,3.037,2.9324999999999997
2012-03-09,4.283,1.056,2.8063333333333333,3.2270000000000003,2.8796250000000003
2012-03-10,4.257,1.298,2.8417083333333335,2.9589999999999996,2.8063333333333333
2012-03-11,4.353,1.335,2.9335833333333334,3.018,2.8417083333333335
2012-03-12,4.314,1.412,3.002625,2.902,2.9335833333333334
2012-03-13,4.272,1.536,3.065875,2.736,3.002625
2012-03-14,4.164,1.558,3.0857083333333333,2.606,3.065875
2012-03-15,3.911,1.564,3.044583333333333,2.347,3.0857083333333333
2012-03-16,3.694,1.541,3.031916666666667,2.153,3.044583333333333
2012-03-17,3.757,1.474,3.000875,2.2830000000000004,3.031916666666667
2012-03-18,3.748,1.474,2.9437916666666664,2.274,3.000875
2012-03-19,3.806,1.426,2.903833333333333,2.38,2.9437916666666664
2012-03-20,3.792,1.363,2.8359166666666664,2.429,2.903833333333333
2012-03-21,3.889,1.352,2.8356666666666666,2.537,2.8359166666666664
2012-03-22,3.941,1.428,2.7910833333333334,2.513,2.8356666666666666
2012-03-23,3.967,1.575,2.794,2.3920000000000003,2.7910833333333334
2012-03-24,4.116,1.571,2.8846666666666665,2.545,2.794
2012-03-25,4.153,1.671,3.025625,2.4819999999999993,2.8846666666666665
2012-03-26,4.128,1.59,3.0645000000000002,2.5380000000000003,3.025625
2012-03-27,4.006,1.61,3.018166666666667,2.396,3.0645000000000002
2012-03-28,3.951,1.642,3.00525,2.309,3.018166666666667
2012-03-29,3.812,1.697,2.9905833333333334,2.1149999999999998,3.00525
2012-03-30,3.68,1.777,2.9603750000000004,1.9030000000000002,2.9905833333333334
2012-03-31,3.501,3.08,3.3686999999999996,0.4209999999999998,2.9603750000000004
2012-04-01,3.33,1.776,2.4795000000000003,1.554,3.3686999999999996
2012-04-02,3.632,1.682,2.896125,1.9500000000000002,2.4795000000000003
2012-04-03,3.699,1.527,2.8833749999999996,2.1719999999999997,2.896125
2012-04-04,3.886,1.529,2.90225,2.357,2.8833749999999996
2012-04-05,4.005,1.519,2.871166666666667,2.4859999999999998,2.90225
2012-04-06,4.167,1.27,2.7844583333333333,2.897,2.871166666666667
2012-04-07,4.239,0.917,2.73875,3.322,2.7844583333333333
2012-04-08,4.325,0.681,2.770125,3.644,2.73875
2012-04-09,4.221,0.56,2.7836250000000002,3.661,2.770125
2012-04-10,4.158,0.57,2.7682083333333334,3.5880000000000005,2.7836250000000002
2012-04-11,4.011,0.72,2.7769166666666667,3.2910000000000004,2.7682083333333334
2012-04-12,3.787,0.986,2.8057916666666665,2.801,2.7769166666666667
2012-04-13,3.655,1.245,2.810708333333333,2.4099999999999997,2.8057916666666665
2012-04-14,3.599,1.414,2.812416666666667,2.1850000000000005,2.810708333333333
2012-04-15,3.631,1.507,2.797458333333333,2.1239999999999997,2.812416666666667
2012-04-16,3.702,1.576,2.7927916666666666,2.126,2.797458333333333
2012-04-17,3.757,1.684,2.7852916666666663,2.0730000000000004,2.7927916666666666
2012-04-18,3.726,1.697,2.7485,2.029,2.7852916666666663
2012-04-19,3.782,1.508,2.720833333333333,2.274,2.7485
2012-04-20,3.825,1.288,2.700333333333333,2.537,2.720833333333333
2012-04-21,3.8,0.993,2.67625,2.807,2.700333333333333
2012-04-22,3.86,0.904,2.6908333333333334,2.956,2.67625
2012-04-23,3.814,0.852,2.6828749999999997,2.962,2.6908333333333334
2012-04-24,3.742,0.841,2.6916666666666664,2.901,2.6828749999999997
2012-04-25,3.641,0.748,2.6144583333333333,2.893,2.6916666666666664
2012-04-26,3.557,0.849,2.596791666666667,2.708,2.6144583333333333
2012-04-27,3.468,1.044,2.627625,2.424,2.596791666666667
2012-04-28,3.471,1.279,2.666333333333333,2.192,2.627625
2012-04-29,3.441,1.43,2.68975,2.011,2.666333333333333
2012-04-30,3.483,1.687,2.7358333333333333,1.796,2.68975
2012-05-01,3.621,1.664,2.7684166666666665,1.957,2.7358333333333333
2012-05-02,3.705,1.668,2.7445416666666667,2.037,2.7684166666666665
2012-05-03,3.754,1.587,2.682541666666667,2.167,2.7445416666666667
2012-05-04,3.842,1.026,2.64025,2.816,2.682541666666667
2012-05-05,3.955,0.575,2.6106666666666665,3.38,2.64025
2012-05-06,4.034,0.304,2.5989583333333335,3.73,2.6106666666666665
2012-05-07,4.037,-0.016,2.5547916666666666,4.053,2.5989583333333335
2012-05-08,3.987,0.057,2.586,3.93,2.5547916666666666
2012-05-09,3.843,0.18,2.5972500000000003,3.663,2.586
2012-05-10,3.798,0.417,2.61825,3.3810000000000002,2.5972500000000003
2012-05-11,3.71,0.704,2.6561666666666666,3.0060000000000002,2.61825
2012-05-12,3.607,1.114,2.6612916666666666,2.4930000000000003,2.6561666666666666
2012-05-13,3.581,1.545,2.6802499999999996,2.036,2.6612916666666666
2012-05-14,3.627,1.793,2.6917916666666666,1.8339999999999999,2.6802499999999996
2012-05-15,3.711,2.002,2.6913750000000003,1.709,2.6917916666666666
2012-05-16,3.619,1.794,2.731833333333333,1.8250000000000002,2.6913750000000003
2012-05-17,3.726,1.36,2.6916666666666664,2.3659999999999997,2.731833333333333
2012-05-18,3.629,1.203,2.7120833333333336,2.426,2.6916666666666664
2012-05-19,3.699,0.96,2.6621666666666663,2.739,2.7120833333333336
2012-05-20,3.723,0.812,2.657375,2.9109999999999996,2.6621666666666663
2012-05-21,3.729,0.621,2.627125,3.108,2.657375
2012-05-22,3.709,0.615,2.6115416666666667,3.0940000000000003,2.627125
2012-05-23,3.701,0.627,2.6254583333333334,3.074,2.6115416666666667
2012-05-24,3.771,0.772,2.6493333333333333,2.9989999999999997,2.6254583333333334
2012-05-25,3.697,0.811,2.673458333333333,2.886,2.6493333333333333
2012-05-26,3.698,0.992,2.7363750000000002,2.706,2.673458333333333
2012-05-27,3.694,1.231,2.7285416666666666,2.463,2.7363750000000002
2012-05-28,3.512,1.471,2.731375,2.041,2.7285416666666666
2012-05-29,3.639,1.725,2.7424166666666667,1.9139999999999997,2.731375
2012-05-30,3.722,1.98,2.7719583333333335,1.742,2.7424166666666667
2012-05-31,3.774,1.778,2.7928333333333337,1.996,2.7719583333333335
2012-06-01,3.894,1.346,2.8140416666666668,2.548,2.7928333333333337
2012-06-02,3.952,0.833,2.7975833333333333,3.1189999999999998,2.8140416666666668
2012-06-03,3.95,0.483,2.722208333333333,3.467,2.7975833333333333
2012-06-04,3.999,0.17,2.66275,3.829,2.722208333333333
2012-06-05,4.068,0.067,2.693375,4.0009999999999994,2.66275
2012-06-06,4.09,0.013,2.7047916666666665,4.077,2.693375
2012-06-07,4.098,0.304,2.730375,3.794,2.7047916666666665
2012-06-08,3.778,0.579,2.6777083333333334,3.199,2.730375
2012-06-09,3.881,0.805,2.687625,3.0759999999999996,2.6777083333333334
2012-06-10,3.683,1.141,2.646125,2.542,2.687625
2012-06-11,3.661,1.626,2.6138333333333335,2.035,2.646125
2012-06-12,3.59,1.873,2.5774583333333334,1.7169999999999999,2.6138333333333335
2012-06-13,3.436,1.842,2.597208333333333,1.5939999999999999,2.5774583333333334
2012-06-14,3.363,1.493,2.5475,1.8699999999999999,2.597208333333333
2012-06-15,3.346,1.191,2.5112916666666667,2.1550000000000002,2.5475
2012-06-16,3.341,1.022,2.513,2.319,2.5112916666666667
2012-06-17,3.458,0.778,2.517208333333333,2.68,2.513
2012-06-18,3.511,0.628,2.5215,2.883,2.517208333333333
2012-06-19,3.563,0.477,2.4752083333333332,3.0860000000000003,2.5215
2012-06-20,3.533,0.399,2.4480833333333334,3.134,2.4752083333333332
2012-06-21,3.641,0.375,2.4892499999999997,3.266,2.4480833333333334
2012-06-22,3.66,0.536,2.55475,3.124,2.4892499999999997
2012-06-23,3.628,0.632,2.5500833333333333,2.996,2.55475
2012-06-24,3.545,0.738,2.5204583333333335,2.807,2.5500833333333333
2012-06-25,3.568,1.021,2.52575,2.547,2.5204583333333335
2012-06-26,3.595,1.342,2.5207916666666668,2.253,2.52575
2012-06-27,3.556,1.7,2.525958333333333,1.856,2.5207916666666668
2012-06-28,3.56,1.61,2.5604583333333335,1.95,2.525958333333333
2012-06-29,3.551,1.225,2.583833333333333,2.326,2.5604583333333335
2012-06-30,3.609,0.959,2.5770833333333334,2.65,2.583833333333333
2012-07-01,3.689,0.538,2.603291666666667,3.151,2.5770833333333334
2012-07-02,3.89,0.179,2.6022083333333335,3.7110000000000003,2.603291666666667
2012-07-03,3.963,0.06,2.6214583333333334,3.903,2.6022083333333335
2012-07-04,3.993,0.167,2.6545833333333335,3.826,2.6214583333333334
2012-07-05,3.973,0.201,2.655875,3.772,2.6545833333333335
2012-07-06,3.89,0.313,2.6170833333333334,3.577,2.655875
2012-07-07,3.857,0.63,2.649,3.2270000000000003,2.6170833333333334
2012-07-08,3.78,1.043,2.6733333333333333,2.737,2.649
2012-07-09,3.85,1.472,2.688333333333333,2.378,2.6733333333333333
2012-07-10,3.767,1.783,2.7095416666666665,1.984,2.688333333333333
2012-07-11,3.793,1.986,2.717916666666667,1.8070000000000002,2.7095416666666665
2012-07-12,3.632,1.78,2.7066250000000003,1.852,2.717916666666667
2012-07-13,3.523,1.563,2.6659166666666665,1.9600000000000002,2.7066250000000003
2012-07-14,3.421,1.32,2.631875,2.101,2.6659166666666665
2012-07-15,3.377,1.122,2.6203333333333334,2.255,2.631875
2012-07-16,3.464,0.894,2.612416666666667,2.57,2.6203333333333334
2012-07-17,3.605,0.718,2.594625,2.887,2.612416666666667
2012-07-18,3.577,0.496,2.54625,3.081,2.594625
2012-07-19,3.723,0.607,2.5839166666666666,3.1159999999999997,2.54625
2012-07-20,3.736,0.488,2.5981666666666667,3.248,2.5839166666666666
2012-07-21,3.825,0.609,2.611125,3.216,2.5981666666666667
2012-07-22,3.834,0.602,2.5807083333333334,3.232,2.611125
2012-07-23,3.85,0.939,2.5948333333333333,2.911,2.5807083333333334
2012-07-24,3.807,1.275,2.6317083333333335,2.532,2.5948333333333333
2012-07-25,3.778,1.787,2.6445000000000003,1.991,2.6317083333333335
2012-07-26,3.818,1.606,2.715375,2.2119999999999997,2.6445000000000003
2012-07-27,3.745,1.341,2.6805416666666666,2.404,2.715375
2012-07-28,3.618,1.068,2.627291666666667,2.55,2.6805416666666666
2012-07-29,3.557,0.825,2.612,2.732,2.627291666666667
2012-07-30,3.688,0.484,2.585375,3.204,2.612
2012-07-31,3.821,0.32,2.595125,3.5010000000000003,2.585375
2012-08-01,3.84,0.232,2.584125,3.6079999999999997,2.595125
2012-08-02,3.903,0.343,2.5919166666666666,3.56,2.584125
2012-08-03,3.911,0.382,2.6145,3.529,2.5919166666666666
2012-08-04,3.912,0.726,2.6580833333333334,3.186,2.6145
2012-08-05,3.885,0.952,2.662625,2.933,2.6580833333333334
2012-08-06,3.766,1.293,2.63875,2.473,2.662625
2012-08-07,3.632,1.648,2.6134583333333334,1.9840000000000002,2.63875
2012-08-08,3.598,1.713,2.621916666666667,1.8849999999999998,2.6134583333333334
2012-08-09,3.591,1.664,2.658333333333333,1.9270000000000003,2.621916666666667
2012-08-10,3.49,1.586,2.635708333333333,1.9040000000000001,2.658333333333333
2012-08-11,3.328,1.484,2.6041666666666665,1.8439999999999999,2.635708333333333
2012-08-12,3.277,1.425,2.5941666666666667,1.852,2.6041666666666665
2012-08-13,3.306,1.133,2.5610416666666667,2.173,2.5941666666666667
2012-08-14,3.445,1.037,2.58025,2.408,2.5610416666666667
2012-08-15,3.577,0.902,2.6125833333333333,2.675,2.58025
2012-08-16,3.708,0.688,2.597125,3.0200000000000005,2.6125833333333333
2012-08-17,3.733,0.583,2.5981666666666667,3.1500000000000004,2.597125
2012-08-18,3.862,0.739,2.654333333333333,3.123,2.5981666666666667
2012-08-19,3.925,0.87,2.6482916666666667,3.0549999999999997,2.654333333333333
2012-08-20,4.004,1.007,2.674541666666667,2.997,2.6482916666666667
2012-08-21,3.994,1.216,2.6609166666666666,2.7780000000000005,2.674541666666667
2012-08-22,4.017,1.331,2.6664583333333334,2.6860000000000004,2.6609166666666666
2012-08-23,3.918,1.281,2.7095833333333332,2.6370000000000005,2.6664583333333334
2012-08-24,3.85,1.201,2.719958333333333,2.649,2.7095833333333332
2012-08-25,3.708,1.033,2.649,2.6750000000000003,2.719958333333333
2012-08-26,3.449,0.924,2.6362083333333333,2.525,2.649
2012-08-27,3.623,0.939,2.671208333333333,2.684,2.6362083333333333
2012-08-28,3.693,0.743,2.6226249999999998,2.95,2.671208333333333
2012-08-29,3.8,0.706,2.6419166666666665,3.094,2.6226249999999998
2012-08-30,3.862,0.733,2.6911666666666663,3.129,2.6419166666666665
2012-08-31,3.891,0.711,2.682625,3.18,2.6911666666666663
2012-09-01,3.933,0.941,2.70525,2.992,2.682625
2012-09-02,3.931,1.007,2.6915416666666663,2.9240000000000004,2.70525
2012-09-03,3.931,1.42,2.7222500000000003,2.511,2.6915416666666663
2012-09-04,3.972,1.458,2.7328333333333332,2.5140000000000002,2.7222500000000003
2012-09-05,3.771,1.443,2.7572916666666667,2.328,2.7328333333333332
2012-09-06,3.691,1.489,2.7879166666666664,2.202,2.7572916666666667
2012-09-07,3.593,1.489,2.7557500000000004,2.104,2.7879166666666664
2012-09-08,3.568,1.554,2.764041666666667,2.0140000000000002,2.7557500000000004
2012-09-09,3.398,1.611,2.748208333333333,1.7870000000000001,2.764041666666667
2012-09-10,3.323,1.581,2.7525833333333334,1.742,2.748208333333333
2012-09-11,3.522,1.595,2.755333333333333,1.9269999999999998,2.7525833333333334
2012-09-12,3.583,1.305,2.6820416666666667,2.2780000000000005,2.755333333333333
2012-09-13,3.698,1.098,2.6784166666666667,2.5999999999999996,2.6820416666666667
2012-09-14,3.887,1.104,2.747125,2.783,2.6784166666666667
2012-09-15,4.083,1.193,2.828791666666667,2.89,2.747125
2012-09-16,4.081,1.163,2.8326666666666664,2.918,2.828791666666667
2012-09-17,4.193,1.458,2.8675416666666664,2.7349999999999994,2.8326666666666664
2012-09-18,4.263,1.269,2.906833333333333,2.9939999999999998,2.8675416666666664
2012-09-19,4.179,1.096,2.8827916666666664,3.083,2.906833333333333
2012-09-20,4.086,1.005,2.8384583333333335,3.0810000000000004,2.8827916666666664
2012-09-21,3.912,0.87,2.822041666666667,3.042,2.8384583333333335
2012-09-22,3.757,0.961,2.750833333333333,2.7960000000000003,2.822041666666667
2012-09-23,3.674,1.131,2.767916666666667,2.543,2.750833333333333
2012-09-24,3.699,1.169,2.782625,2.53,2.767916666666667
2012-09-25,3.785,1.316,2.813041666666667,2.4690000000000003,2.782625
2012-09-26,3.851,1.341,2.8193333333333332,2.51,2.813041666666667
2012-09-27,3.896,1.174,2.760375,2.722,2.8193333333333332
2012-09-28,4.002,1.265,2.7716250000000002,2.737,2.760375
2012-09-29,4.164,1.655,2.9450000000000003,2.5089999999999995,2.7716250000000002
2012-09-30,4.178,1.754,3.003625,2.424,2.9450000000000003
2012-10-01,4.149,1.584,2.9633333333333334,2.565,3.003625
2012-10-02,4.145,1.373,2.971833333333333,2.7719999999999994,2.9633333333333334
2012-10-03,4.118,1.347,2.981125,2.7710000000000004,2.971833333333333
2012-10-04,3.938,1.292,2.964166666666667,2.646,2.981125
2012-10-05,3.877,1.373,2.9515,2.5039999999999996,2.964166666666667
2012-10-06,3.799,1.456,2.9099583333333334,2.343,2.9515
2012-10-07,3.662,1.57,2.9430416666666663,2.0919999999999996,2.9099583333333334
2012-10-08,3.635,1.78,2.9865833333333334,1.8549999999999998,2.9430416666666663
2012-10-09,3.744,1.907,3.0395000000000003,1.8370000000000002,2.9865833333333334
2012-10-10,3.862,1.979,3.046291666666667,1.883,3.0395000000000003
2012-10-11,4.009,1.96,3.09475,2.0490000000000004,3.046291666666667
2012-10-12,4.158,1.891,3.0854583333333334,2.2670000000000003,3.09475
2012-10-13,4.188,1.815,3.0886666666666667,2.3729999999999998,3.0854583333333334
2012-10-14,4.306,1.877,3.091416666666667,2.4290000000000003,3.0886666666666667
2012-10-15,4.349,1.531,3.090875,2.8180000000000005,3.091416666666667
2012-10-16,4.411,1.069,3.0615,3.3419999999999996,3.090875
2012-10-17,4.472,0.868,3.0730416666666667,3.6040000000000005,3.0615
2012-10-18,4.35,0.698,3.0427083333333336,3.6519999999999997,3.0730416666666667
2012-10-19,4.171,0.671,2.9957499999999997,3.5,3.0427083333333336
2012-10-20,4.004,0.834,2.953708333333333,3.1699999999999995,2.9957499999999997
2012-10-21,3.969,1.104,3.000208333333333,2.8649999999999998,2.953708333333333
2012-10-22,3.884,1.428,3.0219166666666664,2.456,3.000208333333333
2012-10-23,3.907,1.671,3.0113333333333334,2.2359999999999998,3.0219166666666664
2012-10-24,4.004,1.836,3.0276666666666667,2.1679999999999993,3.0113333333333334
2012-10-25,4.081,2.012,3.0700833333333333,2.0690000000000004,3.0276666666666667
2012-10-26,4.115,2.096,3.048583333333333,2.019,3.0700833333333333
2012-10-27,4.054,1.975,3.025,2.079,3.048583333333333
2012-10-28,4.023,1.632,2.9890000000000003,2.391,3.025
2012-10-29,4.081,1.41,3.03375,2.6710000000000003,2.9890000000000003
2012-10-30,4.108,1.239,3.035458333333333,2.8689999999999998,3.03375
2012-10-31,4.037,1.086,2.9658333333333338,2.9509999999999996,3.035458333333333
2012-11-01,4.032,1.011,2.981833333333333,3.021,2.9658333333333338
2012-11-02,4.016,1.085,3.0004166666666667,2.931,2.981833333333333
2012-11-03,3.903,1.15,3.001958333333333,2.753,3.0004166666666667
2012-11-04,3.926,1.346,3.0416666666666665,2.58,3.001958333333333
2012-11-05,3.847,1.496,3.0524583333333335,2.351,3.0416666666666665
2012-11-06,3.784,1.696,3.044708333333333,2.088,3.0524583333333335
2012-11-07,3.818,1.89,3.044791666666667,1.9280000000000002,3.044708333333333
2012-11-08,3.894,2.115,3.0535833333333335,1.779,3.044791666666667
2012-11-09,3.99,2.272,3.0816250000000003,1.7180000000000004,3.0535833333333335
2012-11-10,4.082,2.063,3.0843333333333334,2.0189999999999997,3.0816250000000003
2012-11-11,4.198,1.745,3.110791666666667,2.4530000000000003,3.0843333333333334
2012-11-12,4.289,1.535,3.11125,2.7539999999999996,3.110791666666667
2012-11-13,4.297,1.064,3.108833333333333,3.2329999999999997,3.11125
2012-11-14,4.408,0.782,3.0941666666666667,3.6260000000000003,3.108833333333333
2012-11-15,4.351,0.496,3.0408333333333335,3.855,3.0941666666666667
2012-11-16,4.282,0.341,3.0005,3.941,3.0408333333333335
2012-11-17,4.187,0.457,2.942083333333333,3.7300000000000004,3.0005
2012-11-18,4.133,0.73,2.971166666666667,3.403,2.942083333333333
2012-11-19,4.187,1.189,3.0671666666666666,2.998,2.971166666666667
2012-11-20,4.086,1.562,3.048458333333333,2.524,3.0671666666666666
2012-11-21,4.004,1.812,2.9925833333333336,2.1919999999999993,3.048458333333333
2012-11-22,4.006,2.197,3.0192916666666663,1.8090000000000002,2.9925833333333336
2012-11-23,3.952,1.961,2.9930416666666666,1.9909999999999999,3.0192916666666663
2012-11-24,3.898,1.782,2.9909583333333334,2.116,2.9930416666666666
2012-11-25,3.854,1.636,2.9482083333333335,2.218,2.9909583333333334
2012-11-26,3.851,1.388,2.919625,2.463,2.9482083333333335
2012-11-27,3.911,1.151,2.9687916666666667,2.76,2.919625
2012-11-28,3.983,1.147,2.9817916666666666,2.8360000000000003,2.9687916666666667
2012-11-29,3.951,1.006,2.965583333333333,2.9450000000000003,2.9817916666666666
2012-11-30,3.965,0.985,2.966791666666667,2.98,2.965583333333333
2012-12-01,3.989,1.03,2.997875,2.9589999999999996,2.966791666666667
2012-12-02,3.886,1.068,2.9459166666666667,2.818,2.997875
2012-12-03,3.904,1.114,2.95425,2.79,2.9459166666666667
2012-12-04,3.882,1.341,2.9596250000000004,2.5410000000000004,2.95425
2012-12-05,3.909,1.546,2.971,2.3629999999999995,2.9596250000000004
2012-12-06,3.98,1.85,3.0336250000000002,2.13,2.971
2012-12-07,4.064,2.186,3.110625,1.8780000000000001,3.0336250000000002
2012-12-08,4.083,2.289,3.1265416666666668,1.794,3.110625
2012-12-09,4.155,1.85,3.1465833333333335,2.305,3.1265416666666668
2012-12-10,4.237,1.508,3.2110416666666666,2.729,3.1465833333333335
2012-12-11,4.348,1.398,3.211375,2.95,3.2110416666666666
2012-12-12,4.413,1.021,3.19525,3.3920000000000003,3.211375
2012-12-13,4.473,0.739,3.172,3.734,3.19525
2012-12-14,4.462,0.467,3.0792916666666668,3.9949999999999997,3.172
2012-12-15,4.391,0.375,3.029083333333334,4.016,3.0792916666666668
2012-12-16,4.259,0.516,2.987083333333333,3.7430000000000003,3.029083333333334
2012-12-17,4.132,0.757,2.9558750000000003,3.3749999999999996,2.987083333333333
2012-12-18,4.112,1.044,2.9320416666666667,3.068,2.9558750000000003
2012-12-19,4.082,1.558,2.997125,2.524,2.9320416666666667
2012-12-20,3.886,1.958,2.9868333333333332,1.9280000000000002,2.997125
2012-12-21,3.872,2.423,3.030333333333333,1.4489999999999998,2.9868333333333332
2012-12-22,3.9,2.193,3.123208333333333,1.7069999999999999,3.030333333333333
2012-12-23,3.947,2.087,3.2179583333333333,1.8599999999999999,3.123208333333333
2012-12-24,4.04,1.914,3.2794166666666666,2.1260000000000003,3.2179583333333333
2012-12-25,4.017,1.8,3.2005416666666666,2.2170000000000005,3.2794166666666666
2012-12-26,4.07,1.559,3.168625,2.511,3.2005416666666666
2012-12-27,4.157,1.277,3.1682916666666667,2.88,3.168625
2012-12-28,4.174,1.188,3.1514166666666665,2.9860000000000007,3.1682916666666667
2012-12-29,4.102,1.066,3.075875,3.0360000000000005,3.1514166666666665
2012-12-30,4.188,1.044,3.095083333333333,3.1439999999999997,3.075875
2012-12-31,4.186,1.286,3.1968333333333336,2.9,3.095083333333333
2013-01-01,4.068,1.416,3.1363333333333334,2.6519999999999997,3.1968333333333336
2013-01-02,4.016,1.504,3.0464583333333333,2.512,3.1363333333333334
2013-01-03,3.988,1.583,3.000125,2.4050000000000002,3.0464583333333333
2013-01-04,3.994,1.894,3.015416666666667,2.1000000000000005,3.000125
2013-01-05,3.941,2.249,2.985208333333333,1.6919999999999997,3.015416666666667
2013-01-06,4.053,2.055,3.0643333333333334,1.9979999999999998,2.985208333333333
2013-01-07,3.968,1.648,3.080375,2.3200000000000003,3.0643333333333334
2013-01-08,4.054,1.277,3.072416666666667,2.777,3.080375
2013-01-09,4.125,1.236,3.1132916666666666,2.8890000000000002,3.072416666666667
2013-01-10,4.333,0.964,3.1625833333333335,3.369,3.1132916666666666
2013-01-11,4.346,0.761,3.1480416666666664,3.585,3.1625833333333335
2013-01-12,4.377,0.553,3.06025,3.824,3.1480416666666664
2013-01-13,4.403,0.565,3.03375,3.8379999999999996,3.06025
2013-01-14,4.291,0.758,3.042125,3.5330000000000004,3.03375
2013-01-15,4.196,0.999,2.986708333333333,3.1969999999999996,3.042125
2013-01-16,4.112,1.26,2.9290833333333333,2.8520000000000003,2.986708333333333
2013-01-17,4.094,1.601,2.9819999999999998,2.4930000000000003,2.9290833333333333
2013-01-18,4.117,2.293,3.124916666666667,1.8239999999999998,2.9819999999999998
2013-01-19,3.96,2.334,3.0801250000000002,1.626,3.124916666666667
2013-01-20,3.771,2.088,2.9916666666666667,1.6829999999999998,3.0801250000000002
2013-01-21,3.733,1.925,3.0206250000000003,1.808,2.9916666666666667
2013-01-22,3.708,1.764,3.033583333333333,1.9440000000000002,3.0206250000000003
2013-01-23,3.763,1.562,3.0231250000000003,2.2009999999999996,3.033583333333333
2013-01-24,3.825,1.415,2.9784166666666665,2.41,3.0231250000000003
2013-01-25,3.915,1.185,2.9764583333333334,2.73,2.9784166666666665
2013-01-26,3.942,1.06,2.940375,2.882,2.9764583333333334
2013-01-27,4.026,0.965,2.9647916666666667,3.061,2.940375
2013-01-28,4.045,1.026,2.948541666666667,3.019,2.9647916666666667
2013-01-29,4.027,1.031,2.907958333333333,2.9960000000000004,2.948541666666667
2013-01-30,4.053,1.203,2.920125,2.8499999999999996,2.907958333333333
2013-01-31,4.027,1.359,2.8964583333333334,2.668,2.920125
2013-02-01,4.123,1.631,2.9183749999999997,2.492,2.8964583333333334
2013-02-02,4.046,1.931,2.895958333333333,2.115,2.9183749999999997
2013-02-03,3.992,1.868,2.9336249999999997,2.1239999999999997,2.895958333333333
2013-02-04,3.876,1.663,2.9002499999999998,2.213,2.9336249999999997
2013-02-05,3.817,1.378,2.92025,2.439,2.9002499999999998
2013-02-06,3.821,1.075,2.9266666666666663,2.7460000000000004,2.92025
2013-02-07,3.835,1.034,2.924041666666667,2.801,2.9266666666666663
2013-02-08,3.962,0.828,2.919375,3.1340000000000003,2.924041666666667
2013-02-09,4.153,0.63,2.9310833333333335,3.5229999999999997,2.919375
2013-02-10,4.225,0.782,2.9953333333333334,3.4429999999999996,2.9310833333333335
2013-02-11,4.298,0.889,2.9930000000000003,3.409,2.9953333333333334
2013-02-12,4.24,1.167,3.036208333333333,3.0730000000000004,2.9930000000000003
2013-02-13,4.265,1.464,3.042125,2.8009999999999997,3.036208333333333
2013-02-14,4.095,1.697,2.9679583333333333,2.3979999999999997,3.042125
2013-02-15,4.074,2.016,2.9596250000000004,2.058,2.9679583333333333
2013-02-16,4.065,2.138,3.0632083333333333,1.9270000000000005,2.9596250000000004
2013-02-17,3.885,2.061,3.028916666666667,1.8239999999999998,3.0632083333333333
2013-02-18,3.694,1.929,2.9538333333333333,1.765,3.028916666666667
2013-02-19,3.613,1.932,2.985291666666667,1.681,2.9538333333333333
2013-02-20,3.661,1.812,3.0380416666666665,1.849,2.985291666666667
2013-02-21,3.738,1.767,3.095916666666667,1.971,3.0380416666666665
2013-02-22,3.773,1.726,3.0852500000000003,2.047,3.095916666666667
2013-02-23,4.01,1.63,3.1829583333333336,2.38,3.0852500000000003
2013-02-24,4.012,1.583,3.1760416666666664,2.4289999999999994,3.1829583333333336
2013-02-25,4.118,1.475,3.111875,2.6430000000000002,3.1760416666666664
2013-02-26,4.239,1.421,3.049,2.8179999999999996,3.111875
2013-02-27,4.196,1.39,2.971041666666667,2.806,3.049
2013-02-28,4.152,1.479,2.912333333333333,2.673,2.971041666666667
2013-03-01,4.095,1.519,2.8124583333333333,2.5759999999999996,2.912333333333333
2013-03-02,4.052,1.323,2.7708333333333335,2.7289999999999996,2.8124583333333333
2013-03-03,4.057,1.462,2.8313333333333333,2.5950000000000006,2.7708333333333335
2013-03-04,3.972,1.593,2.9410416666666666,2.379,2.8313333333333333
2013-03-05,3.956,1.682,3.074125,2.274,2.9410416666666666
2013-03-06,3.536,2.746,3.1815,0.79,3.074125
2013-03-08,3.865,1.48,3.2565263157894737,2.3850000000000002,3.1815
2013-03-09,3.977,1.413,3.028541666666667,2.564,3.2565263157894737
2013-03-10,4.023,1.142,2.9120833333333334,2.881,3.028541666666667
2013-03-11,4.074,1.07,2.8365416666666667,3.0039999999999996,2.9120833333333334
2013-03-12,4.044,1.106,2.7733749999999997,2.9379999999999997,2.8365416666666667
2013-03-13,4.015,1.226,2.6895000000000002,2.7889999999999997,2.7733749999999997
2013-03-14,4.006,1.371,2.734833333333333,2.6350000000000002,2.6895000000000002
2013-03-15,4.022,1.467,2.8043333333333336,2.555,2.734833333333333
2013-03-16,3.915,1.39,2.8040833333333333,2.5250000000000004,2.8043333333333336
2013-03-17,3.81,1.447,2.8005,2.363,2.8040833333333333
2013-03-18,3.688,1.537,2.8179583333333333,2.1510000000000002,2.8005
2013-03-19,3.55,1.623,2.8335833333333333,1.9269999999999998,2.8179583333333333
2013-03-20,3.327,1.7,2.7899166666666666,1.627,2.8335833333333333
2013-03-21,3.324,1.727,2.823625,1.5969999999999998,2.7899166666666666
2013-03-22,3.478,1.639,2.8285416666666667,1.8390000000000002,2.823625
2013-03-23,3.671,1.575,2.846416666666667,2.096,2.8285416666666667
2013-03-24,3.712,1.517,2.8422916666666667,2.1950000000000003,2.846416666666667
2013-03-25,3.858,1.474,2.8550416666666667,2.3840000000000003,2.8422916666666667
2013-03-26,3.945,1.379,2.8229583333333337,2.566,2.8550416666666667
2013-03-27,4.038,1.393,2.749708333333333,2.6450000000000005,2.8229583333333337
2013-03-28,4.18,1.176,2.7304583333333334,3.0039999999999996,2.749708333333333
2013-03-29,4.198,0.981,2.7550416666666666,3.2170000000000005,2.7304583333333334
2013-03-30,4.118,0.859,2.7954166666666667,3.2590000000000003,2.7550416666666666
2013-03-31,4.087,0.885,2.798583333333333,3.202,2.7954166666666667
2013-04-01,4.002,0.977,2.8171666666666666,3.025,2.798583333333333
2013-04-02,3.913,1.201,2.875375,2.7119999999999997,2.8171666666666666
2013-04-03,3.736,1.39,2.9215,2.346,2.875375
2013-04-04,3.706,1.423,2.9145833333333333,2.283,2.9215
2013-04-05,3.734,1.434,2.887916666666667,2.3,2.9145833333333333
2013-04-06,3.815,1.444,2.888583333333333,2.371,2.887916666666667
2013-04-07,3.925,1.442,2.956208333333333,2.4829999999999997,2.888583333333333
2013-04-08,4.011,1.706,2.983458333333333,2.305,2.956208333333333
2013-04-09,4.071,1.675,2.909708333333333,2.396,2.983458333333333
2013-04-10,4.113,1.482,2.9465833333333333,2.6310000000000002,2.909708333333333
2013-04-11,4.154,1.451,3.0065833333333334,2.703,2.9465833333333333
2013-04-12,4.146,1.286,2.9716666666666662,2.86,3.0065833333333334
2013-04-13,4.05,1.29,2.9754166666666664,2.76,2.9716666666666662
2013-04-14,4.023,1.41,2.973125,2.6129999999999995,2.9754166666666664
2013-04-15,3.903,1.388,2.9787916666666665,2.515,2.973125
2013-04-16,3.705,1.475,2.9002499999999998,2.23,2.9787916666666665
2013-04-17,3.573,1.424,2.8354583333333334,2.149,2.9002499999999998
2013-04-18,3.415,1.645,2.8037916666666667,1.77,2.8354583333333334
2013-04-19,3.467,1.801,2.831375,1.6660000000000001,2.8037916666666667
2013-04-20,3.552,1.829,2.812375,1.723,2.831375
2013-04-21,3.654,1.759,2.8166666666666664,1.895,2.812375
2013-04-22,3.771,1.933,2.8658333333333332,1.8379999999999999,2.8166666666666664
2013-04-23,3.816,1.836,2.83975,1.9799999999999998,2.8658333333333332
2013-04-24,3.989,1.414,2.8791666666666664,2.575,2.83975
2013-04-25,4.241,1.054,2.8638333333333335,3.1869999999999994,2.8791666666666664
2013-04-26,4.222,0.663,2.827541666666667,3.559,2.8638333333333335
2013-04-27,4.207,0.467,2.7750416666666666,3.7399999999999998,2.827541666666667
2013-04-28,4.131,0.447,2.789875,3.684,2.7750416666666666
2013-04-29,4.034,0.505,2.7713750000000004,3.529,2.789875
2013-04-30,3.986,0.765,2.7875,3.221,2.7713750000000004
2013-05-01,3.915,0.948,2.8224583333333335,2.967,2.7875
2013-05-02,3.819,1.287,2.845875,2.532,2.8224583333333335
2013-05-03,3.854,1.466,2.876791666666667,2.388,2.845875
2013-05-04,3.909,1.779,2.9004999999999996,2.13,2.876791666666667
2013-05-05,3.981,2.097,2.9705,1.884,2.9004999999999996
2013-05-06,4.04,1.978,3.019083333333333,2.0620000000000003,2.9705
2013-05-07,4.072,1.641,2.9755000000000003,2.431,3.019083333333333
2013-05-08,4.017,1.287,2.9160416666666666,2.7300000000000004,2.9755000000000003
2013-05-09,3.948,1.056,2.8377916666666665,2.892,2.9160416666666666
2013-05-10,3.96,0.879,2.7842083333333334,3.081,2.8377916666666665
2013-05-11,3.85,0.728,2.766083333333333,3.122,2.7842083333333334
2013-05-12,3.842,0.685,2.7285416666666666,3.157,2.766083333333333
2013-05-13,3.736,0.782,2.722583333333333,2.954,2.7285416666666666
2013-05-14,3.71,0.995,2.750583333333333,2.715,2.722583333333333
2013-05-15,3.695,0.994,2.704916666666667,2.7009999999999996,2.750583333333333
2013-05-16,3.651,1.214,2.7384166666666663,2.437,2.704916666666667
2013-05-17,3.597,1.442,2.7082916666666663,2.1550000000000002,2.7384166666666663
2013-05-18,3.579,1.643,2.7067916666666663,1.9360000000000002,2.7082916666666663
2013-05-19,3.553,1.87,2.7089583333333334,1.6829999999999998,2.7067916666666663
2013-05-20,3.621,2.043,2.701791666666667,1.5779999999999998,2.7089583333333334
2013-05-21,3.646,1.774,2.7278749999999996,1.8719999999999999,2.701791666666667
2013-05-22,3.759,1.26,2.701833333333333,2.4989999999999997,2.7278749999999996
2013-05-23,3.802,0.881,2.673208333333333,2.9210000000000003,2.701833333333333
2013-05-24,3.95,0.448,2.65725,3.5020000000000002,2.673208333333333
2013-05-25,4.024,0.16,2.63125,3.864,2.65725
2013-05-26,4.009,0.076,2.619625,3.9330000000000003,2.63125
2013-05-27,4.006,0.087,2.6283333333333334,3.919,2.619625
2013-05-28,3.972,0.205,2.631375,3.767,2.6283333333333334
2013-05-29,3.878,0.524,2.689125,3.354,2.631375
2013-05-30,3.824,0.769,2.714625,3.0549999999999997,2.689125
2013-05-31,3.822,1.129,2.7362083333333334,2.693,2.714625
2013-06-01,3.831,1.629,2.7929583333333334,2.202,2.7362083333333334
2013-06-02,3.831,2.077,2.8208333333333333,1.754,2.7929583333333334
2013-06-03,3.827,1.868,2.830666666666667,1.9589999999999999,2.8208333333333333
2013-06-04,3.723,1.521,2.7924166666666665,2.202,2.830666666666667
2013-06-05,3.726,1.275,2.781875,2.451,2.7924166666666665
2013-06-06,3.678,0.974,2.7452083333333337,2.7039999999999997,2.781875
2013-06-07,3.757,0.86,2.7279166666666668,2.8970000000000002,2.7452083333333337
2013-06-08,3.748,0.753,2.7267916666666667,2.995,2.7279166666666668
2013-06-09,3.747,0.729,2.6689166666666666,3.018,2.7267916666666667
2013-06-10,3.691,0.588,2.653,3.1029999999999998,2.6689166666666666
2013-06-11,3.709,0.667,2.6359166666666667,3.042,2.653
2013-06-12,3.759,0.909,2.6568333333333336,2.8499999999999996,2.6359166666666667
2013-06-13,3.577,0.963,2.646625,2.614,2.6568333333333336
2013-06-14,3.488,1.166,2.6631666666666667,2.322,2.646625
2013-06-15,3.647,1.446,2.68925,2.2009999999999996,2.6631666666666667
2013-06-16,3.666,1.738,2.7368333333333332,1.928,2.68925
2013-06-17,3.699,2.061,2.764666666666667,1.638,2.7368333333333332
2013-06-18,3.748,1.958,2.770583333333333,1.7900000000000003,2.764666666666667
2013-06-19,3.786,1.51,2.7367500000000002,2.276,2.770583333333333
2013-06-20,3.762,1.017,2.670541666666667,2.745,2.7367500000000002
2013-06-21,3.741,0.637,2.605166666666667,3.104,2.670541666666667
2013-06-22,3.893,0.26,2.62425,3.633,2.605166666666667
2013-06-23,3.923,0.048,2.578125,3.875,2.62425
2013-06-24,3.962,-0.114,2.575833333333333,4.0760000000000005,2.578125
2013-06-25,3.984,0.015,2.5835833333333333,3.969,2.575833333333333
2013-06-26,3.907,0.161,2.588375,3.746,2.5835833333333333
2013-06-27,3.839,0.468,2.6049166666666665,3.371,2.588375
2013-06-28,3.845,0.803,2.6015833333333336,3.0420000000000003,2.6049166666666665
2013-06-29,3.827,1.322,2.619333333333333,2.505,2.6015833333333336
2013-06-30,3.676,1.77,2.6232083333333334,1.9060000000000001,2.619333333333333
2013-07-01,3.661,1.882,2.6851249999999998,1.7790000000000001,2.6232083333333334
2013-07-02,3.598,1.59,2.6959583333333335,2.008,2.6851249999999998
2013-07-03,3.561,1.422,2.701458333333333,2.1390000000000002,2.6959583333333335
2013-07-04,3.535,1.254,2.7172083333333332,2.281,2.701458333333333
2013-07-05,3.535,0.988,2.701416666666667,2.547,2.7172083333333332
2013-07-06,3.574,0.859,2.6783333333333332,2.715,2.701416666666667
2013-07-07,3.665,0.695,2.6443333333333334,2.97,2.6783333333333332
2013-07-08,3.743,0.627,2.661625,3.1159999999999997,2.6443333333333334
2013-07-09,3.744,0.572,2.637,3.172,2.661625
2013-07-10,3.763,0.647,2.66425,3.1159999999999997,2.637
2013-07-11,3.724,0.766,2.6559583333333334,2.958,2.66425
2013-07-12,3.76,0.972,2.67475,2.788,2.6559583333333334
2013-07-13,3.763,1.273,2.7237916666666666,2.49,2.67475
2013-07-14,3.764,1.56,2.705458333333333,2.2039999999999997,2.7237916666666666
2013-07-15,3.754,1.574,2.6240416666666664,2.1799999999999997,2.705458333333333
2013-07-16,3.614,1.805,2.5704583333333333,1.809,2.6240416666666664
2013-07-17,3.605,1.537,2.6366666666666667,2.068,2.5704583333333333
2013-07-18,3.634,1.351,2.6890416666666668,2.283,2.6366666666666667
2013-07-19,3.576,0.572,2.5422083333333334,3.004,2.6890416666666668
2013-07-20,3.66,0.438,2.5744166666666666,3.222,2.5422083333333334
2013-07-21,3.911,0.211,2.640625,3.7,2.5744166666666666
2013-07-22,4.031,-0.008,2.660458333333333,4.039,2.640625
2013-07-23,4.106,-0.008,2.6659583333333337,4.114,2.660458333333333
2013-07-24,4.185,0.163,2.641083333333333,4.021999999999999,2.6659583333333337
2013-07-25,4.014,0.394,2.644375,3.62,2.641083333333333
2013-07-26,3.97,0.799,2.628791666666667,3.1710000000000003,2.644375
2013-07-27,3.872,1.134,2.6494166666666668,2.738,2.628791666666667
2013-07-28,3.841,1.67,2.651708333333333,2.1710000000000003,2.6494166666666668
2013-07-29,3.726,1.653,2.6365416666666666,2.073,2.651708333333333
2013-07-30,3.597,1.629,2.672875,1.968,2.6365416666666666
2013-07-31,3.491,1.584,2.688083333333333,1.907,2.672875
2013-08-01,3.476,1.64,2.6560833333333336,1.836,2.688083333333333
2013-08-02,3.427,1.338,2.6319166666666667,2.089,2.6560833333333336
2013-08-03,3.487,1.15,2.6310416666666665,2.337,2.6319166666666667
2013-08-04,3.621,1.049,2.6865,2.572,2.6310416666666665
2013-08-05,3.667,0.965,2.6916666666666664,2.702,2.6865
2013-08-06,3.691,0.628,2.6492916666666666,3.0629999999999997,2.6916666666666664
2013-08-07,3.806,0.797,2.68575,3.009,2.6492916666666666
2013-08-08,3.852,0.84,2.7122499999999996,3.012,2.68575
2013-08-09,3.886,0.797,2.6587916666666667,3.089,2.7122499999999996
2013-08-10,3.959,1.035,2.6725,2.9240000000000004,2.6587916666666667
2013-08-11,3.911,1.146,2.6703333333333332,2.765,2.6725
2013-08-12,3.848,1.671,2.6875416666666667,2.1769999999999996,2.6703333333333332
2013-08-13,3.827,1.577,2.672833333333333,2.25,2.6875416666666667
2013-08-14,3.776,1.48,2.6956249999999997,2.296,2.672833333333333
2013-08-15,3.67,1.33,2.686875,2.34,2.6956249999999997
2013-08-16,3.534,1.063,2.643708333333333,2.471,2.686875
2013-08-17,3.499,0.823,2.615416666666667,2.676,2.643708333333333
2013-08-18,3.641,0.536,2.543875,3.105,2.615416666666667
2013-08-19,3.737,0.378,2.5150833333333336,3.359,2.543875
2013-08-20,3.883,0.251,2.5388333333333333,3.632,2.5150833333333336
2013-08-21,3.893,0.342,2.5746249999999997,3.5509999999999997,2.5388333333333333
2013-08-22,3.97,0.429,2.57875,3.5410000000000004,2.5746249999999997
2013-08-23,3.978,0.765,2.580208333333333,3.213,2.57875
2013-08-24,3.936,1.075,2.582375,2.8609999999999998,2.580208333333333
2013-08-25,3.799,1.431,2.5955,2.368,2.582375
2013-08-26,3.718,1.364,2.6294999999999997,2.354,2.5955
2013-08-27,3.615,1.469,2.6445416666666666,2.146,2.6294999999999997
2013-08-28,3.581,1.488,2.652458333333333,2.093,2.6445416666666666
2013-08-29,3.431,1.395,2.6338333333333335,2.036,2.652458333333333
2013-08-30,3.306,1.443,2.6549166666666664,1.863,2.6338333333333335
2013-08-31,3.38,1.391,2.6636666666666664,1.9889999999999999,2.6549166666666664
2013-09-01,3.506,1.321,2.6837916666666666,2.1849999999999996,2.6636666666666664
2013-09-02,3.592,1.162,2.6794166666666666,2.43,2.6837916666666666
2013-09-03,3.71,1.08,2.70825,2.63,2.6794166666666666
2013-09-04,3.793,0.984,2.682166666666667,2.809,2.70825
2013-09-05,3.844,1.044,2.7074583333333333,2.8,2.682166666666667
2013-09-06,3.934,1.214,2.7116666666666664,2.72,2.7074583333333333
2013-09-07,4.002,1.32,2.747708333333333,2.6819999999999995,2.7116666666666664
2013-09-08,4.02,1.537,2.7944999999999998,2.4829999999999997,2.747708333333333
2013-09-09,4.032,1.361,2.814666666666667,2.6710000000000003,2.7944999999999998
2013-09-10,3.926,1.282,2.818208333333333,2.644,2.814666666666667
2013-09-11,3.907,1.226,2.8171250000000003,2.681,2.818208333333333
2013-09-12,3.834,1.247,2.782375,2.5869999999999997,2.8171250000000003
2013-09-13,3.689,1.129,2.7450833333333335,2.56,2.782375
2013-09-14,3.54,1.018,2.673958333333333,2.5220000000000002,2.7450833333333335
2013-09-15,3.69,0.969,2.670125,2.721,2.673958333333333
2013-09-16,3.787,0.861,2.6778333333333335,2.926,2.670125
2013-09-17,3.928,0.781,2.6901666666666664,3.147,2.6778333333333335
2013-09-18,3.99,0.847,2.6823333333333337,3.1430000000000002,2.6901666666666664
2013-09-19,4.148,0.95,2.7749583333333336,3.1979999999999995,2.6823333333333337
2013-09-20,4.188,1.45,2.860333333333333,2.7379999999999995,2.7749583333333336
2013-09-21,4.148,1.396,2.8174166666666665,2.752,2.860333333333333
2013-09-22,4.002,1.266,2.7801666666666667,2.7359999999999998,2.8174166666666665
2013-09-23,3.931,0.93,2.7421666666666664,3.001,2.7801666666666667
2013-09-24,3.732,1.062,2.736875,2.67,2.7421666666666664
2013-09-25,3.564,1.216,2.7274166666666666,2.348,2.736875
2013-09-26,3.456,1.37,2.7823333333333333,2.086,2.7274166666666666
2013-09-27,3.412,1.531,2.7845833333333334,1.881,2.7823333333333333
2013-09-28,3.455,1.647,2.810458333333333,1.808,2.7845833333333334
2013-09-29,3.522,1.805,2.8987083333333334,1.7169999999999999,2.810458333333333
2013-09-30,3.781,1.888,2.9001249999999996,1.8930000000000002,2.8987083333333334
2013-10-01,3.951,1.779,3.0035833333333333,2.172,2.9001249999999996
2013-10-02,3.988,1.708,2.9699166666666668,2.2800000000000002,3.0035833333333333
2013-10-03,3.986,1.63,2.900541666666667,2.3560000000000003,2.9699166666666668
2013-10-04,4.064,1.732,2.906625,2.332,2.900541666666667
2013-10-05,4.244,1.583,2.938833333333333,2.6609999999999996,2.906625
2013-10-06,4.24,1.275,2.9284583333333334,2.9650000000000003,2.938833333333333
2013-10-07,4.309,1.056,2.9401666666666664,3.253,2.9284583333333334
2013-10-08,4.255,0.982,2.936583333333333,3.2729999999999997,2.9401666666666664
2013-10-09,4.085,0.857,2.910458333333333,3.2279999999999998,2.936583333333333
2013-10-10,3.98,0.93,2.940041666666667,3.05,2.910458333333333
2013-10-11,3.978,1.118,2.9737500000000003,2.8600000000000003,2.940041666666667
2013-10-12,3.909,1.303,2.95675,2.606,2.9737500000000003
2013-10-13,3.905,1.458,2.93575,2.447,2.95675
2013-10-14,3.887,1.542,2.904541666666667,2.3449999999999998,2.93575
2013-10-15,4.071,1.571,2.9565,2.5,2.904541666666667
2013-10-16,4.259,1.747,3.0664166666666666,2.5120000000000005,2.9565
2013-10-17,4.299,1.89,3.0890833333333334,2.4090000000000007,3.0664166666666666
2013-10-18,4.352,1.637,3.11075,2.7150000000000003,3.0890833333333334
2013-10-19,4.369,1.393,3.1849166666666666,2.976,3.11075
2013-10-20,4.426,1.373,3.2368333333333332,3.053,3.1849166666666666
2013-10-21,4.283,1.173,3.1573333333333333,3.1100000000000003,3.2368333333333332
2013-10-22,4.164,1.188,3.10725,2.976,3.1573333333333333
2013-10-23,4.098,1.256,3.120416666666667,2.8419999999999996,3.10725
2013-10-24,3.949,1.431,3.0862916666666664,2.518,3.120416666666667
2013-10-25,3.903,1.55,3.1112083333333334,2.3529999999999998,3.0862916666666664
2013-10-26,3.826,1.768,3.1108333333333333,2.058,3.1112083333333334
2013-10-27,3.847,2.065,3.109458333333333,1.782,3.1108333333333333
2013-10-28,3.905,2.196,3.1054999999999997,1.7089999999999996,3.109458333333333
2013-10-29,3.965,2.308,3.1346249999999998,1.657,3.1054999999999997
2013-10-30,4.083,2.396,3.1745,1.6870000000000003,3.1346249999999998
2013-10-31,4.116,2.318,3.1821249999999996,1.7979999999999996,3.1745
2013-11-01,4.208,2.093,3.154125,2.115,3.1821249999999996
2013-11-02,4.191,1.635,3.1030416666666665,2.556,3.154125
2013-11-03,4.276,1.252,3.1014999999999997,3.024,3.1030416666666665
2013-11-04,4.328,0.949,3.124041666666667,3.3790000000000004,3.1014999999999997
2013-11-05,4.389,0.851,3.1323333333333334,3.5380000000000003,3.124041666666667
2013-11-06,4.344,0.679,3.1029166666666668,3.665,3.1323333333333334
2013-11-07,4.226,0.705,3.0541249999999995,3.521,3.1029166666666668
2013-11-08,4.173,1.001,3.0935,3.172,3.0541249999999995
2013-11-09,4.053,1.22,3.033958333333333,2.833,3.0935
2013-11-10,3.913,1.349,2.922833333333333,2.564,3.033958333333333
2013-11-11,4.037,1.662,2.9797083333333334,2.375,2.922833333333333
2013-11-12,4.148,1.995,3.077458333333333,2.1529999999999996,2.9797083333333334
2013-11-13,4.118,2.011,3.067,2.107,3.077458333333333
2013-11-14,4.145,1.838,3.0670416666666664,2.3069999999999995,3.067
2013-11-15,4.151,1.623,3.03825,2.5279999999999996,3.0670416666666664
2013-11-16,4.086,1.374,3.0561666666666665,2.712,3.03825
2013-11-17,4.143,1.138,3.0746249999999997,3.005,3.0561666666666665
2013-11-18,4.185,1.096,3.123083333333333,3.0889999999999995,3.0746249999999997
2013-11-19,4.157,1.203,3.13575,2.9539999999999997,3.123083333333333
2013-11-20,4.097,1.198,3.0912916666666668,2.8990000000000005,3.13575
2013-11-21,4.008,1.209,3.0639583333333333,2.799,3.0912916666666668
2013-11-22,3.969,1.224,3.031833333333333,2.745,3.0639583333333333
2013-11-23,3.897,1.442,2.9936666666666665,2.455,3.031833333333333
2013-11-24,3.848,1.547,2.967333333333333,2.301,2.9936666666666665
2013-11-25,3.868,1.824,3.0052083333333335,2.0439999999999996,2.967333333333333
2013-11-26,3.861,2.08,3.0103333333333335,1.7810000000000001,3.0052083333333335
2013-11-27,3.831,2.271,2.987083333333333,1.56,3.0103333333333335
2013-11-28,3.92,2.255,2.999833333333333,1.665,2.987083333333333
2013-11-29,4.081,1.996,3.1755,2.0850000000000004,2.999833333333333
2013-11-30,4.15,1.765,3.2347083333333333,2.3850000000000007,3.1755
2013-12-01,4.309,1.578,3.251708333333333,2.731,3.2347083333333333
2013-12-02,4.447,1.201,3.294708333333334,3.246,3.251708333333333
2013-12-03,4.428,0.906,3.1944583333333334,3.522,3.294708333333334
2013-12-04,4.434,0.623,3.1333333333333333,3.811,3.1944583333333334
2013-12-05,4.409,0.545,3.1033333333333335,3.864,3.1333333333333333
2013-12-06,4.304,0.705,3.083,3.599,3.1033333333333335
2013-12-07,4.117,0.859,2.9654166666666666,3.258,3.083
2013-12-08,4.056,1.076,2.9425833333333333,2.98,2.9654166666666666
2013-12-09,4.018,1.354,2.905041666666667,2.6639999999999997,2.9425833333333333
2013-12-10,4.015,1.906,2.9927083333333333,2.109,2.905041666666667
2013-12-11,3.994,2.096,2.9763750000000004,1.8980000000000001,2.9927083333333333
2013-12-12,4.001,1.755,3.0029166666666662,2.2460000000000004,2.9763750000000004
2013-12-13,3.947,1.606,3.0128333333333335,2.341,3.0029166666666662
2013-12-14,3.971,1.527,3.028,2.444,3.0128333333333335
2013-12-15,4.024,1.381,3.0379583333333335,2.643,3.028
2013-12-16,4.078,1.093,3.033208333333333,2.9850000000000003,3.0379583333333335
2013-12-17,4.108,1.099,3.0912916666666668,3.0089999999999995,3.033208333333333
2013-12-18,4.158,1.097,3.1444166666666664,3.0610000000000004,3.0912916666666668
2013-12-19,4.137,1.177,3.158166666666667,2.9599999999999995,3.1444166666666664
2013-12-20,4.035,1.294,3.1212916666666666,2.741,3.158166666666667
2013-12-21,3.953,1.206,3.0210416666666666,2.747,3.1212916666666666
2013-12-22,3.978,1.466,3.0852500000000003,2.5120000000000005,3.0210416666666666
2013-12-23,4.015,1.654,3.0694166666666667,2.3609999999999998,3.0852500000000003
2013-12-24,3.963,1.881,3.080208333333333,2.082,3.0694166666666667
2013-12-25,3.987,2.124,3.110125,1.863,3.080208333333333
2013-12-26,3.963,2.436,3.0744583333333337,1.5270000000000001,3.110125
2013-12-27,4.018,2.228,3.1594166666666665,1.7899999999999996,3.0744583333333337
2013-12-28,4.103,1.833,3.19725,2.2699999999999996,3.1594166666666665
2013-12-29,4.125,1.46,3.1605416666666666,2.665,3.19725
2013-12-30,4.153,1.317,3.0982083333333335,2.8359999999999994,3.1605416666666666
2013-12-31,4.299,1.014,3.142583333333333,3.285,3.0982083333333335
2014-01-01,4.373,0.786,3.1220416666666666,3.587,3.142583333333333
2014-01-02,4.36,0.522,3.0069166666666667,3.838,3.1220416666666666
2014-01-03,4.255,0.248,2.857083333333333,4.007,3.0069166666666667
2014-01-04,4.17,0.422,2.8630833333333334,3.7479999999999998,2.857083333333333
2014-01-05,4.201,0.812,2.9205,3.3889999999999993,2.8630833333333334
2014-01-06,4.074,1.125,2.8558749999999997,2.949,2.9205
2014-01-07,3.933,1.545,2.78425,2.388,2.8558749999999997
2014-01-08,3.905,1.969,2.8523333333333336,1.9359999999999997,2.78425
2014-01-09,3.984,2.127,3.0379166666666664,1.8570000000000002,2.8523333333333336
2014-01-10,3.856,1.873,3.0422083333333334,1.9829999999999999,3.0379166666666664
2014-01-11,3.705,1.583,2.982208333333333,2.122,3.0422083333333334
2014-01-12,3.847,1.558,3.0077499999999997,2.2889999999999997,2.982208333333333
2014-01-13,4.004,1.429,3.1160416666666664,2.5749999999999993,3.0077499999999997
2014-01-14,4.031,1.405,3.111458333333333,2.6259999999999994,3.1160416666666664
2014-01-15,4.091,1.268,3.1049583333333337,2.8230000000000004,3.111458333333333
2014-01-16,4.014,1.028,2.9736666666666665,2.986,3.1049583333333337
2014-01-17,3.975,1.029,2.9472916666666666,2.946,2.9736666666666665
2014-01-18,4.025,1.173,3.031875,2.8520000000000003,2.9472916666666666
2014-01-19,4.017,1.326,3.0208333333333335,2.6910000000000003,3.031875
2014-01-20,3.932,1.306,2.936166666666667,2.626,3.0208333333333335
2014-01-21,3.981,1.471,2.9505,2.51,2.936166666666667
2014-01-22,4.079,1.798,3.0403749999999996,2.2809999999999997,2.9505
2014-01-23,3.956,2.138,2.968375,1.818,3.0403749999999996
2014-01-24,3.875,2.014,2.8857916666666665,1.8610000000000002,2.968375
2014-01-25,3.814,1.783,2.894458333333333,2.031,2.8857916666666665
2014-01-26,3.82,1.507,2.9404166666666662,2.3129999999999997,2.894458333333333
2014-01-27,3.885,1.22,2.996375,2.665,2.9404166666666662
2014-01-28,3.946,1.125,2.97175,2.821,2.996375
2014-01-29,4.098,0.869,2.9774999999999996,3.229,2.97175
2014-01-30,4.255,0.658,2.9655416666666667,3.597,2.9774999999999996
2014-01-31,4.34,0.504,2.935458333333333,3.836,2.9655416666666667
2014-02-01,4.283,0.512,2.8523750000000003,3.7710000000000004,2.935458333333333
2014-02-02,4.163,0.595,2.7741249999999997,3.5680000000000005,2.8523750000000003
2014-02-03,4.102,0.831,2.7514583333333333,3.2710000000000004,2.7741249999999997
2014-02-04,4.117,1.218,2.7586666666666666,2.899,2.7514583333333333
2014-02-05,4.038,1.726,2.802375,2.3120000000000003,2.7586666666666666
2014-02-06,3.822,1.738,2.7588749999999997,2.084,2.802375
2014-02-07,3.694,1.752,2.8172916666666663,1.942,2.7588749999999997
2014-02-08,3.598,1.746,2.8819166666666667,1.8519999999999999,2.8172916666666663
2014-02-09,3.53,1.515,2.9099166666666663,2.0149999999999997,2.8819166666666667
2014-02-10,3.519,1.475,2.874041666666667,2.044,2.9099166666666663
2014-02-11,3.659,1.437,2.9747083333333335,2.2219999999999995,2.874041666666667
2014-02-12,3.814,1.502,3.047041666666667,2.3120000000000003,2.9747083333333335
2014-02-13,3.906,1.427,3.0500416666666665,2.479,3.047041666666667
2014-02-14,4.003,1.471,3.1170833333333334,2.532,3.0500416666666665
2014-02-15,4.08,1.379,3.096416666666667,2.701,3.1170833333333334
2014-02-16,4.016,1.354,2.954333333333333,2.662,3.096416666666667
2014-02-17,3.916,1.317,2.844625,2.599,2.954333333333333
2014-02-18,3.965,1.386,2.8244166666666666,2.5789999999999997,2.844625
2014-02-19,3.94,1.552,2.8380833333333335,2.388,2.8244166666666666
2014-02-20,4.135,2.118,3.031416666666667,2.017,2.8380833333333335
2014-02-21,4.044,1.917,2.9889166666666664,2.127,3.031416666666667
2014-02-22,3.827,1.851,2.9182083333333337,1.976,2.9889166666666664
2014-02-23,3.794,1.799,2.9743333333333335,1.995,2.9182083333333337
2014-02-24,3.737,1.59,2.9913333333333334,2.1470000000000002,2.9743333333333335
2014-02-25,3.675,1.256,2.9484999999999997,2.4189999999999996,2.9913333333333334
2014-02-26,3.765,1.147,2.944125,2.6180000000000003,2.9484999999999997
2014-02-27,3.942,0.987,2.9309166666666666,2.955,2.944125
2014-02-28,4.108,0.853,2.895375,3.255,2.9309166666666666
2014-03-01,4.19,0.675,2.779291666666667,3.5150000000000006,2.895375
2014-03-02,4.191,0.705,2.7301249999999997,3.4859999999999998,2.779291666666667
2014-03-03,4.102,0.911,2.7147916666666667,3.1910000000000003,2.7301249999999997
2014-03-04,4.03,1.256,2.674291666666667,2.774,2.7147916666666667
2014-03-05,3.919,1.337,2.6921666666666666,2.582,2.674291666666667
2014-03-06,3.914,1.426,2.751666666666667,2.4880000000000004,2.6921666666666666
2014-03-07,3.748,1.557,2.792375,2.1910000000000003,2.751666666666667
2014-03-08,3.534,1.65,2.782166666666667,1.884,2.792375
2014-03-09,3.421,1.81,2.863125,1.6109999999999998,2.782166666666667
2014-03-10,3.431,1.885,2.9651666666666667,1.546,2.863125
2014-03-11,3.604,1.788,2.9766250000000003,1.816,2.9651666666666667
2014-03-12,3.656,1.713,2.936958333333333,1.943,2.9766250000000003
2014-03-13,3.706,1.612,2.9174583333333337,2.094,2.936958333333333
2014-03-14,3.771,1.519,2.9499583333333335,2.252,2.9174583333333337
2014-03-15,3.938,1.591,3.013291666666667,2.3470000000000004,2.9499583333333335
2014-03-16,3.987,1.54,2.9259583333333334,2.447,3.013291666666667
2014-03-17,4.031,1.534,2.9036666666666666,2.497,2.9259583333333334
2014-03-18,4.076,1.623,2.8705,2.4529999999999994,2.9036666666666666
2014-03-19,3.977,1.346,2.7699166666666666,2.631,2.8705
2014-03-20,3.941,1.225,2.7221666666666664,2.7159999999999997,2.7699166666666666
2014-03-21,3.957,1.273,2.7868333333333335,2.684,2.7221666666666664
2014-03-22,3.966,1.404,2.8937916666666665,2.5620000000000003,2.7868333333333335
2014-03-23,3.843,1.532,2.9107083333333335,2.311,2.8937916666666665
2014-03-24,3.815,1.769,3.033958333333333,2.0460000000000003,2.9107083333333335
2014-03-25,3.739,1.668,3.0832083333333333,2.0709999999999997,3.033958333333333
2014-03-26,3.819,1.542,3.060166666666667,2.277,3.0832083333333333
2014-03-27,3.906,1.448,3.0239166666666666,2.458,3.060166666666667
2014-03-28,3.936,1.429,2.9379166666666667,2.5069999999999997,3.0239166666666666
2014-03-29,4.048,1.244,2.8512916666666666,2.8040000000000003,2.9379166666666667
2014-03-30,4.112,1.28,2.812583333333333,2.832,2.8512916666666666
2014-03-31,4.119,1.277,2.749416666666667,2.8419999999999996,2.812583333333333
2014-04-01,4.065,0.965,2.6967499999999998,3.1000000000000005,2.749416666666667
2014-04-02,4.01,0.884,2.6984999999999997,3.126,2.6967499999999998
2014-04-03,3.93,0.979,2.71475,2.951,2.6984999999999997
2014-04-04,3.824,1.105,2.7607916666666665,2.719,2.71475
2014-04-05,3.7,1.297,2.794333333333333,2.4030000000000005,2.7607916666666665
2014-04-06,3.552,1.476,2.795,2.076,2.794333333333333
2014-04-07,3.439,1.631,2.801833333333333,1.808,2.795
2014-04-08,3.377,1.831,2.8154583333333334,1.5459999999999998,2.801833333333333
2014-04-09,3.526,1.914,2.8815000000000004,1.6119999999999999,2.8154583333333334
2014-04-10,3.653,1.906,2.9117083333333333,1.747,2.8815000000000004
2014-04-11,3.768,1.883,2.8869166666666666,1.8849999999999998,2.9117083333333333
2014-04-12,3.776,1.816,2.839541666666667,1.9599999999999997,2.8869166666666666
2014-04-13,3.827,1.751,2.795166666666667,2.076,2.839541666666667
2014-04-14,3.925,1.551,2.8241666666666667,2.3739999999999997,2.795166666666667
2014-04-15,4.01,1.218,2.795,2.792,2.8241666666666667
2014-04-16,4.067,0.935,2.735208333333333,3.132,2.795
2014-04-17,4.027,0.765,2.7149583333333336,3.262,2.735208333333333
2014-04-18,3.997,0.73,2.732875,3.267,2.7149583333333336
2014-04-19,3.908,0.777,2.769166666666667,3.131,2.732875
2014-04-20,3.876,0.901,2.7614583333333336,2.9749999999999996,2.769166666666667
2014-04-21,3.751,1.049,2.765416666666667,2.702,2.7614583333333336
2014-04-22,3.671,1.239,2.7715416666666663,2.4319999999999995,2.765416666666667
2014-04-23,3.67,1.404,2.8059166666666666,2.266,2.7715416666666663
2014-04-24,3.795,1.447,2.83975,2.348,2.8059166666666666
2014-04-25,3.838,1.61,2.8372916666666668,2.2279999999999998,2.83975
2014-04-26,3.934,1.699,2.831875,2.2350000000000003,2.8372916666666668
2014-04-27,4.036,1.443,2.828416666666667,2.5929999999999995,2.831875
2014-04-28,4.047,1.172,2.8190416666666667,2.875,2.828416666666667
2014-04-29,4.054,0.868,2.7825,3.1860000000000004,2.8190416666666667
2014-04-30,4.05,0.753,2.7712083333333335,3.2969999999999997,2.7825
2014-05-01,3.984,0.684,2.7685833333333334,3.3,2.7712083333333335
2014-05-02,3.872,0.74,2.748208333333333,3.1319999999999997,2.7685833333333334
2014-05-03,3.763,0.971,2.7687500000000003,2.792,2.748208333333333
2014-05-04,3.737,1.172,2.8245,2.5650000000000004,2.7687500000000003
2014-05-05,3.754,1.444,2.8781666666666665,2.31,2.8245
2014-05-06,3.679,1.703,2.8745,1.9759999999999998,2.8781666666666665
2014-05-07,3.585,1.849,2.845083333333333,1.736,2.8745
2014-05-08,3.578,2.017,2.847375,1.561,2.845083333333333
2014-05-09,3.694,2.14,2.8717083333333338,1.5539999999999998,2.847375
2014-05-10,3.772,2.142,2.8651250000000004,1.63,2.8717083333333338
2014-05-11,3.757,1.677,2.7730833333333336,2.08,2.8651250000000004
2014-05-12,3.773,1.293,2.6929166666666666,2.4800000000000004,2.7730833333333336
2014-05-13,3.771,1.053,2.663375,2.718,2.6929166666666666
2014-05-14,3.865,0.675,2.6338333333333335,3.1900000000000004,2.663375
2014-05-15,3.959,0.413,2.587833333333333,3.5460000000000003,2.6338333333333335
2014-05-16,3.93,0.254,2.5635833333333333,3.676,2.587833333333333
2014-05-17,3.877,0.215,2.591083333333333,3.662,2.5635833333333333
2014-05-18,3.79,0.383,2.5942083333333334,3.407,2.591083333333333
2014-05-19,3.731,0.531,2.612875,3.1999999999999997,2.5942083333333334
2014-05-20,3.778,0.704,2.6218333333333335,3.074,2.612875
2014-05-21,3.737,1.118,2.6954583333333333,2.6189999999999998,2.6218333333333335
2014-05-22,3.695,1.432,2.704416666666667,2.263,2.6954583333333333
2014-05-23,3.689,1.712,2.6844583333333336,1.977,2.704416666666667
2014-05-24,3.741,1.687,2.699291666666667,2.0540000000000003,2.6844583333333336
2014-05-25,3.829,1.349,2.733833333333333,2.4800000000000004,2.699291666666667
2014-05-26,3.815,1.059,2.732625,2.7560000000000002,2.733833333333333
2014-05-27,3.827,0.798,2.711625,3.029,2.732625
2014-05-28,3.825,0.593,2.674166666666667,3.232,2.711625
2014-05-29,3.864,0.57,2.657,3.294,2.674166666666667
2014-05-30,3.854,0.517,2.656125,3.337,2.657
2014-05-31,3.78,0.567,2.6314583333333332,3.213,2.656125
2014-06-01,3.72,0.709,2.6404166666666664,3.011,2.6314583333333332
2014-06-02,3.648,0.804,2.6217083333333333,2.8440000000000003,2.6404166666666664
2014-06-03,3.604,1.1,2.6669583333333335,2.504,2.6217083333333333
2014-06-04,3.612,1.306,2.6664583333333334,2.306,2.6669583333333335
2014-06-05,3.571,1.655,2.6540833333333333,1.9160000000000001,2.6664583333333334
2014-06-06,3.477,1.96,2.629583333333333,1.517,2.6540833333333333
2014-06-07,3.551,2.163,2.6645,1.3880000000000003,2.629583333333333
2014-06-08,3.572,1.841,2.7059583333333332,1.731,2.6645
2014-06-09,3.613,1.416,2.645,2.197,2.7059583333333332
2014-06-10,3.589,1.005,2.6012916666666666,2.584,2.645
2014-06-11,3.69,0.687,2.59975,3.003,2.6012916666666666
2014-06-12,3.795,0.342,2.5760833333333335,3.453,2.59975
2014-06-13,3.929,0.301,2.5995833333333334,3.6279999999999997,2.5760833333333335
2014-06-14,3.929,0.132,2.5954166666666665,3.7969999999999997,2.5995833333333334
2014-06-15,4.006,0.133,2.6437500000000003,3.873,2.5954166666666665
2014-06-16,3.972,0.296,2.6491666666666664,3.676,2.6437500000000003
2014-06-17,3.87,0.51,2.639416666666667,3.3600000000000003,2.6491666666666664
2014-06-18,3.934,0.869,2.6575833333333336,3.0650000000000004,2.639416666666667
2014-06-19,3.851,1.251,2.6374583333333335,2.6,2.6575833333333336
2014-06-20,3.745,1.588,2.5938333333333334,2.157,2.6374583333333335
2014-06-21,3.656,1.614,2.5650833333333334,2.042,2.5938333333333334
2014-06-22,3.604,1.159,2.5450416666666666,2.4450000000000003,2.5650833333333334
2014-06-23,3.635,1.122,2.542708333333333,2.513,2.5450416666666666
2014-06-24,3.516,0.799,2.5702916666666664,2.717,2.542708333333333
2014-06-25,3.576,0.648,2.580791666666667,2.928,2.5702916666666664
2014-06-26,3.587,0.595,2.556,2.992,2.580791666666667
2014-06-27,3.648,0.404,2.525875,3.244,2.556
2014-06-28,3.63,0.443,2.5065416666666667,3.187,2.525875
2014-06-29,3.725,0.502,2.53125,3.223,2.5065416666666667
2014-06-30,3.63,0.695,2.5669166666666667,2.935,2.53125
2014-07-01,3.605,0.865,2.5348333333333333,2.74,2.5669166666666667
2014-07-02,3.534,0.989,2.5523333333333333,2.545,2.5348333333333333
2014-07-03,3.583,1.255,2.584166666666667,2.3280000000000003,2.5523333333333333
2014-07-04,3.607,1.468,2.593875,2.1390000000000002,2.584166666666667
2014-07-05,3.589,1.757,2.5879583333333334,1.832,2.593875
2014-07-06,3.539,1.88,2.603125,1.6590000000000003,2.5879583333333334
2014-07-07,3.571,1.49,2.6087083333333334,2.0810000000000004,2.603125
2014-07-08,3.545,1.185,2.58575,2.36,2.6087083333333334
2014-07-09,3.382,0.675,2.505333333333333,2.707,2.58575
2014-07-10,3.662,0.623,2.554,3.0389999999999997,2.505333333333333
2014-07-11,3.867,0.299,2.5784166666666666,3.568,2.554
2014-07-12,3.946,0.135,2.603625,3.811,2.5784166666666666
2014-07-13,4.039,0.053,2.595375,3.9859999999999998,2.603625
2014-07-14,4.057,0.001,2.6024583333333333,4.056,2.595375
2014-07-15,3.983,0.342,2.612416666666667,3.641,2.6024583333333333
2014-07-16,3.907,0.544,2.5934583333333334,3.363,2.612416666666667
2014-07-17,3.884,0.949,2.5890416666666667,2.935,2.5934583333333334
2014-07-18,3.869,1.48,2.5410833333333334,2.3890000000000002,2.5890416666666667
2014-07-19,3.705,1.646,2.591416666666667,2.059,2.5410833333333334
2014-07-20,3.695,1.502,2.6442083333333333,2.1929999999999996,2.591416666666667
2014-07-21,3.613,1.356,2.6407916666666664,2.2569999999999997,2.6442083333333333
2014-07-22,3.444,1.016,2.5845,2.428,2.6407916666666664
2014-07-23,3.408,0.845,2.5492916666666665,2.5629999999999997,2.5845
2014-07-24,3.566,0.715,2.5312083333333333,2.851,2.5492916666666665
2014-07-25,3.585,0.676,2.569125,2.909,2.5312083333333333
2014-07-26,3.635,0.689,2.5761249999999998,2.9459999999999997,2.569125
2014-07-27,3.64,0.518,2.5423750000000003,3.122,2.5761249999999998
2014-07-28,3.62,0.635,2.5435416666666666,2.9850000000000003,2.5423750000000003
2014-07-29,3.838,0.744,2.6079583333333334,3.0940000000000003,2.5435416666666666
2014-07-30,3.619,1.127,2.5924583333333335,2.492,2.6079583333333334
2014-07-31,3.736,1.204,2.6227916666666666,2.532,2.5924583333333335
2014-08-01,3.663,1.445,2.612833333333333,2.218,2.6227916666666666
2014-08-02,3.626,1.709,2.604833333333333,1.9169999999999998,2.612833333333333
2014-08-03,3.634,1.829,2.6112083333333334,1.805,2.604833333333333
2014-08-04,3.565,1.725,2.646,1.8399999999999999,2.6112083333333334
2014-08-05,3.516,1.484,2.61,2.032,2.646
2014-08-06,3.409,1.198,2.6275833333333334,2.211,2.61
2014-08-07,3.489,0.902,2.6119166666666667,2.5869999999999997,2.6275833333333334
2014-08-08,3.724,0.507,2.6017916666666667,3.217,2.6119166666666667
2014-08-09,3.841,0.408,2.604416666666667,3.4330000000000003,2.6017916666666667
2014-08-10,4.017,0.205,2.6101666666666667,3.8120000000000003,2.604416666666667
2014-08-11,4.079,0.149,2.6088333333333336,3.9299999999999997,2.6101666666666667
2014-08-12,4.086,0.249,2.6205833333333333,3.837,2.6088333333333336
2014-08-13,4.058,0.571,2.6205416666666665,3.487,2.6205833333333333
2014-08-14,3.996,1.004,2.6179166666666664,2.992,2.6205416666666665
2014-08-15,3.929,1.367,2.622125,2.562,2.6179166666666664
2014-08-16,3.899,1.457,2.6673333333333336,2.442,2.622125
2014-08-17,3.845,1.448,2.7139583333333337,2.3970000000000002,2.6673333333333336
2014-08-18,3.637,1.468,2.6975416666666665,2.169,2.7139583333333337
2014-08-19,3.436,1.325,2.662541666666667,2.1109999999999998,2.6975416666666665
2014-08-20,3.342,1.255,2.6355,2.087,2.662541666666667
2014-08-21,3.507,1.184,2.6521666666666666,2.3230000000000004,2.6355
2014-08-22,3.652,1.066,2.6745416666666664,2.5860000000000003,2.6521666666666666
2014-08-23,3.703,1.007,2.6912916666666664,2.6959999999999997,2.6745416666666664
2014-08-24,3.747,0.989,2.6776666666666666,2.758,2.6912916666666664
2014-08-25,3.759,0.929,2.6778333333333335,2.83,2.6776666666666666
2014-08-26,3.839,1.004,2.648125,2.835,2.6778333333333335
2014-08-27,3.798,1.166,2.6924166666666665,2.632,2.648125
2014-08-28,3.824,1.279,2.67125,2.545,2.6924166666666665
2014-08-29,3.798,1.5,2.6945,2.298,2.67125
2014-08-30,3.781,1.639,2.670166666666667,2.1420000000000003,2.6945
2014-08-31,3.669,1.563,2.7045833333333333,2.106,2.670166666666667
2014-09-01,3.632,1.475,2.7142083333333336,2.157,2.7045833333333333
2014-09-02,3.662,1.474,2.7314166666666666,2.1879999999999997,2.7142083333333336
2014-09-03,3.539,1.36,2.72125,2.1790000000000003,2.7314166666666666
2014-09-04,3.431,1.224,2.705291666666667,2.207,2.72125
2014-09-05,3.782,1.029,2.6995833333333334,2.753,2.705291666666667
2014-09-06,3.741,0.947,2.720666666666667,2.794,2.6995833333333334
2014-09-07,3.955,0.538,2.607791666666667,3.417,2.720666666666667
2014-09-08,4.152,0.557,2.689583333333333,3.595,2.607791666666667
2014-09-09,4.202,0.647,2.7450833333333335,3.5549999999999997,2.689583333333333
2014-09-10,4.2,0.709,2.7031666666666667,3.491,2.7450833333333335
2014-09-11,4.203,1.137,2.708916666666667,3.0660000000000003,2.7031666666666667
2014-09-12,4.024,1.097,2.665375,2.927,2.708916666666667
2014-09-13,3.88,1.064,2.6637083333333336,2.816,2.665375
2014-09-14,3.705,1.078,2.655625,2.627,2.6637083333333336
2014-09-15,3.671,1.074,2.616,2.5969999999999995,2.655625
2014-09-16,3.341,1.193,2.605,2.148,2.616
2014-09-17,3.248,1.497,2.6767083333333335,1.7510000000000001,2.605
2014-09-18,3.474,1.491,2.713125,1.983,2.6767083333333335
2014-09-19,3.654,1.551,2.771125,2.1029999999999998,2.713125
2014-09-20,3.7,1.512,2.7872500000000002,2.188,2.771125
2014-09-21,3.596,1.224,2.6304166666666666,2.372,2.7872500000000002
2014-09-22,3.718,1.247,2.669,2.471,2.6304166666666666
2014-09-23,3.832,1.412,2.730375,2.42,2.669
2014-09-24,3.956,1.531,2.7892083333333333,2.425,2.730375
2014-09-25,3.973,1.587,2.7995,2.386,2.7892083333333333
2014-09-26,3.996,1.49,2.832333333333333,2.5060000000000002,2.7995
2014-09-27,3.97,1.265,2.7882083333333334,2.705,2.832333333333333
2014-09-28,3.926,1.144,2.7607916666666665,2.782,2.7882083333333334
2014-09-29,3.829,1.151,2.7772916666666667,2.678,2.7607916666666665
2014-09-30,3.7,1.108,2.768875,2.592,2.7772916666666667
2014-10-01,3.57,1.234,2.763541666666667,2.336,2.768875
2014-10-02,3.584,1.28,2.7729583333333334,2.3040000000000003,2.763541666666667
2014-10-03,3.755,1.382,2.809416666666667,2.373,2.7729583333333334
2014-10-04,3.861,1.37,2.860041666666667,2.491,2.809416666666667
2014-10-05,4.074,1.389,2.9004166666666666,2.6849999999999996,2.860041666666667
2014-10-06,4.216,1.121,2.870125,3.095,2.9004166666666666
2014-10-07,4.307,1.327,2.995791666666667,2.9800000000000004,2.870125
2014-10-08,4.294,1.608,2.951541666666667,2.6859999999999995,2.995791666666667
2014-10-09,4.447,1.38,3.0846666666666667,3.067,2.951541666666667
2014-10-10,4.52,1.21,3.1349583333333335,3.3099999999999996,3.0846666666666667
2014-10-11,4.44,1.185,3.1153333333333335,3.2550000000000003,3.1349583333333335
2014-10-12,4.2,1.159,3.0705000000000005,3.0410000000000004,3.1153333333333335
2014-10-13,4.037,1.238,3.0703333333333336,2.799,3.0705000000000005
2014-10-14,3.905,1.536,3.117625,2.3689999999999998,3.0703333333333336
2014-10-15,3.786,1.794,3.107625,1.992,3.117625
2014-10-16,3.736,1.967,3.067083333333333,1.7690000000000001,3.107625
2014-10-17,3.805,2.096,3.0734999999999997,1.709,3.067083333333333
2014-10-18,3.844,2.234,3.0701666666666667,1.6099999999999999,3.0734999999999997
2014-10-19,3.821,2.161,3.026875,1.6600000000000001,3.0701666666666667
2014-10-20,3.961,2.163,3.0292499999999998,1.798,3.026875
2014-10-21,3.965,2.154,3.019375,1.811,3.0292499999999998
2014-10-22,4.037,1.912,3.0053750000000004,2.125,3.019375
2014-10-23,3.991,1.66,2.9694583333333333,2.3310000000000004,3.0053750000000004
2014-10-24,4.059,1.358,2.951791666666667,2.701,2.9694583333333333
2014-10-25,4.11,1.094,2.920916666666667,3.016,2.951791666666667
2014-10-26,4.082,0.98,2.9475416666666665,3.102,2.920916666666667
2014-10-27,4.163,1.015,3.0050416666666666,3.1480000000000006,2.9475416666666665
2014-10-28,4.088,0.978,2.985666666666667,3.1100000000000003,3.0050416666666666
2014-10-29,3.954,1.109,2.9809583333333336,2.845,2.985666666666667
2014-10-30,3.92,1.347,3.0052916666666665,2.573,2.9809583333333336
2014-10-31,3.939,1.522,3.0092916666666665,2.417,3.0052916666666665
2014-11-01,4.026,1.73,3.048083333333333,2.296,3.0092916666666665
2014-11-02,4.101,1.871,3.0714166666666665,2.23,3.048083333333333
2014-11-03,4.182,1.97,3.065375,2.2120000000000006,3.0714166666666665
2014-11-04,4.245,1.871,3.0419583333333335,2.374,3.065375
2014-11-05,4.164,1.605,2.997666666666667,2.5589999999999997,3.0419583333333335
2014-11-06,4.228,1.223,3.044791666666667,3.005,2.997666666666667
2014-11-07,4.249,1.154,3.1009583333333333,3.0949999999999998,3.044791666666667
2014-11-08,4.243,0.908,3.011125,3.3350000000000004,3.1009583333333333
2014-11-09,4.077,0.705,2.921208333333333,3.372,3.011125
2014-11-10,4.095,0.877,2.9690833333333333,3.218,2.921208333333333
2014-11-11,4.032,1.006,2.9878750000000003,3.026,2.9690833333333333
2014-11-12,3.884,1.264,2.97575,2.62,2.9878750000000003
2014-11-13,3.855,1.534,3.0047083333333333,2.3209999999999997,2.97575
2014-11-14,3.852,1.887,3.0371666666666663,1.9649999999999999,3.0047083333333333
2014-11-15,3.762,2.145,3.013875,1.617,3.0371666666666663
2014-11-16,3.891,2.442,3.093875,1.4489999999999998,3.013875
2014-11-17,3.955,2.561,3.1629166666666664,1.3940000000000001,3.093875
2014-11-18,4.016,2.348,3.24025,1.6680000000000001,3.1629166666666664
2014-11-19,4.053,2.11,3.173,1.943,3.24025
2014-11-20,4.036,1.969,3.143625,2.0669999999999993,3.173
2014-11-21,4.096,1.612,3.1297916666666663,2.484,3.143625
2014-11-22,4.165,1.281,3.107875,2.8840000000000003,3.1297916666666663
2014-11-23,4.182,1.008,3.077958333333333,3.1740000000000004,3.107875
2014-11-24,4.208,0.863,3.0345416666666662,3.345,3.077958333333333
2014-11-25,4.185,0.699,2.984541666666667,3.4859999999999998,3.0345416666666662
2014-11-26,4.154,0.77,2.9728333333333334,3.384,2.984541666666667
2014-11-27,4.01,0.865,2.9009583333333335,3.1449999999999996,2.9728333333333334
2014-11-28,3.995,1.067,2.88125,2.928,2.9009583333333335
2014-11-29,3.924,1.377,2.8491250000000004,2.5469999999999997,2.88125
2014-11-30,3.927,1.654,2.8471666666666664,2.273,2.8491250000000004
2014-12-01,4.058,1.991,2.92,2.0669999999999997,2.8471666666666664
2014-12-02,4.136,1.709,2.9954583333333336,2.427,2.92
2014-12-03,4.109,1.542,3.0102083333333334,2.567,2.9954583333333336
2014-12-04,4.098,1.328,3.0223750000000003,2.7699999999999996,3.0102083333333334
2014-12-05,4.148,1.228,3.0860833333333333,2.92,3.0223750000000003
2014-12-06,4.136,1.066,3.0988333333333333,3.0700000000000003,3.0860833333333333
2014-12-07,4.156,0.894,3.0826666666666664,3.2619999999999996,3.0988333333333333
2014-12-08,4.163,0.918,3.081125,3.245,3.0826666666666664
2014-12-09,4.097,0.983,3.095916666666667,3.1140000000000003,3.081125
2014-12-10,4.101,1.138,3.0742499999999997,2.963,3.095916666666667
2014-12-11,3.952,1.311,3.03275,2.641,3.0742499999999997
2014-12-12,4.008,1.541,3.0915416666666666,2.467,3.03275
2014-12-13,4.02,1.97,3.199291666666667,2.05,3.0915416666666666
2014-12-14,3.969,2.261,3.1822916666666665,1.7079999999999997,3.199291666666667
2014-12-15,3.902,2.518,3.137166666666667,1.3840000000000003,3.1822916666666665
2014-12-16,3.905,2.555,3.1647916666666664,1.3499999999999996,3.137166666666667
2014-12-17,4.078,2.298,3.265333333333333,1.7800000000000002,3.1647916666666664
2014-12-18,4.088,1.927,3.263875,2.161,3.265333333333333
2014-12-19,4.067,1.619,3.1902916666666665,2.4480000000000004,3.263875
2014-12-20,4.17,1.437,3.205291666666667,2.7329999999999997,3.1902916666666665
2014-12-21,4.356,1.327,3.290625,3.029,3.205291666666667
2014-12-22,4.488,1.24,3.3357500000000004,3.248,3.290625
2014-12-23,4.369,0.937,3.1921666666666666,3.4319999999999995,3.3357500000000004
2014-12-24,4.285,0.734,3.075583333333334,3.551,3.1921666666666666
2014-12-25,4.284,0.874,3.0687916666666664,3.4099999999999997,3.075583333333334
2014-12-26,4.256,0.953,3.0228750000000004,3.3030000000000004,3.0687916666666664
2014-12-27,4.139,1.205,2.9769583333333336,2.934,3.0228750000000004
2014-12-28,4.154,1.61,3.028208333333333,2.5439999999999996,2.9769583333333336
2014-12-29,4.136,2.294,3.1499583333333336,1.842,3.028208333333333
2014-12-30,4.107,2.078,3.1347083333333337,2.0290000000000004,3.1499583333333336
2014-12-31,3.994,1.735,3.079041666666667,2.2590000000000003,3.1347083333333337
2015-01-01,4.104,1.526,3.1169583333333333,2.5780000000000003,3.079041666666667
2015-01-02,4.051,1.468,3.108375,2.583,3.1169583333333333
2015-01-03,4.046,1.189,3.062791666666667,2.857,3.108375
2015-01-04,4.101,1.004,3.0316666666666667,3.097,3.062791666666667
2015-01-05,4.061,0.938,2.9742916666666663,3.123,3.0316666666666667
2015-01-06,4.02,0.799,2.9230416666666663,3.2209999999999996,2.9742916666666663
2015-01-07,3.944,0.807,2.8945000000000003,3.137,2.9230416666666663
2015-01-08,3.961,1.044,2.935916666666667,2.917,2.8945000000000003
2015-01-09,3.976,1.177,2.938125,2.799,2.935916666666667
2015-01-10,3.889,1.422,2.948541666666667,2.4669999999999996,2.938125
2015-01-11,3.927,1.73,3.017208333333333,2.197,2.948541666666667
2015-01-12,3.925,2.095,3.062666666666667,1.8299999999999996,3.017208333333333
2015-01-13,3.991,2.335,3.108708333333333,1.6560000000000001,3.062666666666667
2015-01-14,3.934,2.439,3.1174999999999997,1.495,3.108708333333333
2015-01-15,3.898,2.063,3.0990416666666665,1.835,3.1174999999999997
2015-01-16,3.863,1.674,3.0935,2.189,3.0990416666666665
2015-01-17,3.973,1.498,3.095875,2.4749999999999996,3.0935
2015-01-18,4.079,1.418,3.0970416666666662,2.6609999999999996,3.095875
2015-01-19,4.263,1.063,3.1018749999999997,3.2,3.0970416666666662
2015-01-20,4.267,0.839,3.0343750000000003,3.4280000000000004,3.1018749999999997
2015-01-21,4.327,0.559,2.970333333333333,3.768,3.0343750000000003
2015-01-22,4.317,0.506,2.93,3.811,2.970333333333333
2015-01-23,4.258,0.69,2.921625,3.568,2.93
2015-01-24,4.161,0.852,2.7984166666666668,3.3089999999999997,2.921625
2015-01-25,4.017,1.076,2.7221666666666664,2.9410000000000003,2.7984166666666668
2015-01-26,3.982,1.514,2.7457083333333334,2.468,2.7221666666666664
2015-01-27,3.949,1.888,2.836,2.061,2.7457083333333334
2015-01-28,3.905,1.819,2.936541666666667,2.086,2.836
2015-01-29,3.786,1.616,2.967083333333333,2.17,2.936541666666667
2015-01-30,3.728,1.446,2.985583333333333,2.282,2.967083333333333
2015-01-31,3.85,1.427,3.0389999999999997,2.423,2.985583333333333
2015-02-01,3.945,1.372,3.0469166666666667,2.5729999999999995,3.0389999999999997
2015-02-02,3.95,1.247,3.013583333333333,2.7030000000000003,3.0469166666666667
2015-02-03,4.011,1.173,3.0024583333333332,2.838,3.013583333333333
2015-02-04,4.097,1.22,3.0497083333333332,2.8770000000000007,3.0024583333333332
2015-02-05,4.064,1.241,3.0364583333333335,2.823,3.0497083333333332
2015-02-06,4.003,1.343,3.002541666666667,2.66,3.0364583333333335
2015-02-07,3.924,1.478,2.950083333333333,2.4459999999999997,3.002541666666667
2015-02-08,3.955,1.559,2.955833333333333,2.396,2.950083333333333
2015-02-09,3.978,1.862,2.968958333333333,2.116,2.955833333333333
2015-02-10,3.878,2.108,2.9462500000000005,1.77,2.968958333333333
2015-02-11,3.756,2.133,2.8714583333333334,1.6229999999999998,2.9462500000000005
2015-02-12,3.724,2.126,2.9339583333333334,1.5980000000000003,2.8714583333333334
2015-02-13,3.652,1.918,2.9488749999999997,1.7340000000000002,2.9339583333333334
2015-02-14,3.531,1.413,2.8649583333333335,2.1180000000000003,2.9488749999999997
2015-02-15,3.562,1.125,2.795833333333333,2.437,2.8649583333333335
2015-02-16,3.709,1.12,2.828583333333333,2.589,2.795833333333333
2015-02-17,4.029,0.943,2.9018333333333337,3.086,2.828583333333333
2015-02-18,4.166,0.732,2.9105000000000003,3.434,2.9018333333333337
2015-02-19,4.305,0.619,2.873875,3.686,2.9105000000000003
2015-02-20,4.3,0.689,2.8069583333333337,3.6109999999999998,2.873875
2015-02-21,4.195,0.809,2.7561666666666667,3.386,2.8069583333333337
2015-02-22,4.196,1.055,2.7435833333333335,3.141,2.7561666666666667
2015-02-23,4.161,1.464,2.750125,2.6969999999999996,2.7435833333333335
2015-02-24,3.971,1.503,2.7531250000000003,2.468,2.750125
2015-02-25,3.803,1.499,2.7569583333333334,2.304,2.7531250000000003
2015-02-26,3.623,1.514,2.771125,2.109,2.7569583333333334
2015-02-27,3.457,1.505,2.795083333333333,1.952,2.771125
2015-02-28,3.371,1.452,2.8259166666666666,1.919,2.795083333333333
2015-03-01,3.589,1.544,2.8962083333333335,2.045,2.8259166666666666
2015-03-02,3.726,1.497,2.9008333333333334,2.229,2.8962083333333335
2015-03-03,3.708,1.354,2.8530833333333336,2.354,2.9008333333333334
2015-03-04,3.767,1.255,2.8163750000000003,2.512,2.8530833333333336
2015-03-05,3.825,1.174,2.780625,2.6510000000000002,2.8163750000000003
2015-03-06,3.882,1.284,2.8047916666666666,2.598,2.780625
2015-03-07,3.929,1.328,2.79875,2.601,2.8047916666666666
2015-03-08,3.914,1.507,2.7823333333333333,2.407,2.79875
2015-03-09,3.974,1.673,2.812875,2.301,2.7823333333333333
2015-03-10,3.931,1.647,2.823541666666667,2.284,2.812875
2015-03-11,3.82,1.639,2.7903333333333333,2.181,2.823541666666667
2015-03-12,3.711,1.681,2.812125,2.03,2.7903333333333333
2015-03-13,3.631,1.643,2.826333333333333,1.9879999999999998,2.812125
2015-03-14,3.527,1.629,2.8542083333333337,1.8980000000000001,2.826333333333333
2015-03-15,3.405,1.478,2.8355416666666664,1.9269999999999998,2.8542083333333337
2015-03-16,3.548,1.197,2.799041666666667,2.351,2.8355416666666664
2015-03-17,3.688,1.138,2.779625,2.5500000000000003,2.799041666666667
2015-03-18,3.86,1.023,2.780625,2.8369999999999997,2.779625
2015-03-19,3.978,0.803,2.732958333333333,3.1750000000000003,2.780625
2015-03-20,4.151,0.865,2.716791666666667,3.2859999999999996,2.732958333333333
2015-03-21,4.255,0.958,2.704458333333333,3.2969999999999997,2.716791666666667
2015-03-22,4.243,1.167,2.720125,3.0760000000000005,2.704458333333333
2015-03-23,4.202,1.015,2.750166666666667,3.1870000000000003,2.720125
2015-03-24,4.107,1.143,2.8045833333333334,2.9640000000000004,2.750166666666667
2015-03-25,3.971,1.284,2.860875,2.6870000000000003,2.8045833333333334
2015-03-26,3.823,1.586,2.95025,2.237,2.860875
2015-03-27,3.642,1.825,3.0085416666666664,1.817,2.95025
2015-03-28,3.592,1.938,3.0448749999999998,1.6540000000000001,3.0085416666666664
2015-03-29,3.672,1.959,3.043791666666667,1.713,3.0448749999999998
2015-03-30,3.716,1.785,2.9755416666666665,1.9310000000000003,3.043791666666667
2015-03-31,3.659,1.736,2.868916666666667,1.9229999999999998,2.9755416666666665
2015-04-01,3.703,1.617,2.8032083333333335,2.086,2.868916666666667
2015-04-02,3.745,1.52,2.747875,2.225,2.8032083333333335
2015-04-03,3.742,1.555,2.723125,2.1870000000000003,2.747875
2015-04-04,3.785,1.549,2.6999583333333335,2.236,2.723125
2015-04-05,3.796,1.306,2.6492083333333336,2.4899999999999998,2.6999583333333335
2015-04-06,3.856,1.066,2.612416666666667,2.79,2.6492083333333336
2015-04-07,3.943,1.092,2.6787500000000004,2.851,2.612416666666667
2015-04-08,3.899,1.121,2.74475,2.778,2.6787500000000004
2015-04-09,3.837,1.142,2.7895416666666666,2.6950000000000003,2.74475
2015-04-10,3.717,1.359,2.8192500000000003,2.358,2.7895416666666666
2015-04-11,3.681,1.554,2.896333333333333,2.127,2.8192500000000003
2015-04-12,3.649,1.668,2.955041666666667,1.981,2.896333333333333
2015-04-13,3.731,1.794,3.012583333333333,1.9369999999999998,2.955041666666667
2015-04-14,3.906,1.945,3.184958333333334,1.961,3.012583333333333
2015-04-15,4.01,1.644,3.090291666666667,2.3659999999999997,3.184958333333334
2015-04-16,3.951,1.697,2.891916666666667,2.254,3.090291666666667
2015-04-17,4.017,1.45,2.8200416666666666,2.567,2.891916666666667
2015-04-18,4.149,1.107,2.781916666666667,3.042,2.8200416666666666
2015-04-19,4.134,0.793,2.691333333333333,3.341,2.781916666666667
2015-04-20,4.041,0.53,2.627083333333333,3.511,2.691333333333333
2015-04-21,3.939,0.497,2.5935416666666664,3.442,2.627083333333333
2015-04-22,3.823,0.675,2.637541666666667,3.1479999999999997,2.5935416666666664
2015-04-23,3.763,0.889,2.700833333333333,2.8739999999999997,2.637541666666667
2015-04-24,3.702,1.286,2.797125,2.416,2.700833333333333
2015-04-25,3.613,1.652,2.8789583333333333,1.961,2.797125
2015-04-26,3.645,1.916,2.940875,1.729,2.8789583333333333
2015-04-27,3.64,1.991,2.92275,1.649,2.940875
2015-04-28,3.629,2.037,2.8597916666666667,1.592,2.92275
2015-04-29,3.714,2.054,2.8495833333333334,1.6600000000000001,2.8597916666666667
2015-04-30,3.761,1.998,2.8160000000000003,1.7630000000000001,2.8495833333333334
2015-05-01,3.801,1.668,2.786958333333333,2.133,2.8160000000000003
2015-05-02,3.747,1.346,2.7133333333333334,2.401,2.786958333333333
2015-05-03,3.792,1.04,2.64125,2.752,2.7133333333333334
2015-05-04,3.815,0.879,2.6192083333333334,2.936,2.64125
2015-05-05,3.862,0.692,2.6043333333333334,3.17,2.6192083333333334
2015-05-06,3.836,0.655,2.6042083333333332,3.181,2.6043333333333334
2015-05-07,3.792,0.582,2.584208333333333,3.21,2.6042083333333332
2015-05-08,3.724,0.658,2.59875,3.0660000000000003,2.584208333333333
2015-05-09,3.734,0.807,2.6214583333333334,2.927,2.59875
2015-05-10,3.688,1.003,2.6644583333333336,2.6850000000000005,2.6214583333333334
2015-05-11,3.678,1.192,2.6758333333333333,2.4859999999999998,2.6644583333333336
2015-05-12,3.736,1.371,2.7129583333333334,2.365,2.6758333333333333
2015-05-13,3.797,1.576,2.7555833333333335,2.221,2.7129583333333334
2015-05-14,3.903,1.686,2.7772916666666667,2.217,2.7555833333333335
2015-05-15,3.973,1.441,2.772625,2.532,2.7772916666666667
2015-05-16,3.989,1.014,2.7248750000000004,2.9749999999999996,2.772625
2015-05-17,3.976,0.686,2.6945416666666664,3.29,2.7248750000000004
2015-05-18,3.95,0.405,2.6228333333333333,3.545,2.6945416666666664
2015-05-19,3.965,0.313,2.5905,3.6519999999999997,2.6228333333333333
2015-05-20,3.859,0.291,2.557958333333333,3.568,2.5905
2015-05-21,3.757,0.423,2.5583750000000003,3.334,2.557958333333333
2015-05-22,3.633,0.595,2.5578333333333334,3.0380000000000003,2.5583750000000003
2015-05-23,3.612,0.876,2.5459166666666664,2.736,2.5578333333333334
2015-05-24,3.502,1.211,2.597958333333333,2.2909999999999995,2.5459166666666664
2015-05-25,3.545,1.424,2.6225416666666668,2.121,2.597958333333333
2015-05-26,3.438,1.723,2.6056666666666666,1.715,2.6225416666666668
2015-05-27,3.462,1.94,2.6405,1.5220000000000002,2.6056666666666666
2015-05-28,3.549,1.984,2.6555416666666667,1.565,2.6405
2015-05-29,3.526,1.664,2.6492916666666666,1.8619999999999999,2.6555416666666667
2015-05-30,3.551,1.337,2.6297916666666667,2.2140000000000004,2.6492916666666666
2015-05-31,3.624,1.052,2.628458333333333,2.572,2.6297916666666667
2015-06-01,3.725,0.847,2.643333333333333,2.878,2.628458333333333
2015-06-02,3.849,0.613,2.636,3.236,2.643333333333333
2015-06-03,3.922,0.473,2.6037916666666665,3.4490000000000003,2.636
2015-06-04,3.96,0.33,2.6217916666666667,3.63,2.6037916666666665
2015-06-05,3.906,0.363,2.6453333333333333,3.543,2.6217916666666667
2015-06-06,3.928,0.478,2.6632916666666664,3.45,2.6453333333333333
2015-06-07,3.907,0.699,2.6783750000000004,3.208,2.6632916666666664
2015-06-08,3.891,0.897,2.674666666666667,2.9939999999999998,2.6783750000000004
2015-06-09,3.861,1.204,2.6969999999999996,2.657,2.674666666666667
2015-06-10,3.868,1.547,2.7271666666666667,2.3209999999999997,2.6969999999999996
2015-06-11,3.879,1.893,2.753833333333333,1.986,2.7271666666666667
2015-06-12,3.882,1.51,2.7437916666666666,2.372,2.753833333333333
2015-06-13,3.878,1.161,2.696125,2.717,2.7437916666666666
2015-06-14,3.858,0.855,2.7258333333333336,3.003,2.696125
2015-06-15,3.893,0.504,2.675666666666667,3.389,2.7258333333333336
2015-06-16,3.88,0.393,2.6027916666666666,3.487,2.675666666666667
2015-06-17,3.846,0.138,2.578125,3.708,2.6027916666666666
2015-06-18,3.928,0.232,2.5279166666666666,3.6959999999999997,2.578125
2015-06-19,3.715,0.424,2.551083333333333,3.291,2.5279166666666666
2015-06-20,3.645,0.504,2.5227083333333336,3.141,2.551083333333333
2015-06-21,3.531,0.882,2.49275,2.649,2.5227083333333336
2015-06-22,3.547,1.111,2.5151666666666666,2.436,2.49275
2015-06-23,3.541,1.471,2.5309166666666667,2.07,2.5151666666666666
2015-06-24,3.443,1.726,2.53125,1.717,2.5309166666666667
2015-06-25,3.484,1.989,2.54825,1.4949999999999999,2.53125
2015-06-26,3.446,1.791,2.5658333333333334,1.6550000000000002,2.54825
2015-06-27,3.459,1.533,2.595125,1.9260000000000002,2.5658333333333334
2015-06-28,3.476,1.272,2.581,2.2039999999999997,2.595125
2015-06-29,3.431,0.804,2.5124999999999997,2.627,2.581
2015-06-30,3.565,0.61,2.4920416666666667,2.955,2.5124999999999997
2015-07-01,3.732,0.317,2.45925,3.415,2.4920416666666667
2015-07-02,3.786,0.197,2.430833333333333,3.589,2.45925
2015-07-03,3.873,-0.019,2.4585,3.8920000000000003,2.430833333333333
2015-07-04,3.843,0.274,2.470458333333333,3.569,2.4585
2015-07-05,3.812,0.28,2.5009583333333336,3.532,2.470458333333333
2015-07-06,3.718,0.511,2.485583333333333,3.207,2.5009583333333336
2015-07-07,3.782,0.98,2.559083333333333,2.802,2.485583333333333
2015-07-08,3.711,1.404,2.559041666666667,2.307,2.559083333333333
2015-07-09,3.78,1.807,2.5855416666666664,1.9729999999999999,2.559041666666667
2015-07-10,3.737,1.54,2.651291666666667,2.197,2.5855416666666664
2015-07-11,3.681,1.287,2.6475416666666667,2.394,2.651291666666667
2015-07-12,3.654,1.001,2.6555,2.653,2.6475416666666667
2015-07-13,3.686,0.768,2.6612916666666666,2.918,2.6555
2015-07-14,3.696,0.543,2.6095416666666664,3.153,2.6612916666666666
2015-07-15,3.746,0.385,2.556791666666667,3.3609999999999998,2.6095416666666664
2015-07-16,3.77,0.365,2.5619583333333336,3.4050000000000002,2.556791666666667
2015-07-17,3.775,0.393,2.55225,3.3819999999999997,2.5619583333333336
2015-07-18,3.773,0.571,2.546875,3.202,2.55225
2015-07-19,3.731,0.74,2.5329166666666665,2.9909999999999997,2.546875
2015-07-20,3.709,1.048,2.589166666666667,2.661,2.5329166666666665
2015-07-21,3.626,1.183,2.5642916666666666,2.4429999999999996,2.589166666666667
2015-07-22,3.609,1.505,2.5773333333333333,2.104,2.5642916666666666
2015-07-23,3.587,1.785,2.568208333333333,1.8020000000000003,2.5773333333333333
2015-07-24,3.491,1.914,2.5839583333333334,1.5770000000000002,2.568208333333333
2015-07-25,3.377,1.724,2.5860416666666666,1.6529999999999998,2.5839583333333334
2015-07-26,3.369,1.46,2.5909583333333335,1.9090000000000003,2.5860416666666666
2015-07-27,3.351,1.215,2.5940833333333333,2.136,2.5909583333333335
2015-07-28,3.453,0.942,2.566333333333333,2.511,2.5940833333333333
2015-07-29,3.701,0.685,2.599291666666667,3.016,2.566333333333333
2015-07-30,3.848,0.44,2.5925416666666665,3.408,2.599291666666667
2015-07-31,3.94,0.239,2.6137083333333333,3.701,2.5925416666666665
2015-08-01,3.969,0.337,2.6424583333333334,3.6319999999999997,2.6137083333333333
2015-08-02,4.039,0.316,2.6386666666666665,3.723,2.6424583333333334
2015-08-03,3.953,0.488,2.6328333333333336,3.465,2.6386666666666665
2015-08-04,3.891,0.873,2.5948333333333333,3.018,2.6328333333333336
2015-08-05,3.829,1.213,2.618375,2.616,2.5948333333333333
2015-08-06,3.818,1.744,2.6513750000000003,2.074,2.618375
2015-08-07,3.858,1.643,2.7072916666666664,2.215,2.6513750000000003
2015-08-08,3.785,1.432,2.69275,2.353,2.7072916666666664
2015-08-09,3.537,1.122,2.6400416666666664,2.415,2.69275
2015-08-10,3.516,0.977,2.6434166666666665,2.539,2.6400416666666664
2015-08-11,3.56,0.888,2.647,2.672,2.6434166666666665
2015-08-12,3.624,0.831,2.6393333333333335,2.793,2.647
2015-08-13,3.745,0.773,2.650125,2.972,2.6393333333333335
2015-08-14,3.742,0.719,2.6575416666666665,3.023,2.650125
2015-08-15,3.821,0.745,2.62475,3.076,2.6575416666666665
2015-08-16,3.762,0.762,2.6125000000000003,3.0,2.62475
2015-08-17,3.763,0.899,2.5728750000000002,2.864,2.6125000000000003
2015-08-18,3.647,1.151,2.5745833333333334,2.4959999999999996,2.5728750000000002
2015-08-19,3.673,1.393,2.5919583333333334,2.2800000000000002,2.5745833333333334
2015-08-20,3.549,1.586,2.570125,1.9629999999999999,2.5919583333333334
2015-08-21,3.536,1.71,2.571458333333333,1.826,2.570125
2015-08-22,3.453,1.616,2.5745833333333334,1.8369999999999997,2.571458333333333
2015-08-23,3.402,1.636,2.603083333333333,1.7660000000000002,2.5745833333333334
2015-08-24,3.274,1.477,2.591041666666667,1.797,2.603083333333333
2015-08-25,3.286,1.194,2.5779583333333336,2.092,2.591041666666667
2015-08-26,3.484,0.999,2.5699583333333336,2.485,2.5779583333333336
2015-08-27,3.766,0.809,2.6413333333333333,2.957,2.5699583333333336
2015-08-28,3.877,0.658,2.647375,3.219,2.6413333333333333
2015-08-29,4.003,0.458,2.619458333333333,3.545,2.647375
2015-08-30,4.028,0.385,2.62025,3.643,2.619458333333333
2015-08-31,4.097,0.447,2.5804583333333335,3.6500000000000004,2.62025
2015-09-01,4.085,0.742,2.5726666666666667,3.343,2.5804583333333335
2015-09-02,3.982,1.184,2.590875,2.798,2.5726666666666667
2015-09-03,3.914,1.108,2.605,2.806,2.590875
2015-09-04,3.836,1.07,2.6113750000000002,2.766,2.605
2015-09-05,3.73,1.114,2.6185833333333335,2.6159999999999997,2.6113750000000002
2015-09-06,3.491,1.181,2.6247083333333334,2.31,2.6185833333333335
2015-09-07,3.306,1.219,2.619,2.0869999999999997,2.6247083333333334
2015-09-08,3.431,1.294,2.6195416666666667,2.137,2.619
2015-09-09,3.502,1.236,2.64125,2.266,2.6195416666666667
2015-09-10,3.506,1.069,2.595875,2.437,2.64125
2015-09-11,3.705,1.049,2.6271666666666667,2.656,2.595875
2015-09-12,3.831,1.086,2.6694583333333335,2.745,2.6271666666666667
2015-09-13,3.933,1.184,2.7250833333333335,2.7489999999999997,2.6694583333333335
2015-09-14,3.921,1.279,2.7140416666666667,2.642,2.7250833333333335
2015-09-15,3.877,1.348,2.718125,2.529,2.7140416666666667
2015-09-16,3.938,1.647,2.810208333333333,2.2910000000000004,2.718125
2015-09-17,3.967,1.513,2.779625,2.454,2.810208333333333
2015-09-18,3.763,1.495,2.7823333333333333,2.268,2.779625
2015-09-19,3.748,1.483,2.7990833333333334,2.265,2.7823333333333333
2015-09-20,3.623,1.472,2.8310833333333334,2.1510000000000002,2.7990833333333334
2015-09-21,3.611,1.507,2.8318333333333334,2.104,2.8310833333333334
2015-09-22,3.453,1.494,2.7595833333333335,1.9589999999999999,2.8318333333333334
2015-09-23,3.567,1.367,2.692458333333333,2.2,2.7595833333333335
2015-09-24,3.702,1.186,2.6794583333333333,2.516,2.692458333333333
2015-09-25,3.823,0.999,2.672833333333333,2.824,2.6794583333333333
2015-09-26,4.043,0.956,2.7145833333333336,3.087,2.672833333333333
2015-09-27,4.118,0.954,2.7586666666666666,3.1640000000000006,2.7145833333333336
2015-09-28,4.26,0.894,2.7777083333333334,3.3659999999999997,2.7586666666666666
2015-09-29,4.318,1.228,2.8026666666666666,3.09,2.7777083333333334
2015-09-30,4.31,0.978,2.7892083333333333,3.332,2.8026666666666666
2015-10-01,4.229,0.835,2.7840000000000003,3.394,2.7892083333333333
2015-10-02,4.066,0.883,2.781833333333333,3.183,2.7840000000000003
2015-10-03,3.778,0.925,2.7380416666666663,2.8529999999999998,2.781833333333333
2015-10-04,3.656,1.124,2.736125,2.532,2.7380416666666663
2015-10-05,3.55,1.323,2.7612916666666667,2.227,2.736125
2015-10-06,3.706,1.51,2.8210416666666664,2.1959999999999997,2.7612916666666667
2015-10-07,3.724,1.688,2.8469583333333333,2.0360000000000005,2.8210416666666664
2015-10-08,3.739,1.601,2.765083333333333,2.138,2.8469583333333333
2015-10-09,3.794,1.663,2.8049999999999997,2.1310000000000002,2.765083333333333
2015-10-10,3.842,1.597,2.7699583333333333,2.245,2.8049999999999997
2015-10-11,3.801,1.629,2.7403333333333335,2.172,2.7699583333333333
2015-10-12,3.977,1.774,2.84675,2.203,2.7403333333333335
2015-10-13,4.128,1.534,2.9683333333333333,2.5940000000000003,2.84675
2015-10-14,4.214,1.568,3.076833333333333,2.6460000000000004,2.9683333333333333
2015-10-15,4.207,1.396,3.037125,2.811,3.076833333333333
2015-10-16,4.202,1.419,3.076333333333333,2.783,3.037125
2015-10-17,4.12,1.367,3.0882916666666667,2.753,3.076333333333333
2015-10-18,3.89,1.385,2.971291666666667,2.505,3.0882916666666667
2015-10-19,3.822,1.359,2.947416666666667,2.463,2.971291666666667
2015-10-20,3.739,1.462,2.9125,2.277,2.947416666666667
2015-10-21,3.748,1.619,2.9015,2.1290000000000004,2.9125
2015-10-22,3.985,1.74,2.983375,2.245,2.9015
2015-10-23,4.121,1.732,3.028541666666667,2.3890000000000002,2.983375
2015-10-24,4.2,1.675,3.0232916666666667,2.5250000000000004,3.028541666666667
2015-10-25,4.267,1.704,3.043791666666667,2.5630000000000006,3.0232916666666667
2015-10-26,4.331,1.721,3.0096666666666665,2.6100000000000003,3.043791666666667
2015-10-27,4.358,1.302,3.032458333333333,3.0559999999999996,3.0096666666666665
2015-10-28,4.388,0.879,2.9981666666666666,3.509,3.032458333333333
2015-10-29,4.38,0.736,2.9743333333333335,3.644,2.9981666666666666
2015-10-30,4.312,0.589,2.96425,3.7230000000000003,2.9743333333333335
2015-10-31,4.169,0.687,2.932541666666667,3.4819999999999993,2.96425
2015-11-01,4.009,0.914,2.9122083333333335,3.095,2.932541666666667
2015-11-02,3.911,1.269,2.9651666666666667,2.6420000000000003,2.9122083333333335
2015-11-03,3.907,1.6,2.9975416666666668,2.307,2.9651666666666667
2015-11-04,3.841,1.936,3.028833333333333,1.9050000000000002,2.9975416666666668
2015-11-05,3.82,2.152,2.993,1.6679999999999997,3.028833333333333
2015-11-06,3.88,2.199,2.9902083333333334,1.681,2.993
2015-11-07,3.884,2.229,2.9917916666666664,1.6549999999999998,2.9902083333333334
2015-11-08,3.899,2.094,2.949291666666667,1.8050000000000002,2.9917916666666664
2015-11-09,3.918,1.792,2.958833333333333,2.1260000000000003,2.949291666666667
2015-11-10,3.977,1.549,2.9630833333333335,2.428,2.958833333333333
2015-11-11,3.938,1.383,2.93275,2.555,2.9630833333333335
2015-11-12,3.968,1.08,2.8859583333333334,2.888,2.93275
2015-11-13,3.97,0.952,2.8937500000000003,3.0180000000000002,2.8859583333333334
2015-11-14,4.036,0.87,2.94825,3.1659999999999995,2.8937500000000003
2015-11-15,3.988,0.961,2.947416666666667,3.027,2.94825
2015-11-16,3.963,0.975,2.9218333333333333,2.988,2.947416666666667
2015-11-17,3.888,1.066,2.8630833333333334,2.822,2.9218333333333333
2015-11-18,3.884,1.19,2.860041666666667,2.694,2.8630833333333334
2015-11-19,3.932,1.53,2.9129583333333335,2.402,2.860041666666667
2015-11-20,3.97,1.744,2.9482916666666665,2.226,2.9129583333333335
2015-11-21,4.049,1.947,2.9435000000000002,2.1020000000000003,2.9482916666666665
2015-11-22,4.077,1.831,2.963625,2.246,2.9435000000000002
2015-11-23,4.174,1.654,3.0215416666666663,2.5200000000000005,2.963625
2015-11-24,4.303,1.446,3.0795,2.857,3.0215416666666663
2015-11-25,4.313,1.032,3.0723749999999996,3.2809999999999997,3.0795
2015-11-26,4.362,0.858,3.142041666666667,3.504,3.0723749999999996
2015-11-27,4.384,0.915,3.1610833333333335,3.4690000000000003,3.142041666666667
2015-11-28,4.297,0.724,3.04425,3.5729999999999995,3.1610833333333335
2015-11-29,4.169,0.835,3.035083333333333,3.3339999999999996,3.04425
2015-11-30,4.167,1.089,3.078958333333333,3.078,3.035083333333333
2015-12-01,4.04,1.35,3.045625,2.69,3.078958333333333
2015-12-02,3.901,1.564,3.0000416666666667,2.3369999999999997,3.045625
2015-12-03,3.841,1.868,3.00125,1.973,3.0000416666666667
2015-12-04,3.875,2.182,3.0148333333333333,1.693,3.00125
2015-12-05,3.824,2.308,2.9694583333333333,1.516,3.0148333333333333
2015-12-06,3.861,2.151,2.998416666666667,1.7100000000000004,2.9694583333333333
2015-12-07,3.976,2.085,3.1172083333333336,1.891,2.998416666666667
2015-12-08,3.987,1.855,3.1421666666666668,2.132,3.1172083333333336
2015-12-09,4.005,1.621,3.076375,2.384,3.1421666666666668
2015-12-10,4.088,1.331,3.096375,2.757,3.076375
2015-12-11,4.192,1.244,3.124375,2.9480000000000004,3.096375
2015-12-12,4.132,1.011,3.0756666666666668,3.1209999999999996,3.124375
2015-12-13,4.116,0.903,3.0005,3.2129999999999996,3.0756666666666668
2015-12-14,4.086,0.757,2.9624166666666665,3.329,3.0005
2015-12-15,4.118,0.837,2.9705,3.2810000000000006,2.9624166666666665
2015-12-16,4.146,1.154,3.046416666666667,2.992,2.9705
2015-12-17,4.161,1.457,3.10875,2.7039999999999997,3.046416666666667
2015-12-18,4.161,1.83,3.1377916666666668,2.3309999999999995,3.10875
2015-12-19,4.196,2.095,3.114333333333333,2.1009999999999995,3.1377916666666668
2015-12-20,4.115,2.251,3.0980833333333333,1.8640000000000003,3.114333333333333
2015-12-21,4.145,1.809,3.1417916666666668,2.3359999999999994,3.0980833333333333
2015-12-22,4.17,1.463,3.1325833333333333,2.707,3.1417916666666668
2015-12-23,4.193,1.341,3.0840833333333335,2.8519999999999994,3.1325833333333333
2015-12-24,4.223,0.981,3.033,3.242,3.0840833333333335
2015-12-25,4.269,0.693,2.9844166666666667,3.576,3.033
2015-12-26,4.154,0.612,2.969375,3.542,2.9844166666666667
2015-12-27,4.113,0.57,2.9439583333333332,3.5430000000000006,2.969375
2015-12-28,4.06,0.738,2.9425000000000003,3.3219999999999996,2.9439583333333332
2015-12-29,4.013,0.961,2.9446666666666665,3.052,2.9425000000000003
2015-12-30,3.96,1.243,2.935333333333334,2.7169999999999996,2.9446666666666665
2015-12-31,3.987,1.629,3.042,2.358,2.935333333333334
2016-01-01,3.972,2.035,3.105,1.9369999999999998,3.042
2016-01-02,3.819,2.246,3.0057500000000004,1.573,3.105
2016-01-03,3.813,2.368,3.0087916666666668,1.4450000000000003,3.0057500000000004
2016-01-04,3.751,2.061,2.9903333333333335,1.69,3.0087916666666668
2016-01-05,3.733,1.672,2.9465416666666666,2.061,2.9903333333333335
2016-01-06,3.704,1.559,2.9062083333333333,2.1450000000000005,2.9465416666666666
2016-01-07,3.779,1.401,2.920125,2.378,2.9062083333333333
2016-01-08,3.876,1.151,2.9265416666666666,2.7249999999999996,2.920125
2016-01-09,3.927,0.953,2.904,2.974,2.9265416666666666
2016-01-10,4.007,0.75,2.8745833333333333,3.2569999999999997,2.904
2016-01-11,4.039,0.605,2.8372499999999996,3.4339999999999997,2.8745833333333333
2016-01-12,4.108,0.563,2.87275,3.545,2.8372499999999996
2016-01-13,4.102,0.741,2.9130416666666665,3.361,2.87275
2016-01-14,4.092,0.987,2.9038749999999998,3.1049999999999995,2.9130416666666665
2016-01-15,4.07,1.201,2.8812916666666664,2.869,2.9038749999999998
2016-01-16,4.038,1.567,2.86975,2.471,2.8812916666666664
2016-01-17,3.973,1.96,2.858375,2.013,2.86975
2016-01-18,3.945,1.728,2.8909583333333333,2.2169999999999996,2.858375
2016-01-19,3.931,1.458,2.9652083333333334,2.473,2.8909583333333333
2016-01-20,3.963,1.202,2.9907500000000002,2.761,2.9652083333333334
2016-01-21,3.924,1.149,2.9617916666666666,2.775,2.9907500000000002
2016-01-22,4.023,0.985,2.9633749999999996,3.038,2.9617916666666666
2016-01-23,4.23,0.896,3.03525,3.3340000000000005,2.9633749999999996
2016-01-24,4.261,0.905,3.1331666666666664,3.356,3.03525
2016-01-25,4.323,1.276,3.2619583333333337,3.0470000000000006,3.1331666666666664
2016-01-26,4.219,1.323,3.1837916666666666,2.8960000000000004,3.2619583333333337
2016-01-27,4.113,1.353,3.06075,2.7600000000000007,3.1837916666666666
2016-01-28,4.048,1.391,2.999041666666667,2.657,3.06075
2016-01-29,4.006,1.633,2.9644583333333334,2.373,2.999041666666667
2016-01-30,3.95,1.838,2.971083333333333,2.112,2.9644583333333334
2016-01-31,3.883,2.208,2.963625,1.6749999999999998,2.971083333333333
2016-02-01,3.788,2.266,2.951625,1.5219999999999998,2.963625
2016-02-02,3.828,2.245,3.0665,1.5829999999999997,2.951625
2016-02-03,3.886,2.014,3.1602083333333333,1.8720000000000003,3.0665
2016-02-04,3.849,1.786,3.164,2.063,3.1602083333333333
2016-02-05,3.969,1.783,3.206,2.186,3.164
2016-02-06,4.161,1.638,3.297375,2.5229999999999997,3.206
2016-02-07,4.371,1.463,3.3045000000000004,2.9080000000000004,3.297375
2016-02-08,4.321,1.171,3.18625,3.1499999999999995,3.3045000000000004
2016-02-09,4.356,0.912,3.0870416666666665,3.444,3.18625
2016-02-10,4.307,0.801,2.9784583333333337,3.5060000000000002,3.0870416666666665
2016-02-11,4.262,0.902,2.895125,3.3599999999999994,2.9784583333333337
2016-02-12,4.181,0.98,2.795625,3.201,2.895125
2016-02-13,4.11,1.233,2.7413333333333334,2.8770000000000002,2.795625
2016-02-14,3.993,1.677,2.7411666666666665,2.316,2.7413333333333334
2016-02-15,3.902,1.713,2.8117083333333333,2.189,2.7411666666666665
2016-02-16,3.873,1.737,2.96775,2.136,2.8117083333333333
2016-02-17,3.77,1.719,3.0554583333333336,2.051,2.96775
2016-02-18,3.799,1.525,3.1018749999999997,2.274,3.0554583333333336
2016-02-19,3.858,1.507,3.065583333333333,2.351,3.1018749999999997
2016-02-20,3.98,1.353,3.0512916666666663,2.627,3.065583333333333
2016-02-21,4.017,1.268,3.0517916666666665,2.7490000000000006,3.0512916666666663
2016-02-22,4.003,1.161,2.9585833333333333,2.842,3.0517916666666665
2016-02-23,4.085,1.092,2.9059166666666667,2.993,2.9585833333333333
2016-02-24,4.134,1.195,2.9731666666666663,2.939,2.9059166666666667
2016-02-25,4.075,1.5,3.027125,2.575,2.9731666666666663
2016-02-26,4.056,1.749,3.028166666666667,2.307,3.027125
2016-02-27,4.05,2.029,3.0820000000000003,2.021,3.028166666666667
2016-02-28,4.018,2.309,3.1147500000000004,1.7089999999999996,3.0820000000000003
2016-02-29,3.938,2.371,3.106958333333333,1.5670000000000002,3.1147500000000004
2016-03-01,3.788,2.258,3.0537500000000004,1.5299999999999998,3.106958333333333
2016-03-02,3.614,2.07,2.997958333333333,1.544,3.0537500000000004
2016-03-03,3.511,1.967,2.9721666666666664,1.544,2.997958333333333
2016-03-04,3.527,1.747,2.997875,1.78,2.9721666666666664
2016-03-05,3.672,1.441,2.968208333333333,2.231,2.997875
2016-03-06,3.762,1.419,2.927375,2.343,2.968208333333333
2016-03-07,3.896,1.173,2.89175,2.723,2.927375
2016-03-08,4.019,0.923,2.8360833333333333,3.096,2.89175
2016-03-09,4.186,0.786,2.7757083333333337,3.4,2.8360833333333333
2016-03-10,4.256,0.824,2.7090416666666663,3.4320000000000004,2.7757083333333337
2016-03-11,4.255,1.017,2.745041666666667,3.238,2.7090416666666663
2016-03-12,4.233,1.367,2.8221666666666665,2.8659999999999997,2.745041666666667
2016-03-13,4.095,1.286,2.809125,2.8089999999999997,2.8221666666666665
2016-03-14,4.007,1.388,2.858166666666667,2.6189999999999998,2.809125
2016-03-15,3.916,1.516,2.9254583333333333,2.4,2.858166666666667
2016-03-16,3.619,1.51,2.8871249999999997,2.109,2.9254583333333333
2016-03-17,3.471,1.471,2.841125,2.0,2.8871249999999997
2016-03-18,3.586,1.416,2.8529583333333335,2.17,2.841125
2016-03-19,3.657,1.469,2.832708333333333,2.1879999999999997,2.8529583333333335
2016-03-20,3.726,1.342,2.8041666666666667,2.384,2.832708333333333
2016-03-21,3.752,1.297,2.76975,2.455,2.8041666666666667
2016-03-22,3.786,1.293,2.7351666666666667,2.4930000000000003,2.76975
2016-03-23,3.821,1.297,2.704458333333333,2.524,2.7351666666666667
2016-03-24,3.921,1.423,2.7142083333333336,2.4979999999999998,2.704458333333333
2016-03-25,4.01,1.648,2.844375,2.362,2.7142083333333336
2016-03-26,4.01,1.814,2.9597916666666664,2.1959999999999997,2.844375
2016-03-27,3.97,1.871,3.034333333333333,2.099,2.9597916666666664
2016-03-28,3.969,1.925,3.1028749999999996,2.0439999999999996,3.034333333333333
2016-03-29,3.82,1.757,2.9825416666666666,2.0629999999999997,3.1028749999999996
2016-03-30,3.628,1.64,2.878375,1.9880000000000002,2.9825416666666666
2016-03-31,3.485,1.709,2.8621250000000003,1.7759999999999998,2.878375
2016-04-01,3.476,1.723,2.872666666666667,1.753,2.8621250000000003
2016-04-02,3.591,1.574,2.846375,2.0170000000000003,2.872666666666667
2016-04-03,3.674,1.379,2.79525,2.295,2.846375
2016-04-04,3.726,1.29,2.7732916666666667,2.436,2.79525
2016-04-05,3.86,1.201,2.783208333333333,2.659,2.7732916666666667
2016-04-06,4.019,1.166,2.7617083333333334,2.853,2.783208333333333
2016-04-07,4.139,1.135,2.6978333333333335,3.0040000000000004,2.7617083333333334
2016-04-08,4.225,0.947,2.6637916666666666,3.2779999999999996,2.6978333333333335
2016-04-09,4.184,0.687,2.643625,3.497,2.6637916666666666
2016-04-10,4.051,0.617,2.6329583333333333,3.434,2.643625
2016-04-11,3.929,0.625,2.6432083333333334,3.304,2.6329583333333333
2016-04-12,3.8,0.836,2.65575,2.964,2.6432083333333334
2016-04-13,3.644,1.055,2.6762083333333333,2.5890000000000004,2.65575
2016-04-14,3.495,1.262,2.6824583333333334,2.233,2.6762083333333333
2016-04-15,3.478,1.483,2.706,1.995,2.6824583333333334
2016-04-16,3.558,1.588,2.7275416666666668,1.9699999999999998,2.706
2016-04-17,3.608,1.657,2.7154583333333338,1.951,2.7275416666666668
2016-04-18,3.722,1.677,2.720416666666667,2.045,2.7154583333333338
2016-04-19,3.806,1.738,2.8266666666666667,2.068,2.720416666666667
2016-04-20,3.882,1.743,2.831,2.1390000000000002,2.8266666666666667
2016-04-21,3.828,1.434,2.750833333333333,2.394,2.831
2016-04-22,3.905,1.196,2.6972916666666666,2.7089999999999996,2.750833333333333
2016-04-23,3.944,1.092,2.6975833333333337,2.852,2.6972916666666666
2016-04-24,3.864,0.95,2.69,2.9139999999999997,2.6975833333333337
2016-04-25,3.781,0.888,2.6437500000000003,2.8930000000000002,2.69
2016-04-26,3.714,0.898,2.6232083333333334,2.816,2.6437500000000003
2016-04-27,3.61,0.912,2.62375,2.698,2.6232083333333334
2016-04-28,3.627,1.118,2.6469166666666664,2.5089999999999995,2.62375
2016-04-29,3.531,1.288,2.671291666666667,2.2430000000000003,2.6469166666666664
2016-04-30,3.566,1.429,2.7128333333333337,2.1369999999999996,2.671291666666667
2016-05-01,3.639,1.477,2.7437916666666666,2.162,2.7128333333333337
2016-05-02,3.713,1.517,2.7628333333333335,2.196,2.7437916666666666
2016-05-03,3.863,1.574,2.8229583333333337,2.2889999999999997,2.7628333333333335
2016-05-04,4.054,1.65,2.8359583333333336,2.4040000000000004,2.8229583333333337
2016-05-05,4.141,1.169,2.8217083333333335,2.972,2.8359583333333336
2016-05-06,4.202,0.798,2.7617499999999997,3.404,2.8217083333333335
2016-05-07,4.207,0.536,2.7347916666666667,3.671,2.7617499999999997
2016-05-08,4.148,0.31,2.69125,3.8379999999999996,2.7347916666666667
2016-05-09,4.037,0.267,2.650333333333333,3.77,2.69125
2016-05-10,3.894,0.46,2.6506666666666665,3.434,2.650333333333333
2016-05-11,3.86,0.705,2.699875,3.155,2.6506666666666665
2016-05-12,3.788,0.969,2.7142083333333336,2.819,2.699875
2016-05-13,3.711,1.308,2.7524583333333332,2.4029999999999996,2.7142083333333336
2016-05-14,3.676,1.677,2.807625,1.999,2.7524583333333332
2016-05-15,3.734,2.016,2.8797916666666663,1.718,2.807625
2016-05-16,3.803,2.254,2.931875,1.549,2.8797916666666663
2016-05-17,3.881,2.084,2.9247083333333332,1.7969999999999997,2.931875
2016-05-18,3.885,1.744,2.8860833333333336,2.141,2.9247083333333332
2016-05-19,3.805,1.445,2.845833333333333,2.3600000000000003,2.8860833333333336
2016-05-20,3.736,1.201,2.7897083333333335,2.535,2.845833333333333
2016-05-21,3.832,1.033,2.7603333333333335,2.799,2.7897083333333335
2016-05-22,3.836,0.78,2.6645,3.056,2.7603333333333335
2016-05-23,3.866,0.714,2.687375,3.152,2.6645
2016-05-24,3.795,0.191,2.596,3.604,2.687375
2016-05-25,3.73,0.692,2.5948333333333333,3.0380000000000003,2.596
2016-05-26,3.649,0.731,2.634625,2.918,2.5948333333333333
2016-05-27,3.634,0.9,2.6394583333333332,2.734,2.634625
2016-05-28,3.7,1.004,2.646916666666667,2.696,2.6394583333333332
2016-05-29,3.695,1.374,2.7079583333333335,2.3209999999999997,2.646916666666667
2016-05-30,3.745,1.529,2.717875,2.216,2.7079583333333335
2016-05-31,3.784,1.697,2.7075,2.0869999999999997,2.717875
2016-06-01,3.808,1.658,2.704791666666667,2.15,2.7075
2016-06-02,3.909,1.212,2.703375,2.697,2.704791666666667
2016-06-03,3.911,0.541,2.628083333333333,3.37,2.703375
2016-06-04,3.919,0.369,2.59525,3.55,2.628083333333333
2016-06-05,3.943,0.079,2.553125,3.864,2.59525
2016-06-06,3.986,0.006,2.5367083333333333,3.9800000000000004,2.553125
2016-06-07,3.898,0.032,2.535791666666667,3.866,2.5367083333333333
2016-06-08,3.815,0.265,2.560416666666667,3.55,2.535791666666667
2016-06-09,3.718,0.452,2.554,3.266,2.560416666666667
2016-06-10,3.717,0.852,2.6075416666666666,2.865,2.554
2016-06-11,3.615,1.183,2.6030416666666665,2.4320000000000004,2.6075416666666666
2016-06-12,3.543,1.434,2.595,2.109,2.6030416666666665
2016-06-13,3.502,1.888,2.6128750000000003,1.6139999999999999,2.595
2016-06-14,3.556,1.992,2.6290416666666667,1.564,2.6128750000000003
2016-06-15,3.486,1.511,2.5713333333333335,1.9750000000000003,2.6290416666666667
2016-06-16,3.477,1.385,2.6067916666666666,2.0919999999999996,2.5713333333333335
2016-06-17,3.491,1.126,2.6144166666666666,2.365,2.6067916666666666
2016-06-18,3.51,0.943,2.595083333333333,2.5669999999999997,2.6144166666666666
2016-06-19,3.675,0.759,2.6439999999999997,2.916,2.595083333333333
2016-06-20,3.775,0.571,2.646166666666667,3.2039999999999997,2.6439999999999997
2016-06-21,3.702,0.531,2.579833333333333,3.171,2.646166666666667
2016-06-22,3.776,0.354,2.5446666666666666,3.4219999999999997,2.579833333333333
2016-06-23,3.76,0.386,2.5500000000000003,3.3739999999999997,2.5446666666666666
2016-06-24,3.718,0.688,2.590666666666667,3.0300000000000002,2.5500000000000003
2016-06-25,3.706,0.72,2.5730833333333334,2.9859999999999998,2.590666666666667
2016-06-26,3.75,1.08,2.5578333333333334,2.67,2.5730833333333334
2016-06-27,3.675,1.404,2.587125,2.271,2.5578333333333334
2016-06-28,3.736,1.747,2.6265833333333335,1.989,2.587125
2016-06-29,3.719,1.747,2.6449166666666666,1.9719999999999998,2.6265833333333335
2016-06-30,3.76,1.328,2.672541666666666,2.4319999999999995,2.6449166666666666
2016-07-01,3.775,0.954,2.675125,2.8209999999999997,2.672541666666666
2016-07-02,3.79,0.544,2.6199583333333334,3.246,2.675125
2016-07-03,3.823,0.279,2.6024583333333333,3.544,2.6199583333333334
2016-07-04,3.814,0.192,2.5799583333333334,3.622,2.6024583333333333
2016-07-05,3.877,0.194,2.609833333333333,3.683,2.5799583333333334
2016-07-06,3.872,0.22,2.5677499999999998,3.6519999999999997,2.609833333333333
2016-07-07,3.82,0.401,2.60125,3.4189999999999996,2.5677499999999998
2016-07-08,3.75,0.601,2.5687916666666664,3.149,2.60125
2016-07-09,3.704,0.905,2.57175,2.7990000000000004,2.5687916666666664
2016-07-10,3.669,1.283,2.562291666666667,2.386,2.57175
2016-07-11,3.625,1.653,2.586375,1.972,2.562291666666667
2016-07-12,3.527,2.018,2.6294583333333335,1.5090000000000003,2.586375
2016-07-13,3.493,1.957,2.666375,1.5359999999999998,2.6294583333333335
2016-07-14,3.473,1.667,2.6593750000000003,1.8059999999999998,2.666375
2016-07-15,3.455,1.422,2.6562916666666667,2.0330000000000004,2.6593750000000003
2016-07-16,3.452,1.19,2.621916666666667,2.262,2.6562916666666667
2016-07-17,3.498,0.958,2.5997083333333335,2.54,2.621916666666667
2016-07-18,3.648,0.773,2.63275,2.875,2.5997083333333335
2016-07-19,3.765,0.611,2.646333333333333,3.154,2.63275
2016-07-20,3.82,0.494,2.6207083333333334,3.3259999999999996,2.646333333333333
2016-07-21,3.884,0.433,2.6247083333333334,3.451,2.6207083333333334
2016-07-22,3.932,0.519,2.6555833333333334,3.413,2.6247083333333334
2016-07-23,3.883,0.651,2.6647916666666664,3.232,2.6555833333333334
2016-07-24,3.891,0.838,2.6768750000000003,3.053,2.6647916666666664
2016-07-25,3.852,1.106,2.653583333333333,2.7459999999999996,2.6768750000000003
2016-07-26,3.863,1.635,2.620875,2.2279999999999998,2.653583333333333
2016-07-27,3.89,1.678,2.674416666666667,2.212,2.620875
2016-07-28,3.756,1.524,2.7280416666666665,2.2319999999999998,2.674416666666667
2016-07-29,3.722,1.137,2.704,2.585,2.7280416666666665
2016-07-30,3.682,0.952,2.6942916666666665,2.73,2.704
2016-07-31,3.783,0.651,2.6964583333333336,3.1319999999999997,2.6942916666666665
2016-08-01,3.806,0.47,2.654875,3.3360000000000003,2.6964583333333336
2016-08-02,3.812,0.476,2.601125,3.336,2.654875
2016-08-03,3.862,0.462,2.6244166666666664,3.4,2.601125
2016-08-04,3.88,0.537,2.6065416666666668,3.343,2.6244166666666664
2016-08-05,3.85,0.789,2.598375,3.061,2.6065416666666668
2016-08-06,3.766,0.924,2.611125,2.842,2.598375
2016-08-07,3.655,1.223,2.5784166666666666,2.4319999999999995,2.611125
2016-08-08,3.614,1.464,2.5922916666666667,2.15,2.5784166666666666
2016-08-09,3.626,1.787,2.6018333333333334,1.839,2.5922916666666667
2016-08-10,3.532,1.932,2.5679166666666666,1.6,2.6018333333333334
2016-08-11,3.362,1.639,2.5835833333333333,1.723,2.5679166666666666
2016-08-12,3.305,1.605,2.6014583333333334,1.7000000000000002,2.5835833333333333
2016-08-13,3.269,1.376,2.575625,1.8930000000000002,2.6014583333333334
2016-08-14,3.335,1.278,2.5777916666666667,2.057,2.575625
2016-08-15,3.493,0.912,2.5614166666666667,2.581,2.5777916666666667
2016-08-16,3.56,0.798,2.5453333333333332,2.762,2.5614166666666667
2016-08-17,3.767,0.552,2.5477083333333335,3.215,2.5453333333333332
2016-08-18,3.841,0.398,2.564583333333333,3.443,2.5477083333333335
2016-08-19,3.942,0.437,2.5808750000000003,3.5050000000000003,2.564583333333333
2016-08-20,3.929,0.539,2.57025,3.3899999999999997,2.5808750000000003
2016-08-21,3.915,0.754,2.59125,3.161,2.57025
2016-08-22,3.959,1.037,2.590125,2.922,2.59125
2016-08-23,3.961,1.575,2.6767083333333335,2.386,2.590125
2016-08-24,3.967,1.446,2.718833333333333,2.521,2.6767083333333335
2016-08-25,3.826,1.365,2.7409166666666667,2.4610000000000003,2.718833333333333
2016-08-26,3.679,1.317,2.7540833333333334,2.362,2.7409166666666667
2016-08-27,3.514,1.196,2.7272083333333335,2.3179999999999996,2.7540833333333334
2016-08-28,3.593,0.989,2.7064166666666662,2.604,2.7272083333333335
2016-08-29,3.759,0.964,2.7268749999999997,2.795,2.7064166666666662
2016-08-30,3.83,0.672,2.658208333333333,3.158,2.7268749999999997
2016-08-31,3.837,0.718,2.6465,3.119,2.658208333333333
2016-09-01,3.881,0.752,2.669541666666667,3.1289999999999996,2.6465
2016-09-02,3.896,0.815,2.6342916666666665,3.081,2.669541666666667
2016-09-03,3.869,0.974,2.6195833333333334,2.8950000000000005,2.6342916666666665
2016-09-04,3.824,1.2,2.615375,2.6239999999999997,2.6195833333333334
2016-09-05,3.719,1.504,2.6125000000000003,2.215,2.615375
2016-09-06,3.623,1.57,2.6270000000000002,2.053,2.6125000000000003
2016-09-07,3.534,1.514,2.615125,2.0199999999999996,2.6270000000000002
2016-09-08,3.424,1.493,2.6327083333333334,1.9309999999999998,2.615125
2016-09-09,3.371,1.536,2.635625,1.835,2.6327083333333334
2016-09-10,3.236,1.467,2.62525,1.7690000000000001,2.635625
2016-09-11,3.432,1.498,2.6130416666666667,1.934,2.62525
2016-09-12,3.586,1.301,2.58625,2.285,2.6130416666666667
2016-09-13,3.646,1.098,2.6245416666666666,2.548,2.58625
2016-09-14,3.767,0.863,2.619875,2.904,2.6245416666666666
2016-09-15,3.908,0.815,2.6761250000000003,3.093,2.619875
2016-09-16,4.028,0.858,2.6979166666666665,3.1699999999999995,2.6761250000000003
2016-09-17,4.152,1.034,2.7768333333333337,3.1180000000000003,2.6979166666666665
2016-09-18,4.272,0.925,2.7735000000000003,3.3470000000000004,2.7768333333333337
2016-09-19,4.267,1.345,2.819125,2.9220000000000006,2.7735000000000003
2016-09-20,4.219,1.063,2.8005833333333334,3.1560000000000006,2.819125
2016-09-21,3.975,1.02,2.779125,2.955,2.8005833333333334
2016-09-22,3.792,1.151,2.810708333333333,2.641,2.779125
2016-09-23,3.743,1.265,2.8755,2.4779999999999998,2.810708333333333
2016-09-24,3.671,1.409,2.9066666666666667,2.2619999999999996,2.8755
2016-09-25,3.708,1.422,2.880875,2.2860000000000005,2.9066666666666667
2016-09-26,3.784,1.593,2.8813333333333335,2.191,2.880875
2016-09-27,3.944,1.39,2.873083333333333,2.5540000000000003,2.8813333333333335
2016-09-28,3.934,1.301,2.854416666666667,2.633,2.873083333333333
2016-09-29,3.878,1.357,2.779541666666667,2.521,2.854416666666667
2016-09-30,3.951,1.497,2.7797916666666667,2.4539999999999997,2.779541666666667
2016-10-01,3.947,1.544,2.7591666666666668,2.403,2.7797916666666667
2016-10-02,3.992,1.594,2.8384583333333335,2.3979999999999997,2.7591666666666668
2016-10-03,3.981,1.474,2.8175833333333333,2.5069999999999997,2.8384583333333335
2016-10-04,3.887,1.378,2.814208333333333,2.5090000000000003,2.8175833333333333
2016-10-05,3.797,1.268,2.7823333333333333,2.529,2.814208333333333
2016-10-06,3.756,1.294,2.7418333333333336,2.4619999999999997,2.7823333333333333
2016-10-07,3.52,1.327,2.7176666666666667,2.193,2.7418333333333336
2016-10-08,3.451,1.16,2.68925,2.2910000000000004,2.7176666666666667
2016-10-09,3.522,1.551,2.7987916666666663,1.9709999999999999,2.68925
2016-10-10,3.645,1.672,2.8559583333333336,1.973,2.7987916666666663
2016-10-11,3.847,1.773,2.894375,2.074,2.8559583333333336
2016-10-12,3.993,1.682,2.934708333333333,2.311,2.894375
2016-10-13,4.194,1.626,3.0078333333333336,2.568,2.934708333333333
2016-10-14,4.215,1.621,3.0390833333333336,2.594,3.0078333333333336
2016-10-15,4.373,1.549,3.020875,2.8240000000000003,3.0390833333333336
2016-10-16,4.416,1.489,2.999083333333333,2.9270000000000005,3.020875
2016-10-17,4.412,1.184,3.014291666666667,3.2279999999999998,2.999083333333333
2016-10-18,4.46,0.869,2.950125,3.591,3.014291666666667
2016-10-19,4.226,0.694,2.893333333333333,3.532,2.950125
2016-10-20,4.115,0.82,2.9002916666666665,3.2950000000000004,2.893333333333333
2016-10-21,3.913,0.722,2.795291666666667,3.191,2.9002916666666665
2016-10-22,3.628,1.005,2.7154583333333338,2.623,2.795291666666667
2016-10-23,3.713,1.366,2.831208333333333,2.347,2.7154583333333338
2016-10-24,3.861,1.611,2.8948750000000003,2.25,2.831208333333333
2016-10-25,3.911,1.783,2.9262916666666663,2.128,2.8948750000000003
2016-10-26,3.899,1.854,2.9147916666666664,2.045,2.9262916666666663
2016-10-27,3.914,1.961,2.877625,1.953,2.9147916666666664
2016-10-28,3.971,2.037,2.934583333333333,1.9340000000000002,2.877625
2016-10-29,4.082,1.79,3.0197083333333334,2.292,2.934583333333333
2016-10-30,4.05,1.573,2.9624583333333336,2.477,3.0197083333333334
2016-10-31,3.956,1.299,2.9296666666666664,2.657,2.9624583333333336
2016-11-01,4.092,1.245,3.0029166666666662,2.8469999999999995,2.9296666666666664
2016-11-02,4.109,1.196,3.076,2.9130000000000003,3.0029166666666662
2016-11-03,4.116,1.369,3.1191666666666666,2.747,3.076
2016-11-04,4.055,1.396,3.114333333333333,2.659,3.1191666666666666
2016-11-05,3.889,1.437,3.048375,2.452,3.114333333333333
2016-11-06,3.776,1.571,3.0235416666666666,2.205,3.048375
2016-11-07,3.788,1.616,2.9811666666666667,2.1719999999999997,3.0235416666666666
2016-11-08,3.81,1.717,2.9444583333333334,2.093,2.9811666666666667
2016-11-09,4.012,1.888,2.9788333333333337,2.1239999999999997,2.9444583333333334
2016-11-10,4.097,1.916,2.982958333333333,2.1810000000000005,2.9788333333333337
2016-11-11,4.162,2.039,3.034708333333333,2.1229999999999998,2.982958333333333
2016-11-12,4.281,1.952,3.0743333333333336,2.3289999999999997,3.034708333333333
2016-11-13,4.351,1.655,3.1374999999999997,2.6959999999999997,3.0743333333333336
2016-11-14,4.456,1.167,3.116375,3.2890000000000006,3.1374999999999997
2016-11-15,4.388,0.849,3.1038333333333337,3.5389999999999997,3.116375
2016-11-16,4.419,0.656,3.0684166666666663,3.7629999999999995,3.1038333333333337
2016-11-17,4.301,0.495,3.0101666666666667,3.806,3.0684166666666663
2016-11-18,4.185,0.583,2.9625416666666666,3.6019999999999994,3.0101666666666667
2016-11-19,4.087,0.863,2.964,3.2239999999999998,2.9625416666666666
2016-11-20,4.041,1.196,2.970125,2.8450000000000006,2.964
2016-11-21,4.007,1.467,2.9446666666666665,2.5399999999999996,2.970125
2016-11-22,3.951,1.739,2.939583333333333,2.2119999999999997,2.9446666666666665
2016-11-23,4.024,2.016,2.966708333333333,2.008,2.939583333333333
2016-11-24,4.055,2.203,3.0215,1.8519999999999999,2.966708333333333
2016-11-25,4.047,2.154,3.093458333333333,1.8929999999999998,3.0215
2016-11-26,4.054,1.981,3.114708333333333,2.0730000000000004,3.093458333333333
2016-11-27,4.182,1.766,3.2379166666666666,2.4160000000000004,3.114708333333333
2016-11-28,4.228,1.745,3.296708333333333,2.4829999999999997,3.2379166666666666
2016-11-29,4.146,1.524,3.215458333333333,2.622,3.296708333333333
2016-11-30,4.087,1.239,3.1221666666666668,2.848,3.215458333333333
2016-12-01,4.164,1.201,3.1637916666666666,2.9629999999999996,3.1221666666666668
2016-12-02,4.172,1.34,3.2118333333333333,2.832,3.1637916666666666
2016-12-03,4.15,1.342,3.157125,2.8080000000000003,3.2118333333333333
2016-12-04,3.989,1.261,3.068208333333333,2.7279999999999998,3.157125
2016-12-05,4.029,1.395,3.06275,2.634,3.068208333333333
2016-12-06,3.963,1.71,3.0785,2.253,3.06275
2016-12-07,4.008,1.856,3.049416666666667,2.152,3.0785
2016-12-08,4.079,2.031,3.074291666666667,2.0479999999999996,3.049416666666667
2016-12-09,4.175,2.349,3.1272083333333334,1.8259999999999996,3.074291666666667
2016-12-10,4.219,1.835,3.138666666666667,2.3840000000000003,3.1272083333333334
2016-12-11,4.268,1.424,3.09275,2.844,3.138666666666667
2016-12-12,4.145,1.256,2.989875,2.8889999999999993,3.09275
2016-12-13,4.262,0.845,3.013708333333333,3.417,2.989875
2016-12-14,4.381,0.619,3.0592083333333338,3.7620000000000005,3.013708333333333
2016-12-15,4.314,0.446,3.0104583333333337,3.868,3.0592083333333338
2016-12-16,4.286,0.392,3.0208333333333335,3.8939999999999997,3.0104583333333337
2016-12-17,4.268,0.779,3.0908333333333338,3.489,3.0208333333333335
2016-12-18,4.161,1.015,3.0377499999999995,3.146,3.0908333333333338
2016-12-19,4.038,1.279,3.02675,2.7590000000000003,3.0377499999999995
2016-12-20,4.037,1.686,3.079916666666667,2.351,3.02675
2016-12-21,3.991,2.021,3.063333333333333,1.9700000000000002,3.079916666666667
2016-12-22,3.985,2.376,3.0957500000000002,1.609,3.063333333333333
2016-12-23,3.96,2.208,3.094958333333333,1.7519999999999998,3.0957500000000002
2016-12-24,3.945,1.892,3.080458333333333,2.053,3.094958333333333
2016-12-25,3.884,1.85,3.0635833333333333,2.034,3.080458333333333
2016-12-26,3.95,1.748,3.097291666666667,2.202,3.0635833333333333
2016-12-27,4.182,1.548,3.2262083333333336,2.6340000000000003,3.097291666666667
2016-12-28,4.079,1.455,3.190583333333333,2.6239999999999997,3.2262083333333336
2016-12-29,4.241,1.181,3.1943750000000004,3.0599999999999996,3.190583333333333
2016-12-30,4.151,1.182,3.161375,2.969,3.1943750000000004
2016-12-31,4.177,1.129,3.145375,3.0479999999999996,3.161375
2017-01-01,4.145,1.086,3.0967083333333334,3.0589999999999993,3.145375
2017-01-02,4.17,1.228,3.1147500000000004,2.942,3.0967083333333334
2017-01-03,4.203,1.4,3.1195416666666667,2.8030000000000004,3.1147500000000004
2017-01-04,4.113,1.567,3.0814583333333334,2.5460000000000003,3.1195416666666667
2017-01-05,4.078,1.947,3.0492500000000002,2.1310000000000002,3.0814583333333334
2017-01-06,4.123,2.166,3.043125,1.9570000000000003,3.0492500000000002
2017-01-07,4.049,1.949,2.996375,2.1000000000000005,3.043125
2017-01-08,4.073,1.524,3.027791666666667,2.5490000000000004,2.996375
2017-01-09,4.095,1.286,3.0524583333333335,2.8089999999999997,3.027791666666667
2017-01-10,4.142,1.194,3.0669583333333335,2.9480000000000004,3.0524583333333335
2017-01-11,4.209,0.839,3.0222916666666664,3.3699999999999997,3.0669583333333335
2017-01-12,4.282,0.508,2.9892083333333335,3.774,3.0222916666666664
2017-01-13,4.316,0.411,2.9876666666666662,3.905,2.9892083333333335
2017-01-14,4.272,0.525,3.0315,3.7470000000000003,2.9876666666666662
2017-01-15,4.172,0.757,3.0077083333333334,3.4149999999999996,3.0315
2017-01-16,4.191,1.041,3.014958333333333,3.15,3.0077083333333334
2017-01-17,4.13,1.351,3.046291666666667,2.779,3.014958333333333
2017-01-18,3.977,1.708,3.0277083333333334,2.269,3.046291666666667
2017-01-19,3.923,2.098,3.042125,1.8250000000000002,3.0277083333333334
2017-01-20,3.926,2.55,3.1117916666666665,1.3760000000000003,3.042125
2017-01-21,3.846,2.324,3.112833333333333,1.5220000000000002,3.1117916666666665
2017-01-22,3.901,2.115,3.1668333333333334,1.7859999999999996,3.112833333333333
2017-01-23,3.859,1.877,3.138875,1.982,3.1668333333333334
2017-01-24,3.855,1.768,3.1169166666666666,2.0869999999999997,3.138875
2017-01-25,3.859,1.588,3.07725,2.271,3.1169166666666666
2017-01-26,4.17,1.407,3.2132916666666667,2.763,3.07725
2017-01-27,4.179,1.407,3.2103333333333333,2.7720000000000002,3.2132916666666667
2017-01-28,4.093,1.127,3.0739583333333336,2.966,3.2103333333333333
2017-01-29,4.098,0.896,2.951791666666667,3.202,3.0739583333333336
2017-01-30,4.174,0.866,2.973333333333333,3.3080000000000003,2.951791666666667
2017-01-31,4.149,0.975,2.9604166666666667,3.174,2.973333333333333
2017-02-01,4.103,1.089,2.8790416666666663,3.014,2.9604166666666667
2017-02-02,4.101,1.372,2.878458333333333,2.729,2.8790416666666663
2017-02-03,3.997,1.768,2.8980833333333336,2.229,2.878458333333333
2017-02-04,3.981,1.958,2.9329583333333336,2.0229999999999997,2.8980833333333336
2017-02-05,3.973,1.806,2.99675,2.167,2.9329583333333336
2017-02-06,3.919,1.528,3.045666666666667,2.391,2.99675
2017-02-07,3.905,1.112,3.0054583333333333,2.7929999999999997,3.045666666666667
2017-02-08,3.948,1.117,2.9659166666666668,2.831,3.0054583333333333
2017-02-09,4.152,0.931,3.0397499999999997,3.221,2.9659166666666668
2017-02-10,4.327,0.943,3.1417083333333333,3.384,3.0397499999999997
2017-02-11,4.373,1.002,3.156333333333333,3.3710000000000004,3.1417083333333333
2017-02-12,4.308,1.053,3.1338749999999997,3.255,3.156333333333333
2017-02-13,4.157,1.177,3.0698333333333334,2.98,3.1338749999999997
2017-02-14,4.152,1.361,3.0345,2.7910000000000004,3.0698333333333334
2017-02-15,4.07,1.68,3.0088749999999997,2.3900000000000006,3.0345
2017-02-16,4.065,1.971,3.0220833333333332,2.0940000000000003,3.0088749999999997
2017-02-17,3.94,2.295,3.0338333333333334,1.645,3.0220833333333332
2017-02-18,3.831,2.294,3.0392500000000005,1.537,3.0338333333333334
2017-02-19,3.683,2.161,2.99875,1.5219999999999998,3.0392500000000005
2017-02-20,3.488,1.851,2.9184583333333336,1.637,2.99875
2017-02-21,3.477,1.609,2.8974166666666665,1.8679999999999999,2.9184583333333336
2017-02-22,3.53,1.535,2.9146249999999996,1.9949999999999999,2.8974166666666665
2017-02-23,3.695,1.479,2.9095416666666662,2.2159999999999997,2.9146249999999996
2017-02-24,3.842,1.248,2.928875,2.5940000000000003,2.9095416666666662
2017-02-25,4.02,1.113,3.032916666666667,2.9069999999999996,2.928875
2017-02-26,4.186,1.211,3.09,2.9749999999999996,3.032916666666667
2017-02-27,4.254,1.284,3.113875,2.9699999999999998,3.09
2017-02-28,4.313,1.319,3.097,2.9939999999999998,3.113875
2017-03-01,4.236,1.41,3.033125,2.8259999999999996,3.097
2017-03-02,4.208,1.661,3.0550833333333336,2.547,3.033125
2017-03-03,4.157,1.888,2.9995,2.269,3.0550833333333336
2017-03-04,4.003,1.639,2.9010833333333337,2.364,2.9995
2017-03-05,3.847,1.507,2.83825,2.34,2.9010833333333337
2017-03-06,3.715,1.44,2.865,2.275,2.83825
2017-03-07,3.631,1.331,2.9207083333333332,2.3,2.865
2017-03-08,3.741,1.227,2.9515,2.5140000000000002,2.9207083333333332
2017-03-09,3.824,1.285,2.926833333333333,2.5389999999999997,2.9515
2017-03-10,3.914,1.1,2.9031249999999997,2.814,2.926833333333333
2017-03-11,3.955,0.997,2.8670000000000004,2.958,2.9031249999999997
2017-03-12,4.034,0.942,2.8068333333333335,3.0919999999999996,2.8670000000000004
2017-03-13,4.034,1.058,2.7727500000000003,2.976,2.8068333333333335
2017-03-14,3.994,1.174,2.7440833333333337,2.8200000000000003,2.7727500000000003
2017-03-15,3.976,1.406,2.751625,2.5700000000000003,2.7440833333333337
2017-03-16,3.91,1.624,2.7779583333333338,2.286,2.751625
2017-03-17,3.812,1.615,2.7924166666666665,2.197,2.7779583333333338
2017-03-18,3.722,1.662,2.799291666666667,2.06,2.7924166666666665
2017-03-19,3.654,1.738,2.8465000000000003,1.916,2.799291666666667
2017-03-20,3.509,1.723,2.8308750000000003,1.7859999999999998,2.8465000000000003
2017-03-21,3.315,1.781,2.839166666666667,1.534,2.8308750000000003
2017-03-22,3.401,1.732,2.8647500000000004,1.6689999999999998,2.839166666666667
2017-03-23,3.544,1.592,2.8318333333333334,1.952,2.8647500000000004
2017-03-24,3.69,1.542,2.848625,2.1479999999999997,2.8318333333333334
2017-03-25,3.852,1.486,2.9047083333333332,2.3659999999999997,2.848625
2017-03-26,3.983,1.432,2.9626249999999996,2.551,2.9047083333333332
2017-03-27,4.095,1.342,2.96875,2.7529999999999997,2.9626249999999996
2017-03-28,4.251,1.337,2.9632083333333337,2.9140000000000006,2.96875
2017-03-29,4.339,1.484,2.907,2.8550000000000004,2.9632083333333337
2017-03-30,4.266,1.244,2.8625833333333333,3.0220000000000002,2.907
2017-03-31,4.152,1.038,2.8035,3.114,2.8625833333333333
2017-04-01,4.156,1.175,2.8482916666666664,2.981,2.8035
2017-04-02,4.046,1.337,2.9709583333333334,2.7090000000000005,2.8482916666666664
2017-04-03,3.913,1.469,3.0216666666666665,2.444,2.9709583333333334
2017-04-04,3.717,1.661,3.0372083333333335,2.056,3.0216666666666665
2017-04-05,3.823,1.622,3.006083333333333,2.2009999999999996,3.0372083333333335
2017-04-06,3.828,1.568,2.994291666666667,2.26,3.006083333333333
2017-04-07,3.912,1.606,2.9642083333333336,2.306,2.994291666666667
2017-04-08,3.949,1.529,2.929625,2.42,2.9642083333333336
2017-04-09,3.941,1.528,2.8619583333333334,2.413,2.929625
2017-04-10,3.946,1.538,2.7887916666666666,2.4080000000000004,2.8619583333333334
2017-04-11,3.962,1.463,2.746916666666667,2.499,2.7887916666666666
2017-04-12,3.9,1.26,2.7063333333333333,2.6399999999999997,2.746916666666667
2017-04-13,3.863,1.198,2.6771666666666665,2.665,2.7063333333333333
2017-04-14,3.857,1.198,2.7705416666666665,2.6590000000000003,2.6771666666666665
2017-04-15,3.839,1.28,2.816291666666667,2.559,2.7705416666666665
2017-04-16,3.736,1.34,2.8337083333333335,2.396,2.816291666666667
2017-04-17,3.675,1.424,2.8110416666666667,2.251,2.8337083333333335
2017-04-18,3.523,1.483,2.765083333333333,2.04,2.8110416666666667
2017-04-19,3.416,1.61,2.7547083333333333,1.8059999999999998,2.765083333333333
2017-04-20,3.442,1.658,2.736666666666667,1.7840000000000003,2.7547083333333333
2017-04-21,3.564,1.566,2.747125,1.998,2.736666666666667
2017-04-22,3.64,1.505,2.733541666666667,2.1350000000000002,2.747125
2017-04-23,3.825,1.578,2.76475,2.247,2.733541666666667
2017-04-24,3.918,1.527,2.8048750000000005,2.391,2.76475
2017-04-25,4.095,1.519,2.830166666666667,2.5759999999999996,2.8048750000000005
2017-04-26,4.25,1.119,2.8250833333333336,3.1310000000000002,2.830166666666667
2017-04-27,4.286,0.789,2.790791666666667,3.4969999999999994,2.8250833333333336
2017-04-28,4.202,0.596,2.7423333333333333,3.606,2.790791666666667
2017-04-29,4.098,0.436,2.702291666666667,3.662,2.7423333333333333
2017-04-30,3.965,0.623,2.7780833333333335,3.3419999999999996,2.702291666666667
2017-05-01,4.033,0.834,2.8240416666666666,3.1990000000000003,2.7780833333333335
2017-05-02,3.869,1.021,2.807166666666667,2.8480000000000003,2.8240416666666666
2017-05-03,3.715,1.273,2.7954166666666667,2.442,2.807166666666667
2017-05-04,3.725,1.505,2.811166666666667,2.22,2.7954166666666667
2017-05-05,3.741,1.609,2.80275,2.132,2.811166666666667
2017-05-06,3.782,1.861,2.812791666666667,1.921,2.80275
2017-05-07,3.841,1.896,2.8355833333333336,1.9450000000000003,2.812791666666667
2017-05-08,3.883,1.653,2.857458333333333,2.23,2.8355833333333336
2017-05-09,3.95,1.371,2.817625,2.579,2.857458333333333
2017-05-10,3.919,1.205,2.8202916666666664,2.714,2.817625
2017-05-11,3.948,1.111,2.7944166666666668,2.8369999999999997,2.8202916666666664
2017-05-12,3.945,0.956,2.811166666666667,2.989,2.7944166666666668
2017-05-13,3.842,0.899,2.7744583333333335,2.943,2.811166666666667
2017-05-14,3.784,0.887,2.75025,2.897,2.7744583333333335
2017-05-15,3.683,0.993,2.7358333333333333,2.69,2.75025
2017-05-16,3.703,1.014,2.6757500000000003,2.689,2.7358333333333333
2017-05-17,3.537,1.234,2.6906250000000003,2.303,2.6757500000000003
2017-05-18,3.578,1.367,2.73875,2.211,2.6906250000000003
2017-05-19,3.624,1.435,2.7224166666666663,2.189,2.73875
2017-05-20,3.692,1.657,2.7875833333333335,2.035,2.7224166666666663
2017-05-21,3.847,1.772,2.809708333333333,2.075,2.7875833333333335
2017-05-22,3.944,1.855,2.807541666666667,2.089,2.809708333333333
2017-05-23,4.011,1.364,2.779291666666667,2.6470000000000002,2.807541666666667
2017-05-24,4.06,0.995,2.7765833333333334,3.0649999999999995,2.779291666666667
2017-05-25,4.069,0.588,2.716708333333333,3.481,2.7765833333333334
2017-05-26,4.096,0.218,2.6540416666666666,3.878,2.716708333333333
2017-05-27,4.153,0.113,2.6498333333333335,4.039999999999999,2.6540416666666666
2017-05-28,4.034,0.185,2.6762083333333333,3.8489999999999998,2.6498333333333335
2017-05-29,4.064,0.332,2.765375,3.732,2.6762083333333333
2017-05-30,4.013,0.681,2.77,3.332,2.765375
2017-05-31,3.936,1.012,2.8232083333333335,2.924,2.77
2017-06-01,3.864,1.329,2.8229583333333337,2.535,2.8232083333333335
2017-06-02,3.763,1.576,2.743,2.187,2.8229583333333337
2017-06-03,3.666,1.897,2.697875,1.769,2.743
2017-06-04,3.615,1.735,2.6609583333333333,1.8800000000000001,2.697875
2017-06-05,3.635,1.408,2.6175833333333336,2.227,2.6609583333333333
2017-06-06,3.614,1.226,2.6047083333333334,2.388,2.6175833333333336
2017-06-07,3.576,1.044,2.62675,2.532,2.6047083333333334
2017-06-08,3.751,0.804,2.6505833333333335,2.947,2.62675
2017-06-09,3.772,0.836,2.690875,2.936,2.6505833333333335
2017-06-10,3.787,0.559,2.609125,3.2279999999999998,2.690875
2017-06-11,3.758,0.557,2.6039166666666667,3.201,2.609125
2017-06-12,3.725,0.669,2.612083333333333,3.056,2.6039166666666667
2017-06-13,3.763,0.731,2.668041666666667,3.032,2.612083333333333
2017-06-14,3.605,0.814,2.613208333333333,2.791,2.668041666666667
2017-06-15,3.639,1.056,2.634958333333333,2.5829999999999997,2.613208333333333
2017-06-16,3.647,1.296,2.685791666666667,2.351,2.634958333333333
2017-06-17,3.667,1.486,2.684041666666667,2.181,2.685791666666667
2017-06-18,3.669,1.765,2.690958333333333,1.9040000000000001,2.684041666666667
2017-06-19,3.67,1.969,2.6847499999999997,1.7009999999999998,2.690958333333333
2017-06-20,3.67,1.342,2.6640833333333336,2.328,2.6847499999999997
2017-06-21,3.807,0.874,2.6544166666666666,2.933,2.6640833333333336
2017-06-22,3.919,0.511,2.6415416666666665,3.408,2.6544166666666666
2017-06-23,3.962,0.343,2.6029583333333335,3.619,2.6415416666666665
2017-06-24,3.974,-0.021,2.5855,3.995,2.6029583333333335
2017-06-25,3.92,-0.139,2.5417083333333332,4.059,2.5855
2017-06-26,3.968,0.145,2.6164583333333336,3.823,2.5417083333333332
2017-06-27,3.901,0.316,2.6465833333333335,3.585,2.6164583333333336
2017-06-28,3.823,0.542,2.6490416666666667,3.2809999999999997,2.6465833333333335
2017-06-29,3.807,0.919,2.665791666666667,2.888,2.6490416666666667
2017-06-30,3.743,1.35,2.686375,2.393,2.665791666666667
2017-07-01,3.674,1.75,2.6997916666666666,1.924,2.686375
2017-07-02,3.665,2.116,2.7035,1.549,2.6997916666666666
2017-07-03,3.568,1.76,2.703208333333333,1.808,2.7035
2017-07-04,3.553,1.457,2.677208333333333,2.096,2.703208333333333
2017-07-05,3.443,1.172,2.6435,2.271,2.677208333333333
2017-07-06,3.515,0.96,2.6246666666666667,2.555,2.6435
2017-07-07,3.656,0.821,2.6389583333333335,2.835,2.6246666666666667
2017-07-08,3.642,0.735,2.61775,2.907,2.6389583333333335
2017-07-09,3.716,0.668,2.6127083333333334,3.048,2.61775
2017-07-10,3.762,0.536,2.619875,3.226,2.6127083333333334
2017-07-11,3.794,0.539,2.620833333333333,3.255,2.619875
2017-07-12,3.64,0.529,2.5759583333333333,3.111,2.620833333333333
2017-07-13,3.653,0.795,2.58025,2.858,2.5759583333333333
2017-07-14,3.669,0.941,2.599416666666667,2.728,2.58025
2017-07-15,3.655,1.082,2.5657916666666667,2.5729999999999995,2.599416666666667
2017-07-16,3.688,1.515,2.622916666666667,2.173,2.5657916666666667
2017-07-17,3.712,2.031,2.651708333333333,1.681,2.622916666666667
2017-07-18,3.722,1.708,2.7070416666666666,2.0140000000000002,2.651708333333333
2017-07-19,3.723,1.299,2.70475,2.424,2.7070416666666666
2017-07-20,3.76,0.924,2.69725,2.836,2.70475
2017-07-21,3.892,0.59,2.6816666666666666,3.302,2.69725
2017-07-22,3.921,0.154,2.6533333333333333,3.767,2.6816666666666666
2017-07-23,3.96,0.142,2.6424583333333334,3.818,2.6533333333333333
2017-07-24,4.025,-0.056,2.6277916666666665,4.081,2.6424583333333334
2017-07-25,4.087,0.176,2.6078333333333332,3.9109999999999996,2.6277916666666665
2017-07-26,3.921,0.462,2.644083333333333,3.4589999999999996,2.6078333333333332
2017-07-27,3.934,0.732,2.644625,3.202,2.644083333333333
2017-07-28,3.913,1.11,2.632125,2.803,2.644625
2017-07-29,3.777,1.529,2.629375,2.248,2.632125
2017-07-30,3.666,1.969,2.66375,1.6969999999999998,2.629375
2017-07-31,3.562,1.983,2.6804166666666664,1.5789999999999997,2.66375
2017-08-01,3.431,1.74,2.6601666666666666,1.691,2.6804166666666664
2017-08-02,3.38,1.364,2.6165416666666665,2.016,2.6601666666666666
2017-08-03,3.32,1.203,2.6020416666666666,2.117,2.6165416666666665
2017-08-04,3.46,0.987,2.576416666666667,2.473,2.6020416666666666
2017-08-05,3.524,0.847,2.5540833333333333,2.677,2.576416666666667
2017-08-06,3.712,0.745,2.608,2.967,2.5540833333333333
2017-08-07,3.748,0.626,2.6085833333333333,3.1220000000000003,2.608
2017-08-08,3.835,0.625,2.6079166666666667,3.21,2.6085833333333333
2017-08-09,3.805,0.523,2.5926666666666667,3.282,2.6079166666666667
2017-08-10,3.903,0.658,2.615791666666667,3.245,2.5926666666666667
2017-08-11,3.865,0.84,2.632125,3.0250000000000004,2.615791666666667
2017-08-12,3.872,1.092,2.665458333333333,2.78,2.632125
2017-08-13,3.773,1.497,2.6507916666666667,2.276,2.665458333333333
2017-08-14,3.836,1.75,2.6793750000000003,2.086,2.6507916666666667
2017-08-15,3.773,1.541,2.656625,2.232,2.6793750000000003
2017-08-16,3.691,1.2,2.638541666666667,2.4909999999999997,2.656625
2017-08-17,3.51,1.243,2.6668749999999997,2.2669999999999995,2.638541666666667
2017-08-18,3.629,0.748,2.635083333333333,2.8810000000000002,2.6668749999999997
2017-08-19,3.821,0.488,2.6675833333333334,3.333,2.635083333333333
2017-08-20,3.961,0.356,2.660083333333333,3.605,2.6675833333333334
2017-08-21,4.025,0.41,2.6907083333333333,3.615,2.660083333333333
2017-08-22,4.048,0.323,2.6497916666666668,3.725,2.6907083333333333
2017-08-23,3.996,0.359,2.6562083333333333,3.637,2.6497916666666668
2017-08-24,4.028,0.794,2.6837083333333336,3.2339999999999995,2.6562083333333333
2017-08-25,3.912,1.161,2.6913750000000003,2.751,2.6837083333333336
2017-08-26,3.898,1.511,2.7132916666666667,2.3870000000000005,2.6913750000000003
2017-08-27,3.834,1.716,2.739875,2.1180000000000003,2.7132916666666667
2017-08-28,3.796,1.732,2.7734583333333336,2.064,2.739875
2017-08-29,3.629,1.722,2.7905833333333336,1.907,2.7734583333333336
2017-08-30,3.466,1.714,2.7780416666666667,1.7520000000000002,2.7905833333333336
2017-08-31,3.337,1.583,2.7582500000000003,1.7540000000000002,2.7780416666666667
2017-09-01,3.464,1.388,2.70275,2.076,2.7582500000000003
2017-09-02,3.617,1.26,2.6922916666666663,2.357,2.70275
2017-09-03,3.341,1.179,2.4549333333333334,2.162,2.6922916666666663
2017-09-06,4.022,0.873,2.7872173913043476,3.149,2.4549333333333334
2017-09-07,4.062,0.944,2.7618333333333336,3.1180000000000003,2.7872173913043476
2017-09-08,4.053,1.047,2.7670833333333333,3.0060000000000002,2.7618333333333336
2017-09-09,4.118,1.289,2.8007916666666666,2.8290000000000006,2.7670833333333333
2017-09-10,3.993,1.5,2.7771666666666666,2.493,2.8007916666666666
2017-09-11,3.884,1.326,2.741375,2.558,2.7771666666666666
2017-09-12,3.734,1.227,2.7328333333333332,2.5069999999999997,2.741375
2017-09-13,3.792,1.248,2.7689583333333334,2.5439999999999996,2.7328333333333332
2017-09-14,3.56,1.208,2.762583333333333,2.3520000000000003,2.7689583333333334
2017-09-15,3.684,1.203,2.7762499999999997,2.481,2.762583333333333
2017-09-16,3.831,1.029,2.7434166666666666,2.802,2.7762499999999997
2017-09-17,4.005,0.962,2.783875,3.043,2.7434166666666666
2017-09-18,4.028,0.873,2.76825,3.1549999999999994,2.783875
2017-09-19,4.163,0.958,2.842458333333333,3.205,2.76825
2017-09-20,4.115,1.031,2.869291666666667,3.0840000000000005,2.842458333333333
2017-09-21,4.138,1.218,2.8779583333333334,2.92,2.869291666666667
2017-09-22,4.202,1.422,2.8682083333333335,2.7800000000000002,2.8779583333333334
2017-09-23,4.046,1.506,2.8254583333333336,2.54,2.8682083333333335
2017-09-24,3.809,1.263,2.7417083333333334,2.5460000000000003,2.8254583333333336
2017-09-25,3.703,1.268,2.751041666666667,2.4349999999999996,2.7417083333333334
2017-09-26,3.618,1.418,2.780625,2.2,2.751041666666667
2017-09-27,3.477,1.468,2.7759583333333335,2.009,2.780625
2017-09-28,3.366,1.593,2.797166666666667,1.7730000000000001,2.7759583333333335
2017-09-29,3.472,1.682,2.824125,1.79,2.797166666666667
2017-09-30,3.533,1.694,2.7866666666666666,1.839,2.824125
2017-10-01,3.715,1.618,2.7775833333333337,2.0969999999999995,2.7866666666666666
2017-10-02,3.658,1.312,2.745625,2.346,2.7775833333333337
2017-10-03,4.019,1.341,2.8136666666666668,2.678,2.745625
2017-10-04,4.193,1.344,2.9114166666666663,2.8489999999999993,2.8136666666666668
2017-10-05,4.226,1.368,2.923625,2.8579999999999997,2.9114166666666663
2017-10-06,4.263,1.479,2.9084583333333334,2.784,2.923625
2017-10-07,4.316,1.374,2.9482083333333335,2.9419999999999997,2.9084583333333334
2017-10-08,4.373,1.163,3.0075833333333333,3.21,2.9482083333333335
2017-10-09,4.308,0.989,3.00475,3.319,3.0075833333333333
2017-10-10,4.17,1.024,3.0039583333333333,3.146,3.00475
2017-10-11,4.006,1.138,3.0028333333333332,2.8680000000000003,3.0039583333333333
2017-10-12,4.017,1.326,3.059625,2.6910000000000003,3.0028333333333332
2017-10-13,4.048,1.509,3.0446666666666666,2.539,3.059625
2017-10-14,4.024,1.475,3.0036666666666663,2.549,3.0446666666666666
2017-10-15,4.007,1.314,2.9030833333333335,2.6929999999999996,3.0036666666666663
2017-10-16,4.193,1.574,2.9975,2.6189999999999998,2.9030833333333335
2017-10-17,4.332,1.838,3.1353333333333335,2.4939999999999998,2.9975
2017-10-18,4.272,1.966,3.1623750000000004,2.306,3.1353333333333335
2017-10-19,4.241,1.872,3.088041666666667,2.3689999999999998,3.1623750000000004
2017-10-20,4.238,1.559,3.082625,2.6790000000000003,3.088041666666667
2017-10-21,4.298,1.469,3.1202083333333337,2.8289999999999997,3.082625
2017-10-22,4.249,1.294,3.0765,2.9549999999999996,3.1202083333333337
2017-10-23,4.217,1.306,3.1004166666666664,2.9109999999999996,3.0765
2017-10-24,4.059,1.438,3.140041666666667,2.6210000000000004,3.1004166666666664
2017-10-25,3.851,1.479,3.0502083333333334,2.372,3.140041666666667
2017-10-26,3.78,1.72,3.095083333333333,2.0599999999999996,3.0502083333333334
2017-10-27,3.861,1.868,3.1465,1.993,3.095083333333333
2017-10-28,3.888,2.06,3.1529583333333338,1.8279999999999998,3.1465
2017-10-29,4.046,2.186,3.1993333333333336,1.8600000000000003,3.1529583333333338
2017-10-30,4.155,2.285,3.2079166666666663,1.87,3.1993333333333336
2017-10-31,4.115,2.213,3.20025,1.9020000000000001,3.2079166666666663
2017-11-01,4.221,2.135,3.1755416666666663,2.0860000000000003,3.20025
2017-11-02,4.345,2.365,3.2868333333333335,1.9799999999999995,3.1755416666666663
2017-11-03,4.333,2.065,3.2339583333333337,2.2680000000000002,3.2868333333333335
2017-11-04,4.4,1.493,3.1532916666666666,2.907,3.2339583333333337
2017-11-05,4.389,1.14,3.1290416666666663,3.2490000000000006,3.1532916666666666
2017-11-06,4.488,0.869,3.158958333333333,3.6190000000000007,3.1290416666666663
2017-11-07,4.376,0.865,3.139958333333333,3.511,3.158958333333333
2017-11-08,4.281,0.926,3.123625,3.3549999999999995,3.139958333333333
2017-11-09,4.157,0.964,3.092166666666667,3.193,3.123625
2017-11-10,4.058,1.23,3.060458333333333,2.828,3.092166666666667
2017-11-11,4.102,1.567,3.062333333333333,2.535,3.060458333333333
2017-11-12,4.139,1.808,3.0752083333333338,2.3310000000000004,3.062333333333333
2017-11-13,4.154,1.979,3.077125,2.175,3.0752083333333338
2017-11-14,4.15,2.126,3.0858333333333334,2.0240000000000005,3.077125
2017-11-15,4.224,2.084,3.092333333333333,2.14,3.0858333333333334
2017-11-16,4.161,1.782,3.0412916666666665,2.3789999999999996,3.092333333333333
2017-11-17,4.061,1.385,3.001583333333333,2.676,3.0412916666666665
2017-11-18,4.124,1.184,3.0069583333333334,2.9399999999999995,3.001583333333333
2017-11-19,4.033,0.966,2.9330416666666665,3.067,3.0069583333333334
2017-11-20,3.993,1.062,2.944875,2.931,2.9330416666666665
2017-11-21,4.008,1.005,2.978291666666667,3.003,2.944875
2017-11-22,4.038,1.168,3.0540000000000003,2.87,2.978291666666667
2017-11-23,4.039,1.363,3.1718333333333333,2.6759999999999997,3.0540000000000003
2017-11-24,3.959,1.572,3.1642500000000005,2.387,3.1718333333333333
2017-11-25,3.975,1.763,3.1725833333333333,2.212,3.1642500000000005
2017-11-26,3.939,1.997,3.1657499999999996,1.942,3.1725833333333333
2017-11-27,4.045,2.312,3.254958333333333,1.733,3.1657499999999996
2017-11-28,4.01,2.423,3.1729583333333333,1.5869999999999997,3.254958333333333
2017-11-29,3.993,2.436,3.1177499999999996,1.557,3.1729583333333333
2017-11-30,4.108,2.22,3.2002916666666668,1.8879999999999995,3.1177499999999996
2017-12-01,4.263,1.922,3.2153333333333336,2.341,3.2002916666666668
2017-12-02,4.291,1.6,3.1486250000000005,2.6910000000000003,3.2153333333333336
2017-12-03,4.334,1.076,3.0952916666666668,3.2579999999999996,3.1486250000000005
2017-12-04,4.487,0.793,3.1827083333333337,3.694,3.0952916666666668
2017-12-05,4.522,0.766,3.2072916666666664,3.7560000000000002,3.1827083333333337
2017-12-06,4.355,0.668,3.1434583333333332,3.6870000000000003,3.2072916666666664
2017-12-07,4.206,0.722,3.0719583333333333,3.4840000000000004,3.1434583333333332
2017-12-08,4.206,1.0,3.1257083333333333,3.2060000000000004,3.0719583333333333
2017-12-09,4.18,1.395,3.1301666666666663,2.7849999999999997,3.1257083333333333
2017-12-10,4.024,1.651,3.0579583333333336,2.373,3.1301666666666663
2017-12-11,4.035,1.994,3.0425,2.0410000000000004,3.0579583333333336
2017-12-12,4.044,2.264,3.074291666666667,1.7799999999999998,3.0425
2017-12-13,4.012,1.922,3.0502916666666664,2.09,3.074291666666667
2017-12-14,4.005,1.818,3.013583333333333,2.187,3.0502916666666664
2017-12-15,4.037,1.628,3.079166666666667,2.409,3.013583333333333
2017-12-16,4.18,1.487,3.22,2.6929999999999996,3.079166666666667
2017-12-17,4.157,1.634,3.3043333333333336,2.523,3.22
2017-12-18,4.285,1.413,3.2774583333333336,2.872,3.3043333333333336
2017-12-19,4.244,1.306,3.268333333333333,2.9379999999999997,3.2774583333333336
2017-12-20,4.19,1.221,3.1988749999999997,2.9690000000000003,3.268333333333333
2017-12-21,4.198,1.259,3.222583333333333,2.9390000000000005,3.1988749999999997
2017-12-22,4.068,1.401,3.1715416666666667,2.667,3.222583333333333
2017-12-23,4.026,1.398,3.156,2.628,3.1715416666666667
2017-12-24,4.026,1.555,3.113875,2.471,3.156
2017-12-25,4.177,1.762,3.1999999999999997,2.4149999999999996,3.113875
2017-12-26,3.865,1.934,2.9709583333333334,1.9310000000000003,3.1999999999999997
2017-12-27,3.945,2.155,2.967458333333333,1.79,2.9709583333333334
2017-12-28,3.971,2.084,2.9920416666666667,1.887,2.967458333333333
2017-12-29,4.054,1.772,3.0561666666666665,2.282,2.9920416666666667
2017-12-30,4.149,1.448,3.1157083333333335,2.701,3.0561666666666665
2017-12-31,4.249,1.301,3.1448750000000003,2.9479999999999995,3.1157083333333335
2018-01-01,4.334,1.02,3.141375,3.3139999999999996,3.1448750000000003
2018-01-02,4.415,0.671,3.095791666666667,3.7439999999999998,3.141375
2018-01-03,4.424,0.473,3.062291666666667,3.9510000000000005,3.095791666666667
2018-01-04,4.252,0.363,2.95575,3.889,3.062291666666667
2018-01-05,4.182,0.468,2.8992083333333336,3.7140000000000004,2.95575
2018-01-06,4.134,0.776,2.8985416666666666,3.3580000000000005,2.8992083333333336
2018-01-07,4.01,1.105,2.8466666666666662,2.905,2.8985416666666666
2018-01-08,3.892,1.407,2.8082499999999997,2.485,2.8466666666666662
2018-01-09,3.918,1.771,2.8660416666666664,2.1470000000000002,2.8082499999999997
2018-01-10,3.993,2.32,3.0568333333333335,1.673,2.8660416666666664
2018-01-11,3.907,2.056,3.1311250000000004,1.851,3.0568333333333335
2018-01-12,3.897,1.957,3.1518333333333337,1.9399999999999997,3.1311250000000004
2018-01-13,3.904,1.739,3.145375,2.165,3.1518333333333337
2018-01-14,3.93,1.529,3.0846666666666667,2.4010000000000002,3.145375
2018-01-15,3.977,1.337,3.09325,2.6399999999999997,3.0846666666666667
2018-01-16,4.032,1.242,3.0679583333333333,2.79,3.09325
2018-01-17,4.039,1.058,3.032208333333333,2.981,3.0679583333333333
2018-01-18,4.016,0.992,3.00475,3.024,3.032208333333333
2018-01-19,3.969,0.902,2.9299583333333334,3.0669999999999997,3.00475
2018-01-20,3.921,0.992,2.918833333333333,2.929,2.9299583333333334
2018-01-21,3.921,1.158,2.8956666666666666,2.763,2.918833333333333
2018-01-22,3.88,1.367,2.892875,2.513,2.8956666666666666
2018-01-23,3.945,1.609,2.9036666666666666,2.336,2.892875
2018-01-24,3.902,1.843,2.8859583333333334,2.059,2.9036666666666666
2018-01-25,3.824,2.187,2.9002499999999998,1.637,2.8859583333333334
2018-01-26,3.848,1.807,2.9259583333333334,2.041,2.9002499999999998
2018-01-27,3.914,1.42,3.000125,2.494,2.9259583333333334
2018-01-28,3.912,1.17,2.962875,2.742,3.000125
2018-01-29,4.112,1.094,3.043416666666667,3.018,2.962875
2018-01-30,4.296,0.846,3.12175,3.45,3.043416666666667
2018-01-31,4.387,0.804,3.1294166666666663,3.5829999999999993,3.12175
2018-02-01,4.5,0.796,3.206,3.7039999999999997,3.1294166666666663
2018-02-02,4.43,0.731,3.0979166666666664,3.699,3.206
2018-02-03,4.291,1.024,3.1069999999999998,3.2670000000000003,3.0979166666666664
2018-02-04,4.228,1.269,3.0721249999999998,2.9589999999999996,3.1069999999999998
2018-02-05,4.1,1.557,3.0278333333333336,2.5429999999999997,3.0721249999999998
2018-02-06,4.093,2.019,3.0632083333333333,2.074,3.0278333333333336
2018-02-07,3.932,2.285,3.0277499999999997,1.6469999999999998,3.0632083333333333
2018-02-08,3.797,2.117,3.0135,1.6800000000000002,3.0277499999999997
2018-02-09,3.607,1.862,2.970166666666667,1.745,3.0135
2018-02-10,3.486,1.631,2.918125,1.8550000000000002,2.970166666666667
2018-02-11,3.607,1.588,2.941625,2.019,2.918125
2018-02-12,3.731,1.52,3.030041666666667,2.211,2.941625
2018-02-13,3.846,1.483,3.0359166666666666,2.363,3.030041666666667
2018-02-14,3.826,1.272,2.9583333333333335,2.5540000000000003,3.0359166666666666
2018-02-15,3.859,1.075,2.875583333333333,2.784,2.9583333333333335
2018-02-16,3.941,0.908,2.8186250000000004,3.033,2.875583333333333
2018-02-17,3.989,0.945,2.842333333333333,3.044,2.8186250000000004
2018-02-18,4.003,1.072,2.8327500000000003,2.931,2.842333333333333
2018-02-19,3.899,1.166,2.779291666666667,2.733,2.8327500000000003
2018-02-20,3.993,1.368,2.7857083333333335,2.625,2.779291666666667
2018-02-21,3.938,1.588,2.786375,2.35,2.7857083333333335
2018-02-22,3.977,1.924,2.8689999999999998,2.053,2.786375
2018-02-23,3.865,1.803,2.8925416666666663,2.0620000000000003,2.8689999999999998
2018-02-24,3.737,1.647,2.898,2.09,2.8925416666666663
2018-02-25,3.797,1.473,3.001708333333333,2.324,2.898
2018-02-26,3.876,1.308,3.0803333333333334,2.5679999999999996,3.001708333333333
2018-02-27,3.982,1.228,3.045391304347826,2.7540000000000004,3.0803333333333334
2018-02-28,4.01,0.962,2.9779583333333335,3.048,3.045391304347826
2018-03-01,4.113,0.726,2.891083333333333,3.3870000000000005,2.9779583333333335
2018-03-02,4.225,0.632,2.858458333333333,3.5929999999999995,2.891083333333333
2018-03-03,4.212,0.707,2.79625,3.505,2.858458333333333
2018-03-04,4.087,0.86,2.709,3.227,2.79625
2018-03-05,4.033,1.093,2.6765000000000003,2.9400000000000004,2.709
2018-03-06,3.988,1.516,2.7118333333333333,2.472,2.6765000000000003
2018-03-07,3.844,1.64,2.764375,2.2039999999999997,2.7118333333333333
2018-03-08,3.654,1.839,2.807541666666667,1.815,2.764375
2018-03-09,3.652,2.011,2.9792916666666667,1.641,2.807541666666667
2018-03-10,3.657,2.2,3.1352499999999996,1.4569999999999999,2.9792916666666667
2018-03-11,3.619,1.978,3.0805416666666665,1.6410000000000002,3.1352499999999996
2018-03-12,3.649,1.794,3.0204583333333335,1.855,3.0805416666666665
2018-03-13,3.762,1.667,2.9807083333333337,2.0949999999999998,3.0204583333333335
2018-03-14,3.736,1.594,2.9185416666666666,2.1420000000000003,2.9807083333333337
2018-03-15,3.768,1.372,2.8539166666666667,2.396,2.9185416666666666
2018-03-16,3.852,1.201,2.813541666666667,2.651,2.8539166666666667
2018-03-17,3.938,1.108,2.806875,2.83,2.813541666666667
2018-03-18,3.973,1.143,2.7561666666666667,2.83,2.806875
2018-03-19,4.016,1.192,2.7329166666666667,2.824,2.7561666666666667
2018-03-20,3.986,1.363,2.688458333333333,2.623,2.7329166666666667
2018-03-21,4.052,1.447,2.764125,2.6049999999999995,2.688458333333333
2018-03-22,4.111,1.566,2.932625,2.545,2.764125
2018-03-23,4.004,1.552,2.9867916666666665,2.4519999999999995,2.932625
2018-03-24,3.857,1.52,2.951,2.337,2.9867916666666665
2018-03-25,3.673,1.485,2.935791666666667,2.1879999999999997,2.951
2018-03-26,3.703,1.536,3.0059583333333335,2.167,2.935791666666667
2018-03-27,3.911,1.426,3.05625,2.4850000000000003,3.0059583333333335
2018-03-28,4.006,1.39,3.0241666666666664,2.6160000000000005,3.05625
2018-03-29,4.03,1.217,2.9180833333333336,2.813,3.0241666666666664
2018-03-30,4.058,1.062,2.87375,2.9959999999999996,2.9180833333333336
2018-03-31,4.186,1.228,2.905375,2.958,2.87375
2018-04-01,4.208,1.356,2.8749583333333333,2.8520000000000003,2.905375
2018-04-02,4.118,1.416,2.818208333333333,2.7020000000000004,2.8749583333333333
2018-04-03,4.015,1.299,2.7919583333333335,2.7159999999999997,2.818208333333333
2018-04-04,3.902,1.268,2.768166666666667,2.6340000000000003,2.7919583333333335
2018-04-05,3.756,1.245,2.75375,2.5109999999999997,2.768166666666667
2018-04-06,3.646,1.452,2.7869166666666665,2.194,2.75375
2018-04-07,3.67,1.784,2.9435416666666665,1.886,2.7869166666666665
2018-04-08,3.57,1.958,3.0345416666666662,1.6119999999999999,2.9435416666666665
2018-04-09,3.713,2.019,3.0681666666666665,1.694,3.0345416666666662
2018-04-10,3.733,1.932,3.0171666666666668,1.8010000000000002,3.0681666666666665
2018-04-11,3.771,1.791,2.9679583333333333,1.98,3.0171666666666668
2018-04-12,3.814,1.705,2.9140833333333336,2.109,2.9679583333333333
2018-04-13,3.857,1.592,2.84425,2.265,2.9140833333333336
2018-04-14,3.873,1.514,2.8072916666666665,2.359,2.84425
2018-04-15,3.957,1.487,2.783166666666667,2.4699999999999998,2.8072916666666665
2018-04-16,4.109,1.405,2.810833333333333,2.7039999999999997,2.783166666666667
2018-04-17,4.182,1.095,2.811125,3.0870000000000006,2.810833333333333
2018-04-18,4.129,1.048,2.7935,3.0809999999999995,2.811125
2018-04-19,4.056,0.864,2.785375,3.192,2.7935
2018-04-20,3.989,0.873,2.8052083333333333,3.1159999999999997,2.785375
2018-04-21,3.907,0.897,2.777416666666667,3.01,2.8052083333333333
2018-04-22,3.766,1.076,2.7870833333333334,2.69,2.777416666666667
2018-04-23,3.692,1.214,2.8102916666666666,2.478,2.7870833333333334
2018-04-24,3.776,1.342,2.8162916666666664,2.4339999999999997,2.8102916666666666
2018-04-25,3.831,1.341,2.84325,2.49,2.8162916666666664
2018-04-26,3.892,1.453,2.829708333333333,2.439,2.84325
2018-04-27,3.92,1.424,2.8332083333333333,2.496,2.829708333333333
2018-04-28,4.04,1.632,2.8519166666666664,2.4080000000000004,2.8332083333333333
2018-04-29,4.007,1.321,2.79325,2.686,2.8519166666666664
2018-04-30,4.003,1.063,2.8179999999999996,2.9400000000000004,2.79325
2018-05-01,3.962,0.867,2.724625,3.095,2.8179999999999996
2018-05-02,3.929,0.865,2.6820416666666667,3.064,2.724625
2018-05-03,3.884,0.873,2.706958333333333,3.011,2.6820416666666667
2018-05-04,3.767,0.965,2.7589583333333336,2.802,2.706958333333333
2018-05-05,3.743,1.082,2.733625,2.6609999999999996,2.7589583333333336
2018-05-06,3.59,1.152,2.686833333333333,2.4379999999999997,2.733625
2018-05-07,3.549,1.432,2.736416666666667,2.117,2.686833333333333
2018-05-08,3.539,1.564,2.7444583333333337,1.975,2.736416666666667
2018-05-09,3.599,1.651,2.7444166666666665,1.9480000000000002,2.7444583333333337
2018-05-10,3.706,1.76,2.7576250000000004,1.946,2.7444166666666665
2018-05-11,3.746,1.821,2.7718333333333334,1.925,2.7576250000000004
2018-05-12,3.854,1.89,2.8066666666666666,1.9640000000000002,2.7718333333333334
2018-05-13,3.948,1.599,2.8204583333333333,2.349,2.8066666666666666
2018-05-14,4.039,1.214,2.8550833333333334,2.8249999999999997,2.8204583333333333
2018-05-15,4.113,0.863,2.8101249999999998,3.2500000000000004,2.8550833333333334
2018-05-16,4.149,0.534,2.718875,3.615,2.8101249999999998
2018-05-17,4.104,0.315,2.6705,3.789,2.718875
2018-05-18,3.995,0.243,2.6550833333333332,3.7520000000000002,2.6705
2018-05-19,3.905,0.278,2.6691249999999997,3.627,2.6550833333333332
2018-05-20,3.965,0.565,2.692375,3.4,2.6691249999999997
2018-05-21,3.815,0.894,2.735375,2.921,2.692375
2018-05-22,3.8,1.146,2.7367916666666665,2.654,2.735375
2018-05-23,3.832,1.498,2.814125,2.3339999999999996,2.7367916666666665
2018-05-24,3.913,1.641,2.82775,2.272,2.814125
2018-05-25,3.957,1.912,2.847208333333333,2.045,2.82775
2018-05-26,3.974,1.561,2.830458333333333,2.4130000000000003,2.847208333333333
2018-05-27,3.963,1.244,2.8005,2.7190000000000003,2.830458333333333
2018-05-28,3.894,1.025,2.7716250000000002,2.869,2.8005
2018-05-29,3.902,0.773,2.7588749999999997,3.129,2.7716250000000002
2018-05-30,3.918,0.799,2.751875,3.119,2.7588749999999997
2018-05-31,3.802,0.668,2.692833333333333,3.134,2.751875
2018-06-01,3.719,0.723,2.7148749999999997,2.996,2.692833333333333
2018-06-02,3.652,0.627,2.652875,3.0250000000000004,2.7148749999999997
2018-06-03,3.61,1.008,2.639291666666667,2.602,2.652875
2018-06-04,3.641,1.044,2.633625,2.597,2.639291666666667
2018-06-05,3.558,1.238,2.6692083333333336,2.32,2.633625
2018-06-06,3.543,1.478,2.6861304347826085,2.0650000000000004,2.6692083333333336
2018-06-07,3.61,1.747,2.6730416666666668,1.8629999999999998,2.6861304347826085
2018-06-08,3.529,1.719,2.6100833333333333,1.8099999999999998,2.6730416666666668
2018-06-09,3.558,1.948,2.627333333333333,1.6099999999999999,2.6100833333333333
2018-06-10,3.568,1.538,2.6590000000000003,2.0300000000000002,2.627333333333333
2018-06-11,3.803,1.033,2.5855416666666664,2.77,2.6590000000000003
2018-06-12,3.792,0.546,2.562375,3.2459999999999996,2.5855416666666664
2018-06-13,3.901,0.22,2.52875,3.6809999999999996,2.562375
2018-06-14,3.96,-0.021,2.5309583333333334,3.981,2.52875
2018-06-15,3.998,-0.05,2.5140833333333332,4.048,2.5309583333333334
2018-06-16,3.839,-0.207,2.4656249999999997,4.046,2.5140833333333332
2018-06-17,3.794,0.066,2.49825,3.728,2.4656249999999997
2018-06-18,3.742,0.482,2.5645000000000002,3.26,2.49825
2018-06-19,3.796,0.943,2.6362083333333333,2.8529999999999998,2.5645000000000002
2018-06-20,3.741,1.325,2.6650416666666668,2.4160000000000004,2.6362083333333333
2018-06-21,3.687,1.643,2.649,2.0439999999999996,2.6650416666666668
2018-06-22,3.666,1.894,2.6454166666666667,1.772,2.649
2018-06-23,3.604,1.56,2.6294999999999997,2.044,2.6454166666666667
2018-06-24,3.596,1.211,2.5947083333333336,2.385,2.6294999999999997
2018-06-25,3.504,0.958,2.596,2.5460000000000003,2.5947083333333336
2018-06-26,3.561,0.739,2.567041666666667,2.822,2.596
2018-06-27,3.657,0.659,2.569125,2.998,2.567041666666667
2018-06-28,3.706,0.548,2.567083333333333,3.158,2.569125
2018-06-29,3.69,0.494,2.5882916666666667,3.1959999999999997,2.567083333333333
2018-06-30,3.672,0.576,2.577291666666667,3.096,2.5882916666666667
2018-07-01,3.733,0.558,2.5420833333333333,3.175,2.577291666666667
2018-07-02,3.584,0.549,2.485625,3.035,2.5420833333333333
2018-07-03,3.565,0.657,2.4781666666666666,2.908,2.485625
2018-07-04,3.373,0.977,2.426625,2.3960000000000004,2.4781666666666666
2018-07-05,3.567,1.205,2.485375,2.362,2.426625
2018-07-06,3.458,1.592,2.4770416666666666,1.866,2.485375
2018-07-07,3.284,1.915,2.507375,1.3689999999999998,2.4770416666666666
2018-07-08,3.487,1.697,2.5905833333333335,1.79,2.507375
2018-07-09,3.624,1.37,2.6062083333333335,2.254,2.5905833333333335
2018-07-10,3.617,0.929,2.568875,2.6879999999999997,2.6062083333333335
2018-07-11,3.674,0.47,2.5497083333333332,3.2039999999999997,2.568875
2018-07-12,3.971,0.087,2.5589166666666667,3.884,2.5497083333333332
2018-07-13,4.1,-0.128,2.5765,4.228,2.5589166666666667
2018-07-14,4.01,-0.12,2.595375,4.13,2.5765
2018-07-15,3.995,0.068,2.595458333333333,3.927,2.595375
2018-07-16,3.978,0.26,2.6042916666666667,3.718,2.595458333333333
2018-07-17,3.884,0.674,2.6384166666666666,3.21,2.6042916666666667
2018-07-18,3.968,1.084,2.6683333333333334,2.884,2.6384166666666666
2018-07-19,3.75,1.587,2.6964166666666665,2.1630000000000003,2.6683333333333334
2018-07-20,3.857,2.039,2.7252083333333332,1.818,2.6964166666666665
2018-07-21,3.733,1.688,2.72175,2.045,2.7252083333333332
2018-07-22,3.666,1.391,2.691875,2.275,2.72175
2018-07-23,3.527,1.186,2.634625,2.341,2.691875
2018-07-24,3.479,0.964,2.611083333333333,2.515,2.634625
2018-07-25,3.545,0.754,2.582875,2.791,2.611083333333333
2018-07-26,3.613,0.696,2.572416666666667,2.917,2.582875
2018-07-27,3.688,0.566,2.5917499999999998,3.1220000000000003,2.572416666666667
2018-07-28,3.753,0.543,2.5980416666666666,3.21,2.5917499999999998
2018-07-29,3.793,0.551,2.6149583333333335,3.242,2.5980416666666666
2018-07-30,3.756,0.65,2.610583333333333,3.106,2.6149583333333335
2018-07-31,3.777,0.837,2.6274166666666665,2.9400000000000004,2.610583333333333
2018-08-01,3.751,0.988,2.647,2.763,2.6274166666666665
2018-08-02,3.641,1.021,2.531375,2.62,2.647
2018-08-03,3.7,1.504,2.5855416666666664,2.196,2.531375
2018-08-04,3.635,1.884,2.6268333333333334,1.751,2.5855416666666664
2018-08-05,3.623,1.789,2.622375,1.8340000000000003,2.6268333333333334
2018-08-06,3.502,1.536,2.641375,1.9659999999999997,2.622375
2018-08-07,3.557,1.193,2.656375,2.364,2.641375
2018-08-08,3.573,0.763,2.6094583333333334,2.81,2.656375
2018-08-09,3.809,0.461,2.5879583333333334,3.3480000000000003,2.6094583333333334
2018-08-10,3.931,0.188,2.5675416666666666,3.743,2.5879583333333334
2018-08-11,4.004,0.002,2.5782916666666664,4.002,2.5675416666666666
2018-08-12,4.009,0.059,2.564833333333333,3.95,2.5782916666666664
2018-08-13,4.007,0.164,2.572833333333333,3.8429999999999995,2.564833333333333
2018-08-14,4.005,0.348,2.573166666666667,3.657,2.572833333333333
2018-08-15,3.841,0.886,2.548625,2.955,2.573166666666667
2018-08-16,3.717,1.383,2.5653333333333332,2.334,2.548625
2018-08-17,3.744,1.663,2.618125,2.0810000000000004,2.5653333333333332
2018-08-18,3.655,1.538,2.6245416666666666,2.117,2.618125
2018-08-19,3.45,1.561,2.6339166666666665,1.8890000000000002,2.6245416666666666
2018-08-20,3.386,1.605,2.637208333333333,1.7810000000000001,2.6339166666666665
2018-08-21,3.392,1.327,2.6409583333333333,2.065,2.637208333333333
2018-08-22,3.486,1.135,2.6066086956521737,2.351,2.6409583333333333
2018-08-23,3.567,0.964,2.5801363636363637,2.603,2.6066086956521737
2018-08-24,3.67,0.885,2.601,2.785,2.5801363636363637
2018-08-25,3.626,0.791,2.5470416666666664,2.835,2.601
2018-08-26,3.72,0.798,2.5779166666666664,2.922,2.5470416666666664
2018-08-27,3.754,0.839,2.6016666666666666,2.915,2.5779166666666664
2018-08-28,3.721,0.849,2.595625,2.872,2.6016666666666666
2018-08-29,3.744,1.076,2.583458333333333,2.668,2.595625
2018-08-30,3.715,1.259,2.6068333333333333,2.456,2.583458333333333
2018-08-31,3.653,1.465,2.6034166666666665,2.1879999999999997,2.6068333333333333
2018-09-01,3.562,1.584,2.5653333333333332,1.9779999999999998,2.6034166666666665
2018-09-02,3.56,1.507,2.6205416666666665,2.053,2.5653333333333332
2018-09-03,3.522,1.385,2.630291666666667,2.1369999999999996,2.6205416666666665
2018-09-04,3.382,1.203,2.5844583333333335,2.1790000000000003,2.630291666666667
2018-09-05,3.436,1.042,2.6087916666666664,2.394,2.5844583333333335
2018-09-06,3.65,0.853,2.646125,2.7969999999999997,2.6087916666666664
2018-09-07,3.809,0.665,2.6688333333333336,3.144,2.646125
2018-09-08,3.919,0.415,2.6818333333333335,3.504,2.6688333333333336
2018-09-09,4.034,0.413,2.7121666666666666,3.621,2.6818333333333335
2018-09-10,4.064,0.531,2.705416666666667,3.533,2.7121666666666666
2018-09-11,4.061,0.666,2.6967083333333335,3.395,2.705416666666667
2018-09-12,4.126,1.046,2.70875,3.08,2.6967083333333335
2018-09-13,3.991,1.505,2.7455416666666665,2.486,2.70875
2018-09-14,3.946,1.441,2.795083333333334,2.505,2.7455416666666665
2018-09-15,3.799,1.492,2.828708333333333,2.307,2.795083333333334
2018-09-16,3.688,1.432,2.763,2.2560000000000002,2.828708333333333
2018-09-17,3.382,1.486,2.6813749999999996,1.8960000000000001,2.763
2018-09-18,3.318,1.598,2.7269166666666664,1.72,2.6813749999999996
2018-09-19,3.59,1.653,2.809958333333333,1.9369999999999998,2.7269166666666664
2018-09-20,3.781,1.668,2.9106666666666663,2.1130000000000004,2.809958333333333
2018-09-21,3.854,1.55,2.8678333333333335,2.3040000000000003,2.9106666666666663
2018-09-22,3.872,1.352,2.833083333333333,2.5199999999999996,2.8678333333333335
2018-09-23,3.95,1.233,2.829416666666667,2.717,2.833083333333333
2018-09-24,3.992,1.167,2.798166666666667,2.825,2.829416666666667
2018-09-25,3.988,1.279,2.8072083333333335,2.709,2.798166666666667
2018-09-26,4.074,1.378,2.8363750000000003,2.6959999999999997,2.8072083333333335
2018-09-27,4.052,1.564,2.8465833333333332,2.4879999999999995,2.8363750000000003
2018-09-28,4.046,1.428,2.85125,2.6180000000000003,2.8465833333333332
2018-09-29,4.037,1.346,2.9367083333333333,2.691,2.85125
2018-09-30,3.972,1.297,2.9633749999999996,2.675,2.9367083333333333
2018-10-01,3.814,1.327,2.9720833333333334,2.487,2.9633749999999996
2018-10-02,3.835,1.418,3.016375,2.417,2.9720833333333334
2018-10-03,3.86,1.56,3.0410833333333334,2.3,3.016375
2018-10-04,4.067,1.59,3.0825833333333335,2.4770000000000003,3.0410833333333334
2018-10-05,4.275,1.561,3.1302083333333335,2.7140000000000004,3.0825833333333335
2018-10-06,4.314,1.386,3.133625,2.928,3.1302083333333335
2018-10-07,4.289,1.393,3.1039583333333334,2.896,3.133625
2018-10-08,4.356,1.396,3.0837083333333335,2.96,3.1039583333333334
2018-10-09,4.363,1.482,3.059625,2.8810000000000002,3.0837083333333335
2018-10-10,4.37,1.568,3.0559166666666666,2.802,3.059625
2018-10-11,4.368,1.306,3.075791666666667,3.0620000000000003,3.0559166666666666
2018-10-12,4.25,1.284,3.0621666666666667,2.966,3.075791666666667
2018-10-13,4.073,1.204,3.0045416666666664,2.8690000000000007,3.0621666666666667
2018-10-14,3.889,1.321,2.985625,2.5679999999999996,3.0045416666666664
2018-10-15,3.713,1.48,2.979041666666667,2.233,2.985625
2018-10-16,3.615,1.626,2.9582916666666663,1.9890000000000003,2.979041666666667
2018-10-17,3.649,1.784,2.9367083333333333,1.865,2.9582916666666663
2018-10-18,3.771,1.863,2.9141666666666666,1.908,2.9367083333333333
2018-10-19,3.861,1.832,2.9324583333333334,2.029,2.9141666666666666
2018-10-20,3.906,1.843,2.906875,2.063,2.9324583333333334
2018-10-21,3.969,1.762,2.9015833333333334,2.207,2.906875
2018-10-22,4.155,1.89,3.0216250000000002,2.2650000000000006,2.9015833333333334
2018-10-23,4.203,1.908,3.0727499999999996,2.2950000000000004,3.0216250000000002
2018-10-24,4.165,1.768,2.985666666666667,2.3970000000000002,3.0727499999999996
2018-10-25,4.153,1.424,2.9559583333333332,2.7289999999999996,2.985666666666667
2018-10-26,4.243,1.149,2.9733750000000003,3.0940000000000003,2.9559583333333332
2018-10-27,4.239,0.941,3.004375,3.298,2.9733750000000003
2018-10-28,4.114,0.956,3.0100416666666665,3.158,3.004375
2018-10-29,4.125,1.046,3.08175,3.0789999999999997,3.0100416666666665
2018-10-30,4.047,1.213,3.0985,2.8339999999999996,3.08175
2018-10-31,4.017,1.308,3.050041666666667,2.7090000000000005,3.0985
2018-11-01,4.055,1.638,3.093458333333333,2.417,3.050041666666667
2018-11-02,4.198,1.79,3.128083333333333,2.4080000000000004,3.093458333333333
2018-11-03,4.205,1.952,3.141458333333333,2.253,3.128083333333333
2018-11-04,4.312,2.012,3.1994583333333337,2.3000000000000003,3.141458333333333
2018-11-05,4.328,2.08,3.2135416666666665,2.248,3.1994583333333337
2018-11-06,4.313,1.994,3.182166666666667,2.319,3.2135416666666665
2018-11-07,4.182,1.608,3.065666666666667,2.5740000000000003,3.182166666666667
2018-11-08,4.155,1.175,3.0240833333333335,2.9800000000000004,3.065666666666667
2018-11-09,4.175,1.098,3.0549166666666667,3.077,3.0240833333333335
2018-11-10,4.141,0.951,3.0042500000000003,3.19,3.0549166666666667
2018-11-11,3.972,0.975,2.9631666666666665,2.997,3.0042500000000003
2018-11-12,3.892,1.096,2.9715833333333332,2.796,2.9631666666666665
2018-11-13,3.821,1.341,3.0269166666666667,2.4800000000000004,2.9715833333333332
2018-11-14,3.83,1.617,3.047,2.213,3.0269166666666667
2018-11-15,3.79,1.707,2.9733750000000003,2.083,3.047
2018-11-16,3.747,1.906,2.921583333333333,1.841,2.9733750000000003
2018-11-17,3.893,2.076,2.96125,1.8169999999999997,2.921583333333333
2018-11-18,3.929,2.113,2.939791666666667,1.8159999999999998,2.96125
2018-11-19,3.974,2.188,2.954791666666667,1.786,2.939791666666667
2018-11-20,4.073,2.059,2.9758333333333336,2.0140000000000002,2.954791666666667
2018-11-21,4.169,1.778,3.0227083333333336,2.3909999999999996,2.9758333333333336
2018-11-22,4.24,1.354,3.0453333333333332,2.886,3.0227083333333336
2018-11-23,4.169,1.09,3.0219166666666664,3.0789999999999997,3.0453333333333332
2018-11-24,4.259,0.752,2.9570416666666666,3.5070000000000006,3.0219166666666664
2018-11-25,4.24,0.69,3.0,3.5500000000000003,2.9570416666666666
2018-11-26,4.201,0.596,3.01,3.6049999999999995,3.0
2018-11-27,4.142,0.751,3.0283333333333338,3.3910000000000005,3.01
2018-11-28,4.115,0.884,3.0262083333333334,3.2310000000000003,3.0283333333333338
2018-11-29,4.07,1.147,3.0141666666666667,2.923,3.0262083333333334
2018-11-30,4.082,1.476,3.0152083333333333,2.606,3.0141666666666667
2018-12-01,4.057,1.766,3.011625,2.2910000000000004,3.0152083333333333
2018-12-02,4.092,2.099,3.035833333333333,1.9929999999999994,3.011625
2018-12-03,4.134,1.915,3.0404166666666668,2.2190000000000003,3.035833333333333
2018-12-04,4.117,1.725,3.004875,2.392,3.0404166666666668
2018-12-05,4.155,1.464,3.0446666666666666,2.6910000000000003,3.004875
2018-12-06,4.048,1.156,3.000583333333333,2.8920000000000003,3.0446666666666666
2018-12-07,4.043,0.943,2.9787916666666665,3.1,3.000583333333333
2018-12-08,4.071,0.8,2.9712083333333332,3.271,2.9787916666666665
2018-12-09,4.038,0.8,2.974,3.2380000000000004,2.9712083333333332
2018-12-10,3.996,0.916,3.0095833333333335,3.08,2.974
2018-12-11,4.027,1.137,3.08675,2.89,3.0095833333333335
2018-12-12,4.026,1.413,3.175708333333333,2.6129999999999995,3.08675
2018-12-13,4.011,1.674,3.1515,2.337,3.175708333333333
2018-12-14,3.913,1.876,3.1319583333333334,2.037,3.1515
2018-12-15,3.944,2.084,3.1312916666666664,1.8599999999999999,3.1319583333333334
2018-12-16,3.914,2.307,3.134375,1.6070000000000002,3.1312916666666664
2018-12-17,3.964,2.613,3.1797500000000003,1.351,3.134375
2018-12-18,4.039,2.21,3.1679999999999997,1.8289999999999997,3.1797500000000003
2018-12-19,4.003,1.703,3.077833333333333,2.3,3.1679999999999997
2018-12-20,3.987,1.509,2.982125,2.478,3.077833333333333
2018-12-21,4.138,1.178,3.0077916666666664,2.96,2.982125
2018-12-22,4.177,0.834,2.9966666666666666,3.3429999999999995,3.0077916666666664
2018-12-23,4.242,0.518,2.9781666666666666,3.724,2.9966666666666666
2018-12-24,4.291,0.419,2.9934166666666666,3.8720000000000003,2.9781666666666666
2018-12-25,4.196,0.396,2.9562500000000003,3.8,2.9934166666666666
2018-12-26,4.13,0.48,2.9109583333333333,3.65,2.9562500000000003
2018-12-27,4.176,0.747,2.95475,3.4290000000000003,2.9109583333333333
2018-12-28,4.225,1.205,3.0410416666666666,3.0199999999999996,2.95475
2018-12-29,4.152,1.646,3.0207916666666663,2.5060000000000002,3.0410416666666666
2018-12-30,4.157,2.173,3.1160833333333335,1.984,3.0207916666666663
2018-12-31,4.179,2.223,3.2129583333333334,1.9560000000000004,3.1160833333333335
2019-01-01,4.079,2.02,3.226125,2.0589999999999997,3.2129583333333334
2019-01-02,4.191,1.97,3.2925833333333334,2.221,3.226125
2019-01-03,4.079,1.805,3.2744999999999997,2.274,3.2925833333333334
2019-01-04,4.098,1.601,3.1957083333333336,2.497,3.2744999999999997
2019-01-05,4.058,1.267,3.1692727272727272,2.791,3.1957083333333336
2019-01-06,4.083,0.992,3.136260869565217,3.091,3.1692727272727272
2019-01-07,4.086,1.038,3.0537083333333332,3.048,3.136260869565217
2019-01-08,4.018,0.999,2.9868333333333332,3.0189999999999997,3.0537083333333332
2019-01-09,3.879,0.962,2.9185416666666666,2.917,2.9868333333333332
2019-01-10,3.861,1.104,2.9282500000000002,2.757,2.9185416666666666
2019-01-11,3.85,1.349,2.9305,2.5010000000000003,2.9282500000000002
2019-01-12,3.875,1.545,2.966666666666667,2.33,2.9305
2019-01-13,3.887,1.89,3.0118333333333336,1.997,2.966666666666667
2019-01-14,3.899,2.267,3.04775,1.6320000000000001,3.0118333333333336
2019-01-15,3.858,2.338,3.0102083333333334,1.52,3.04775
2019-01-16,3.863,1.953,3.0200833333333335,1.91,3.0102083333333334
2019-01-17,3.981,1.708,3.1085,2.2729999999999997,3.0200833333333335
2019-01-18,4.074,1.477,3.159708333333333,2.5969999999999995,3.1085
2019-01-19,4.157,1.296,3.143166666666667,2.8609999999999998,3.159708333333333
2019-01-20,4.322,0.873,3.1369166666666666,3.449,3.143166666666667
2019-01-21,4.419,0.624,3.125083333333333,3.7949999999999995,3.1369166666666666
2019-01-22,4.428,0.482,3.0908333333333338,3.9459999999999997,3.125083333333333
2019-01-23,4.403,0.589,3.091041666666667,3.8139999999999996,3.0908333333333338
2019-01-24,4.283,0.681,3.022625,3.6020000000000003,3.091041666666667
2019-01-25,4.122,0.896,2.931875,3.226,3.022625
2019-01-26,4.161,1.361,3.0120416666666667,2.8,2.931875
2019-01-27,4.197,1.806,3.0597083333333335,2.391,3.0120416666666667
2019-01-28,4.047,2.233,3.0425416666666667,1.8139999999999996,3.0597083333333335
2019-01-29,3.927,2.014,3.0500416666666665,1.9130000000000003,3.0425416666666667
2019-01-30,3.879,1.792,3.1105,2.0869999999999997,3.0500416666666665
2019-01-31,3.857,1.533,3.072875,2.3240000000000003,3.1105
2019-02-01,3.845,1.463,3.0698333333333334,2.382,3.072875
2019-02-02,3.872,1.343,3.016375,2.529,3.0698333333333334
2019-02-03,3.877,1.074,2.9432916666666666,2.803,3.016375
2019-02-04,3.891,0.939,2.9051666666666667,2.952,2.9432916666666666
2019-02-05,3.911,0.94,2.892583333333333,2.971,2.9051666666666667
2019-02-06,3.938,0.96,2.8687083333333336,2.978,2.892583333333333
2019-02-07,3.887,0.919,2.7957083333333332,2.968,2.8687083333333336
2019-02-08,3.875,0.997,2.800625,2.878,2.7957083333333332
2019-02-09,3.844,1.237,2.795,2.6069999999999998,2.800625
2019-02-10,3.839,1.46,2.8014166666666664,2.379,2.795
2019-02-11,3.84,1.777,2.8406249999999997,2.0629999999999997,2.8014166666666664
2019-02-12,3.806,2.207,2.919166666666667,1.5990000000000002,2.8406249999999997
2019-02-13,3.737,2.169,2.9765833333333336,1.568,2.919166666666667
2019-02-14,3.745,1.802,2.9907083333333335,1.943,2.9765833333333336
2019-02-15,3.716,1.391,2.956208333333333,2.325,2.9907083333333335
2019-02-16,3.775,1.154,2.9789583333333334,2.621,2.956208333333333
2019-02-17,3.9,1.083,2.94975,2.817,2.9789583333333334
2019-02-18,4.044,0.685,2.928875,3.3589999999999995,2.94975
2019-02-19,4.152,0.485,2.876,3.6670000000000003,2.928875
2019-02-20,4.248,0.333,2.7950416666666666,3.915,2.876
2019-02-21,4.303,0.391,2.798916666666667,3.912,2.7950416666666666
2019-02-22,4.183,0.658,2.751125,3.525,2.798916666666667
2019-02-23,4.083,1.094,2.7444583333333337,2.989,2.751125
2019-02-24,3.983,1.414,2.7230416666666666,2.569,2.7444583333333337
2019-02-25,3.916,1.749,2.7929583333333334,2.167,2.7230416666666666
2019-02-26,3.781,1.843,2.878625,1.9380000000000002,2.7929583333333334
2019-02-27,3.701,1.84,2.9939999999999998,1.861,2.878625
2019-02-28,3.498,1.742,2.9445416666666664,1.7560000000000002,2.9939999999999998
2019-03-01,3.596,1.598,2.9464583333333336,1.998,2.9445416666666664
2019-03-02,3.73,1.492,2.931791666666667,2.238,2.9464583333333336
2019-03-03,3.752,1.353,2.8844583333333333,2.399,2.931791666666667
2019-03-04,3.775,1.179,2.845916666666667,2.596,2.8844583333333333
2019-03-05,3.827,1.133,2.8069166666666665,2.694,2.845916666666667
2019-03-06,3.8,0.988,2.747,2.812,2.8069166666666665
2019-03-07,3.869,1.018,2.738583333333333,2.851,2.747
2019-03-08,3.931,1.138,2.777791666666667,2.793,2.738583333333333
2019-03-09,3.868,1.347,2.7444583333333337,2.521,2.777791666666667
2019-03-10,3.871,1.46,2.718875,2.411,2.7444583333333337
2019-03-11,3.869,1.66,2.7733749999999997,2.2090000000000005,2.718875
2019-03-12,3.867,1.673,2.813833333333333,2.194,2.7733749999999997
2019-03-13,3.773,1.646,2.843958333333333,2.1270000000000002,2.813833333333333
2019-03-14,3.634,1.58,2.8357916666666667,2.054,2.843958333333333
2019-03-15,3.624,1.622,2.952166666666667,2.002,2.8357916666666667
2019-03-16,3.67,1.509,3.0268333333333337,2.161,2.952166666666667
2019-03-17,3.878,1.324,3.0737083333333337,2.5540000000000003,3.0268333333333337
2019-03-18,4.02,1.384,3.076,2.6359999999999997,3.0737083333333337
2019-03-19,4.142,1.159,3.06475,2.9830000000000005,3.076
2019-03-20,4.246,0.973,2.984541666666667,3.2730000000000006,3.06475
2019-03-21,4.364,0.836,2.8880416666666666,3.528,2.984541666666667
2019-03-22,4.348,0.991,2.8157916666666662,3.3569999999999998,2.8880416666666666
2019-03-23,4.266,1.243,2.7900416666666668,3.0229999999999997,2.8157916666666662
2019-03-24,4.162,1.281,2.797125,2.8810000000000002,2.7900416666666668
2019-03-25,3.995,1.267,2.789375,2.728,2.797125
2019-03-26,3.888,1.464,2.8706666666666667,2.424,2.789375
2019-03-27,3.772,1.581,2.9299583333333334,2.191,2.8706666666666667
2019-03-28,3.516,1.646,2.8820833333333336,1.87,2.9299583333333334
2019-03-29,3.577,1.657,2.888260869565218,1.92,2.8820833333333336
2019-03-30,3.634,1.686,2.898375,1.948,2.888260869565218
2019-03-31,3.697,1.554,2.8690833333333337,2.143,2.898375
2019-04-01,3.789,1.569,2.879583333333333,2.22,2.8690833333333337
2019-04-02,3.873,1.468,2.861916666666667,2.4050000000000002,2.879583333333333
2019-04-03,3.908,1.482,2.8959166666666665,2.426,2.861916666666667
2019-04-04,4.003,1.522,2.9222916666666667,2.481,2.8959166666666665
2019-04-05,4.07,1.618,2.935583333333333,2.452,2.9222916666666667
2019-04-06,4.082,1.683,2.9020833333333336,2.399,2.935583333333333
2019-04-07,4.066,1.442,2.858416666666667,2.6239999999999997,2.9020833333333336
2019-04-08,4.047,1.26,2.844,2.787,2.858416666666667
2019-04-09,3.953,1.093,2.7941249999999997,2.86,2.844
2019-04-10,3.849,0.986,2.760125,2.8630000000000004,2.7941249999999997
2019-04-11,3.774,1.031,2.7676666666666665,2.7430000000000003,2.760125
2019-04-12,3.652,1.141,2.7859166666666666,2.511,2.7676666666666665
2019-04-13,3.599,1.199,2.798833333333333,2.4000000000000004,2.7859166666666666
2019-04-14,3.684,1.269,2.8378333333333337,2.415,2.798833333333333
2019-04-15,3.865,1.222,2.889375,2.6430000000000002,2.8378333333333337
2019-04-16,4.006,1.357,2.923458333333333,2.649,2.889375
2019-04-17,4.111,1.203,2.9343333333333335,2.9079999999999995,2.923458333333333
2019-04-18,4.247,1.267,2.9017083333333336,2.98,2.9343333333333335
2019-04-19,4.292,1.327,2.864125,2.965,2.9017083333333336
2019-04-20,4.247,1.004,2.801,3.243,2.864125
2019-04-21,4.191,0.813,2.7389166666666664,3.378,2.801
2019-04-22,4.058,0.768,2.7631666666666668,3.29,2.7389166666666664
2019-04-23,3.941,0.908,2.8169583333333335,3.033,2.7631666666666668
2019-04-24,3.906,1.042,2.8242499999999997,2.864,2.8169583333333335
2019-04-25,3.782,1.21,2.8090833333333336,2.572,2.8242499999999997
2019-04-26,3.617,1.422,2.8177083333333335,2.1950000000000003,2.8090833333333336
2019-04-27,3.626,1.626,2.844,2.0,2.8177083333333335
2019-04-28,3.624,1.741,2.8026250000000004,1.883,2.844
2019-04-29,3.657,1.819,2.8330416666666665,1.838,2.8026250000000004
2019-04-30,3.723,1.783,2.854041666666667,1.94,2.8330416666666665
2019-05-01,3.813,1.786,2.87025,2.027,2.854041666666667
2019-05-02,3.821,1.813,2.8405833333333335,2.008,2.87025
2019-05-03,3.894,1.613,2.79575,2.281,2.8405833333333335
2019-05-04,3.903,1.287,2.7741249999999997,2.616,2.79575
2019-05-05,3.977,1.079,2.7659583333333333,2.8979999999999997,2.7741249999999997
2019-05-06,4.012,0.805,2.747875,3.2069999999999994,2.7659583333333333
2019-05-07,4.037,0.726,2.7505,3.311,2.747875
2019-05-08,3.931,0.589,2.7548333333333335,3.342,2.7505
2019-05-09,3.816,0.729,2.7396666666666665,3.0869999999999997,2.7548333333333335
2019-05-10,3.863,0.927,2.7765833333333334,2.936,2.7396666666666665
2019-05-11,3.816,1.161,2.8510416666666667,2.655,2.7765833333333334
2019-05-12,3.881,1.308,2.8913333333333333,2.5729999999999995,2.8510416666666667
2019-05-13,3.87,1.416,2.891666666666667,2.454,2.8913333333333333
2019-05-14,3.965,1.544,2.9108750000000003,2.421,2.891666666666667
2019-05-15,4.032,1.679,2.8917083333333333,2.3529999999999998,2.9108750000000003
2019-05-16,4.071,1.572,2.8158333333333334,2.4989999999999997,2.8917083333333333
2019-05-17,4.039,1.179,2.7561250000000004,2.8599999999999994,2.8158333333333334
2019-05-18,3.987,0.684,2.695375,3.303,2.7561250000000004
2019-05-19,3.977,0.502,2.6434583333333332,3.4749999999999996,2.695375
2019-05-20,3.906,0.39,2.6195833333333334,3.516,2.6434583333333332
2019-05-21,3.92,0.418,2.6297916666666667,3.502,2.6195833333333334
2019-05-22,3.819,0.565,2.652125,3.254,2.6297916666666667
2019-05-23,3.757,0.74,2.6942500000000003,3.0170000000000003,2.652125
2019-05-24,3.725,1.065,2.749458333333333,2.66,2.6942500000000003
2019-05-25,3.706,1.275,2.7896666666666667,2.431,2.749458333333333
2019-05-26,3.641,1.566,2.7769583333333334,2.075,2.7896666666666667
2019-05-27,3.69,1.783,2.811875,1.907,2.7769583333333334
2019-05-28,3.766,1.996,2.8546666666666667,1.77,2.811875
2019-05-29,3.837,2.098,2.8477916666666663,1.7390000000000003,2.8546666666666667
2019-05-30,3.857,1.962,2.8380833333333335,1.8950000000000002,2.8477916666666663
2019-05-31,3.852,1.629,2.8640434782608697,2.223,2.8380833333333335
2019-06-01,3.906,1.266,2.8474583333333334,2.64,2.8640434782608697
2019-06-02,3.933,0.988,2.8034166666666667,2.945,2.8474583333333334
2019-06-03,3.975,0.607,2.750458333333333,3.3680000000000003,2.8034166666666667
2019-06-04,4.038,0.429,2.7153333333333336,3.6090000000000004,2.750458333333333
2019-06-05,4.028,0.337,2.7547083333333333,3.6909999999999994,2.7153333333333336
2019-06-06,3.953,0.27,2.70475,3.683,2.7547083333333333
2019-06-07,3.836,0.359,2.5842272727272726,3.477,2.70475
2019-06-08,3.694,0.534,2.558090909090909,3.16,2.5842272727272726
2019-06-09,3.812,0.758,2.607875,3.054,2.558090909090909
2019-06-10,3.619,1.07,2.63325,2.5490000000000004,2.607875
2019-06-11,3.681,1.429,2.655416666666667,2.252,2.63325
2019-06-12,3.834,1.703,2.6818333333333335,2.1310000000000002,2.655416666666667
2019-06-13,3.796,1.534,2.659125,2.2619999999999996,2.6818333333333335
2019-06-14,3.816,0.965,2.625,2.851,2.659125
2019-06-15,3.784,0.686,2.6155833333333334,3.098,2.625
2019-06-16,3.795,0.481,2.597625,3.314,2.6155833333333334
2019-06-17,3.848,0.63,2.5910416666666665,3.218,2.597625
2019-06-18,3.799,0.376,2.5952916666666668,3.423,2.5910416666666665
2019-06-19,3.88,0.506,2.6510000000000002,3.3739999999999997,2.5952916666666668
2019-06-20,3.882,0.601,2.700041666666667,3.281,2.6510000000000002
2019-06-21,3.801,0.851,2.7247083333333335,2.95,2.700041666666667
2019-06-22,3.81,0.874,2.7472499999999997,2.936,2.7247083333333335
2019-06-23,3.74,1.206,2.728666666666667,2.5340000000000003,2.7472499999999997
2019-06-24,3.548,1.406,2.645541666666667,2.1420000000000003,2.728666666666667
2019-06-25,3.523,1.641,2.628458333333333,1.8820000000000001,2.645541666666667
2019-06-26,3.443,1.767,2.5889166666666665,1.6760000000000002,2.628458333333333
2019-06-27,3.355,1.768,2.570625,1.587,2.5889166666666665
2019-06-28,3.521,1.453,2.6099166666666664,2.0679999999999996,2.570625
2019-06-29,3.54,1.27,2.645,2.27,2.6099166666666664
2019-06-30,3.604,0.933,2.6122916666666667,2.6710000000000003,2.645
2019-07-01,3.684,0.484,2.584208333333333,3.2,2.6122916666666667
2019-07-02,3.834,0.213,2.5744347826086957,3.621,2.584208333333333
2019-07-03,3.926,0.015,2.5232916666666667,3.911,2.5744347826086957
2019-07-04,3.906,0.0,2.564833333333333,3.906,2.5232916666666667
2019-07-05,3.873,0.132,2.5927083333333334,3.741,2.564833333333333
2019-07-06,3.822,0.208,2.582291666666667,3.614,2.5927083333333334
2019-07-07,3.788,0.549,2.581166666666667,3.239,2.582291666666667
2019-07-08,3.752,0.904,2.5898333333333334,2.848,2.581166666666667
2019-07-09,3.725,1.33,2.602375,2.395,2.5898333333333334
2019-07-10,3.666,1.854,2.6482083333333333,1.8119999999999998,2.602375
2019-07-11,3.655,1.62,2.672833333333333,2.0349999999999997,2.6482083333333333
2019-07-12,3.67,1.298,2.688791666666667,2.372,2.672833333333333
2019-07-13,3.564,1.003,2.631,2.561,2.688791666666667
2019-07-14,3.638,0.668,2.5695,2.9699999999999998,2.631
2019-07-15,3.784,0.554,2.5896666666666666,3.2299999999999995,2.5695
2019-07-16,3.808,0.511,2.604791666666667,3.2969999999999997,2.5896666666666666
2019-07-17,3.751,0.395,2.584416666666667,3.356,2.604791666666667
2019-07-18,3.758,0.416,2.5849166666666665,3.342,2.584416666666667
2019-07-19,3.716,0.684,2.6208750000000003,3.032,2.5849166666666665
2019-07-20,3.72,0.75,2.642125,2.97,2.6208750000000003
2019-07-21,3.651,1.007,2.6607083333333335,2.644,2.642125
2019-07-22,3.635,1.208,2.651875,2.4269999999999996,2.6607083333333335
2019-07-23,3.636,1.454,2.6839999999999997,2.1820000000000004,2.651875
2019-07-24,3.532,1.772,2.6540416666666666,1.76,2.6839999999999997
2019-07-25,3.45,2.039,2.5889166666666665,1.411,2.6540416666666666
2019-07-26,3.506,1.904,2.6587083333333332,1.6019999999999999,2.5889166666666665
2019-07-27,3.52,1.52,2.6627083333333332,2.0,2.6587083333333332
2019-07-28,3.488,1.114,2.6264166666666666,2.3739999999999997,2.6627083333333332
2019-07-29,3.494,0.842,2.575041666666667,2.652,2.6264166666666666
2019-07-30,3.694,0.473,2.5485,3.221,2.575041666666667
2019-07-31,3.898,0.217,2.5408333333333335,3.681,2.5485
2019-08-01,3.881,0.05,2.53125,3.831,2.5408333333333335
2019-08-02,3.878,-0.074,2.5404583333333335,3.952,2.53125
2019-08-03,4.031,0.189,2.5617083333333333,3.8419999999999996,2.5404583333333335
2019-08-04,3.98,0.436,2.579333333333333,3.544,2.5617083333333333
2019-08-05,3.81,0.773,2.5617083333333333,3.037,2.579333333333333
2019-08-06,3.816,1.151,2.5688333333333335,2.665,2.5617083333333333
2019-08-07,3.763,1.469,2.5785,2.2939999999999996,2.5688333333333335
2019-08-08,3.68,1.6,2.6271666666666667,2.08,2.5785
2019-08-09,3.556,1.29,2.648375,2.266,2.6271666666666667
2019-08-10,3.511,1.182,2.6040833333333335,2.329,2.648375
2019-08-11,3.531,0.94,2.6065416666666668,2.591,2.6040833333333335
2019-08-12,3.527,0.815,2.5889166666666665,2.712,2.6065416666666668
2019-08-13,3.618,0.684,2.544958333333333,2.9339999999999997,2.5889166666666665
2019-08-14,3.638,0.571,2.5139166666666664,3.067,2.544958333333333
2019-08-15,3.669,0.442,2.498041666666667,3.227,2.5139166666666664
2019-08-16,3.729,0.477,2.5113333333333334,3.2520000000000002,2.498041666666667
2019-08-17,3.695,0.67,2.5368749999999998,3.025,2.5113333333333334
2019-08-18,3.654,0.86,2.5552083333333333,2.794,2.5368749999999998
2019-08-19,3.633,1.07,2.576625,2.5629999999999997,2.5552083333333333
2019-08-20,3.608,1.322,2.582625,2.286,2.576625
2019-08-21,3.533,1.638,2.60175,1.895,2.582625
2019-08-22,3.531,1.915,2.6411666666666664,1.616,2.60175
2019-08-23,3.519,1.709,2.6743333333333332,1.81,2.6411666666666664
2019-08-24,3.461,1.633,2.6844583333333336,1.8279999999999998,2.6743333333333332
2019-08-25,3.412,1.449,2.6228333333333333,1.9629999999999999,2.6844583333333336
2019-08-26,3.504,1.136,2.6153333333333335,2.3680000000000003,2.6228333333333333
2019-08-27,3.591,0.875,2.6434583333333332,2.716,2.6153333333333335
2019-08-28,3.79,0.607,2.607083333333333,3.183,2.6434583333333332
2019-08-29,3.911,0.106,2.5896250000000003,3.805,2.607083333333333
2019-08-30,4.076,0.307,2.6655,3.7689999999999997,2.5896250000000003
2019-08-31,4.116,0.311,2.6648333333333336,3.8049999999999997,2.6655
2019-09-01,4.119,0.469,2.6259166666666665,3.65,2.6648333333333336
2019-09-02,4.064,0.788,2.5640833333333335,3.276,2.6259166666666665
2019-09-03,3.982,1.225,2.634,2.757,2.5640833333333335
2019-09-04,3.737,1.268,2.6069583333333335,2.4690000000000003,2.634
2019-09-05,3.701,1.323,2.6428333333333334,2.378,2.6069583333333335
2019-09-06,3.634,1.328,2.6805,2.306,2.6428333333333334
2019-09-07,3.41,1.341,2.6839999999999997,2.069,2.6805
2019-09-08,3.457,1.352,2.657125,2.1049999999999995,2.6839999999999997
2019-09-09,3.608,1.127,2.634708333333333,2.481,2.657125
2019-09-10,3.663,1.086,2.637583333333333,2.577,2.634708333333333
2019-09-11,3.713,0.982,2.6314583333333332,2.731,2.637583333333333
2019-09-12,3.794,0.964,2.658375,2.83,2.6314583333333332
2019-09-13,3.946,0.951,2.6804166666666664,2.995,2.658375
2019-09-14,3.994,1.138,2.765416666666667,2.8560000000000003,2.6804166666666664
2019-09-15,3.975,1.152,2.7245416666666666,2.8230000000000004,2.765416666666667
2019-09-16,3.963,1.298,2.778375,2.665,2.7245416666666666
2019-09-17,3.89,1.536,2.7706250000000003,2.354,2.778375
2019-09-18,3.842,1.583,2.744291666666667,2.2590000000000003,2.7706250000000003
2019-09-19,3.728,1.511,2.783125,2.2170000000000005,2.744291666666667
2019-09-20,3.682,1.458,2.8217916666666665,2.224,2.783125
2019-09-21,3.576,1.428,2.8070833333333334,2.148,2.8217916666666665
2019-09-22,3.561,1.465,2.859,2.096,2.8070833333333334
2019-09-23,3.771,1.566,2.953583333333333,2.205,2.859
2019-09-24,4.117,1.6,3.097958333333333,2.517,2.953583333333333
2019-09-25,4.181,1.386,3.0555833333333333,2.795,3.097958333333333
2019-09-26,4.258,1.153,3.027791666666667,3.105,3.0555833333333333
2019-09-27,4.39,1.044,3.0529166666666665,3.3459999999999996,3.027791666666667
2019-09-28,4.37,1.073,3.062416666666667,3.297,3.0529166666666665
2019-09-29,4.474,1.121,3.047625,3.353,3.062416666666667
2019-09-30,4.542,1.322,3.0237083333333334,3.2199999999999998,3.047625
2019-10-01,4.397,1.209,2.9162083333333335,3.188,3.0237083333333334
2019-10-02,4.13,0.917,2.8243333333333336,3.213,2.9162083333333335
2019-10-03,3.928,0.906,2.8032500000000002,3.022,2.8243333333333336
2019-10-04,3.737,0.99,2.7910416666666666,2.747,2.8032500000000002
2019-10-05,3.576,1.211,2.8190000000000004,2.365,2.7910416666666666
2019-10-06,3.595,1.448,2.858041666666667,2.1470000000000002,2.8190000000000004
2019-10-07,3.741,1.616,2.874625,2.125,2.858041666666667
2019-10-08,3.83,1.689,2.906916666666667,2.141,2.874625
2019-10-09,3.907,1.606,2.9162916666666665,2.301,2.906916666666667
2019-10-10,3.994,1.601,2.9435000000000002,2.3930000000000002,2.9162916666666665
2019-10-11,4.076,1.624,2.9722916666666666,2.4519999999999995,2.9435000000000002
2019-10-12,4.113,1.613,2.967,2.5000000000000004,2.9722916666666666
2019-10-13,4.155,1.792,3.0105,2.3630000000000004,2.967
2019-10-14,4.087,1.729,2.9591250000000002,2.3579999999999997,3.0105
2019-10-15,4.12,1.539,2.9459999999999997,2.5810000000000004,2.9591250000000002
2019-10-16,4.135,1.36,2.9779999999999998,2.7749999999999995,2.9459999999999997
2019-10-17,4.133,1.329,3.0304583333333333,2.8040000000000003,2.9779999999999998
2019-10-18,4.103,1.356,3.1018333333333334,2.747,3.0304583333333333
2019-10-19,3.992,1.43,3.1174999999999997,2.5620000000000003,3.1018333333333334
2019-10-20,3.919,1.427,3.0845416666666665,2.492,3.1174999999999997
2019-10-21,3.93,1.572,3.097208333333333,2.358,3.0845416666666665
2019-10-22,3.981,1.646,3.0596666666666668,2.335,3.097208333333333
2019-10-23,4.069,1.569,2.995041666666667,2.5,3.0596666666666668
2019-10-24,4.206,1.505,3.0079166666666666,2.7010000000000005,2.995041666666667
2019-10-25,4.252,1.463,3.0214583333333334,2.7889999999999997,3.0079166666666666
2019-10-26,4.305,1.496,3.0834782608695654,2.8089999999999997,3.0214583333333334
2019-10-27,4.382,1.666,3.0705416666666667,2.7159999999999997,3.0834782608695654
2019-10-28,4.371,1.448,3.0717499999999998,2.9230000000000005,3.0705416666666667
2019-10-29,4.427,1.021,3.0575833333333335,3.4059999999999997,3.0717499999999998
2019-10-30,4.347,0.835,3.0022083333333334,3.5120000000000005,3.0575833333333335
2019-10-31,4.234,0.707,2.9477083333333334,3.527,3.0022083333333334
2019-11-01,4.06,0.835,2.9625416666666666,3.2249999999999996,2.9477083333333334
2019-11-02,3.951,1.092,2.9882500000000003,2.859,2.9625416666666666
2019-11-03,3.881,1.348,2.985625,2.5329999999999995,2.9882500000000003
2019-11-04,3.857,1.583,2.9902916666666663,2.274,2.985625
2019-11-05,3.99,1.926,3.0761249999999998,2.064,2.9902916666666663
2019-11-06,4.009,2.045,3.0677916666666665,1.9640000000000004,3.0761249999999998
2019-11-07,4.037,2.136,3.0565416666666665,1.9009999999999998,3.0677916666666665
2019-11-08,4.115,2.285,3.1430833333333332,1.83,3.0565416666666665
2019-11-09,4.09,2.265,3.1086666666666667,1.8249999999999997,3.1430833333333332
2019-11-10,3.947,2.022,2.965958333333333,1.9250000000000003,3.1086666666666667
2019-11-11,4.049,1.712,3.0159583333333333,2.3370000000000006,2.965958333333333
2019-11-12,4.089,1.458,3.0390416666666664,2.6310000000000002,3.0159583333333333
2019-11-13,4.076,1.195,2.9972499999999997,2.8809999999999993,3.0390416666666664
2019-11-14,4.18,1.07,3.0825,3.1099999999999994,2.9972499999999997
2019-11-15,4.141,1.097,3.093541666666667,3.044,3.0825
2019-11-16,3.993,0.957,3.010125,3.036,3.093541666666667
2019-11-17,3.892,0.923,2.9326666666666665,2.969,3.010125
2019-11-18,3.863,1.109,2.9734583333333333,2.754,2.9326666666666665
2019-11-19,3.957,1.341,3.0074166666666664,2.6159999999999997,2.9734583333333333
2019-11-20,4.046,1.556,3.0200416666666663,2.49,3.0074166666666664
2019-11-21,4.044,1.759,3.012208333333333,2.2849999999999997,3.0200416666666663
2019-11-22,4.124,2.003,3.0502916666666664,2.1209999999999996,3.012208333333333
2019-11-23,4.165,2.093,3.099083333333333,2.072,3.0502916666666664
2019-11-24,4.279,1.94,3.131083333333333,2.339,3.099083333333333
2019-11-25,4.239,1.562,3.1289583333333333,2.6769999999999996,3.131083333333333
2019-11-26,4.278,1.072,3.0861666666666667,3.2059999999999995,3.1289583333333333
2019-11-27,4.219,0.809,3.0506666666666664,3.41,3.0861666666666667
2019-11-28,4.291,0.735,3.0707916666666666,3.5560000000000005,3.0506666666666664
2019-11-29,4.176,0.851,3.1052083333333336,3.325,3.0707916666666666
2019-11-30,4.085,0.958,3.0975,3.127,3.1052083333333336
2019-12-01,3.956,1.184,3.060791666666667,2.7720000000000002,3.0975
2019-12-02,3.968,1.433,3.1130416666666663,2.535,3.060791666666667
2019-12-03,3.987,1.853,3.176,2.1340000000000003,3.1130416666666663
2019-12-04,3.938,2.006,3.1140833333333333,1.9320000000000004,3.176
2019-12-05,3.896,2.162,3.0504583333333333,1.734,3.1140833333333333
2019-12-06,4.089,2.494,3.188083333333333,1.5950000000000002,3.0504583333333333
2019-12-07,4.193,2.515,3.328416666666667,1.6779999999999995,3.188083333333333
2019-12-08,4.095,2.22,3.265458333333333,1.8749999999999996,3.328416666666667
2019-12-09,3.965,1.969,3.1462083333333335,1.9959999999999998,3.265458333333333
2019-12-10,4.052,1.706,3.1227916666666666,2.3459999999999996,3.1462083333333335
2019-12-11,4.102,1.332,3.1016666666666666,2.7700000000000005,3.1227916666666666
2019-12-12,4.121,1.064,3.08675,3.0570000000000004,3.1016666666666666
2019-12-13,4.126,0.868,3.036875,3.2580000000000005,3.08675
2019-12-14,4.118,0.633,2.9778333333333333,3.4850000000000003,3.036875
2019-12-15,4.121,0.724,2.9632916666666667,3.3970000000000002,2.9778333333333333
2019-12-16,4.013,0.745,2.937208333333333,3.268,2.9632916666666667
2019-12-17,3.864,0.873,2.8874583333333335,2.9909999999999997,2.937208333333333
2019-12-18,3.887,1.211,2.86375,2.676,2.8874583333333335
2019-12-19,3.9,1.468,2.8872916666666666,2.432,2.86375
2019-12-20,3.94,1.85,2.9285,2.09,2.8872916666666666
2019-12-21,3.974,1.919,2.918041666666667,2.055,2.9285
2019-12-22,3.964,1.559,2.9207916666666667,2.4050000000000002,2.918041666666667
2019-12-23,4.033,1.444,2.9817083333333336,2.5890000000000004,2.9207916666666667
2019-12-24,4.03,1.169,2.96625,2.861,2.9817083333333336
2019-12-25,4.009,0.891,2.9465000000000003,3.1180000000000003,2.96625
2019-12-26,4.011,0.592,2.87725,3.419,2.9465000000000003
2019-12-27,4.114,0.613,2.936291666666667,3.501,2.87725
2019-12-28,3.994,0.66,2.9095416666666662,3.334,2.936291666666667
2019-12-29,3.98,0.754,2.8861666666666665,3.226,2.9095416666666662
2019-12-30,3.89,0.887,2.8957083333333333,3.003,2.8861666666666665
2019-12-31,3.934,1.353,2.9948333333333337,2.5810000000000004,2.8957083333333333
2020-01-01,3.839,1.534,2.9885,2.3049999999999997,2.9948333333333337
2020-01-02,3.806,1.842,2.9585833333333333,1.964,2.9885
2020-01-03,3.691,2.125,2.976625,1.5659999999999998,2.9585833333333333
2020-01-04,3.787,2.568,3.0416666666666665,1.2189999999999999,2.976625
2020-01-05,3.743,2.207,3.026,1.536,3.0416666666666665
2020-01-06,3.772,1.832,2.957875,1.9399999999999997,3.026
2020-01-07,3.765,1.555,2.9417500000000003,2.21,2.957875
2020-01-08,3.899,1.444,2.974,2.455,2.9417500000000003
2020-01-09,3.986,1.195,3.0067500000000003,2.7910000000000004,2.974
2020-01-10,4.073,0.802,2.9714166666666664,3.2710000000000004,3.0067500000000003
2020-01-11,4.106,0.562,2.916541666666667,3.5439999999999996,2.9714166666666664
2020-01-12,4.212,0.489,2.9460833333333336,3.723,2.916541666666667
2020-01-13,4.236,0.581,3.000458333333333,3.655,2.9460833333333336
2020-01-14,4.062,0.699,2.9257916666666666,3.3630000000000004,3.000458333333333
2020-01-15,3.983,0.901,2.8418333333333337,3.082,2.9257916666666666
2020-01-16,3.93,1.119,2.7895833333333333,2.811,2.8418333333333337
2020-01-17,3.915,1.593,2.85825,2.322,2.7895833333333333
2020-01-18,3.952,2.138,2.942625,1.814,2.85825
2020-01-19,3.907,1.748,2.9637083333333334,2.159,2.942625
2020-01-20,3.815,1.38,2.9480416666666667,2.435,2.9637083333333334
2020-01-21,3.8,1.284,2.92675,2.516,2.9480416666666667
2020-01-22,3.832,1.128,2.916625,2.7039999999999997,2.92675
2020-01-23,3.828,0.898,2.8623333333333334,2.9299999999999997,2.916625
2020-01-24,3.884,0.716,2.8462083333333332,3.168,2.8623333333333334
2020-01-25,3.865,0.698,2.8197500000000004,3.1670000000000003,2.8462083333333332
2020-01-26,3.858,0.637,2.7592916666666665,3.221,2.8197500000000004
2020-01-27,3.85,0.743,2.797416666666667,3.107,2.7592916666666665
2020-01-28,3.825,0.924,2.8361250000000005,2.9010000000000002,2.797416666666667
2020-01-29,3.842,1.237,2.8617916666666665,2.605,2.8361250000000005
2020-01-30,3.891,1.488,2.9687083333333333,2.403,2.8617916666666665
2020-01-31,3.845,1.975,3.0406666666666666,1.87,2.9687083333333333
2020-02-01,3.762,2.316,3.051695652173913,1.4460000000000002,3.0406666666666666
2020-02-02,3.652,2.329,2.9368260869565215,1.323,3.051695652173913
2020-02-03,3.66,2.05,2.921333333333333,1.6100000000000003,2.9368260869565215
2020-02-04,3.602,1.783,2.9573750000000003,1.819,2.921333333333333
2020-02-05,3.731,1.552,3.0338333333333334,2.179,2.9573750000000003
2020-02-06,3.794,1.286,2.991,2.508,3.0338333333333334
2020-02-07,3.906,1.091,2.9625416666666666,2.8150000000000004,2.991
2020-02-08,4.115,0.831,3.035458333333333,3.2840000000000003,2.9625416666666666
2020-02-09,4.358,0.781,3.1125000000000003,3.5769999999999995,3.035458333333333
2020-02-10,4.355,0.835,3.0505,3.5200000000000005,3.1125000000000003
2020-02-11,4.259,0.666,2.903916666666667,3.5930000000000004,3.0505
2020-02-12,4.111,0.741,2.828291666666667,3.3699999999999997,2.903916666666667
2020-02-13,4.135,0.996,2.780875,3.139,2.828291666666667
2020-02-14,4.041,1.387,2.7529166666666662,2.6540000000000004,2.780875
2020-02-15,3.929,1.658,2.736083333333333,2.271,2.7529166666666662
2020-02-16,3.806,1.489,2.749708333333333,2.317,2.736083333333333
2020-02-17,3.764,1.646,2.9433333333333334,2.118,2.749708333333333
2020-02-18,3.748,1.549,3.0795833333333333,2.1990000000000003,2.9433333333333334
2020-02-19,3.842,1.484,3.1039583333333334,2.358,3.0795833333333333
2020-02-20,3.906,1.421,3.092333333333333,2.4850000000000003,3.1039583333333334
2020-02-21,4.037,1.324,3.111125,2.713,3.092333333333333
2020-02-22,4.019,1.22,3.091458333333333,2.7990000000000004,3.111125
2020-02-23,4.045,1.159,3.0553333333333335,2.886,3.091458333333333
2020-02-24,4.062,1.244,3.0195833333333333,2.8180000000000005,3.0553333333333335
2020-02-25,3.998,1.23,2.92675,2.7680000000000002,3.0195833333333333
2020-02-26,3.99,1.288,2.8958333333333335,2.702,2.92675
2020-02-27,4.019,1.522,2.9633749999999996,2.497,2.8958333333333335
2020-02-28,3.897,1.759,2.8874999999999997,2.138,2.9633749999999996
2020-02-29,3.779,1.892,2.782833333333333,1.887,2.8874999999999997
2020-03-01,3.734,1.912,2.7991666666666664,1.822,2.782833333333333
2020-03-02,3.691,1.858,2.85875,1.8329999999999997,2.7991666666666664
2020-03-03,3.602,1.77,2.857458333333333,1.8319999999999999,2.85875
2020-03-04,3.408,1.556,2.8155416666666664,1.8519999999999999,2.857458333333333
2020-03-05,3.484,1.395,2.875291666666667,2.089,2.8155416666666664
2020-03-06,3.651,1.188,2.8784166666666664,2.463,2.875291666666667
2020-03-07,3.864,1.115,2.90725,2.7489999999999997,2.8784166666666664
2020-03-08,3.945,0.836,2.9104166666666664,3.109,2.90725
2020-03-09,4.114,0.681,2.8710833333333334,3.433,2.9104166666666664
2020-03-10,4.217,0.621,2.8100416666666668,3.5959999999999996,2.8710833333333334
2020-03-11,4.262,0.627,2.730916666666667,3.635,2.8100416666666668
2020-03-12,4.207,1.01,2.715958333333333,3.197,2.730916666666667
2020-03-13,4.094,1.222,2.673625,2.8720000000000003,2.715958333333333
2020-03-14,3.984,1.214,2.6947083333333333,2.77,2.673625
2020-03-15,3.934,1.438,2.8356250000000003,2.4960000000000004,2.6947083333333333
2020-03-16,3.729,1.454,2.8663333333333334,2.2750000000000004,2.8356250000000003
2020-03-17,3.427,1.494,2.84325,1.933,2.8663333333333334
2020-03-18,3.583,1.469,2.8847083333333337,2.114,2.84325
2020-03-19,3.691,1.384,2.8658750000000004,2.307,2.8847083333333337
2020-03-20,3.734,1.423,2.8352083333333336,2.311,2.8658750000000004
2020-03-21,3.809,1.286,2.825833333333333,2.523,2.8352083333333336
2020-03-22,3.807,1.174,2.7742916666666666,2.633,2.825833333333333
2020-03-23,3.777,1.156,2.714375,2.6210000000000004,2.7742916666666666
2020-03-24,3.845,1.15,2.7295833333333337,2.6950000000000003,2.714375
2020-03-25,3.896,1.38,2.750458333333333,2.516,2.7295833333333337
2020-03-26,3.828,1.47,2.6963749999999997,2.3579999999999997,2.750458333333333
2020-03-27,3.875,1.433,2.6755416666666663,2.442,2.6963749999999997
2020-03-28,3.812,1.33,2.689583333333333,2.4819999999999998,2.6755416666666663
2020-03-29,3.679,1.314,2.702375,2.3649999999999998,2.689583333333333
2020-03-30,3.637,1.274,2.6843333333333335,2.363,2.702375
2020-03-31,3.513,1.373,2.7112916666666664,2.1399999999999997,2.6843333333333335
2020-04-01,3.427,1.488,2.7754999999999996,1.939,2.7112916666666664
2020-04-02,3.488,1.506,2.832125,1.982,2.7754999999999996
2020-04-03,3.72,1.384,2.872666666666667,2.3360000000000003,2.832125
2020-04-04,3.848,1.3,2.9229583333333333,2.548,2.872666666666667
2020-04-05,3.946,1.366,2.954708333333333,2.58,2.9229583333333333
2020-04-06,4.067,1.16,2.951625,2.907,2.954708333333333
2020-04-07,4.157,1.066,2.8937500000000003,3.091,2.951625
2020-04-08,4.334,1.127,2.8537916666666665,3.207,2.8937500000000003
2020-04-09,4.383,1.178,2.8575,3.205,2.8537916666666665
2020-04-10,4.325,0.928,2.8486666666666665,3.3970000000000002,2.8575
2020-04-11,4.164,0.839,2.7980416666666663,3.3249999999999997,2.8486666666666665
2020-04-12,4.038,0.844,2.8028750000000002,3.1940000000000004,2.7980416666666663
2020-04-13,3.922,1.157,2.873625,2.765,2.8028750000000002
2020-04-14,3.783,1.504,2.9919999999999995,2.279,2.873625
2020-04-15,3.762,1.658,3.026291666666667,2.104,2.9919999999999995
2020-04-16,3.806,1.699,2.98075,2.107,3.026291666666667
2020-04-17,3.799,1.673,2.8964583333333334,2.126,2.98075
2020-04-18,3.789,1.68,2.869291666666667,2.109,2.8964583333333334
2020-04-19,3.826,1.665,2.857875,2.161,2.869291666666667
2020-04-20,3.828,1.632,2.797458333333333,2.1959999999999997,2.857875
2020-04-21,3.851,1.685,2.7897916666666664,2.166,2.797458333333333
2020-04-22,3.862,1.644,2.8003750000000003,2.218,2.7897916666666664
2020-04-23,3.903,1.408,2.8000833333333333,2.495,2.8003750000000003
2020-04-24,3.995,1.217,2.8497083333333335,2.778,2.8000833333333333
2020-04-25,3.982,1.284,2.9182083333333337,2.6980000000000004,2.8497083333333335
2020-04-26,4.048,1.263,2.9785,2.785,2.9182083333333337
2020-04-27,4.034,1.367,3.0367083333333333,2.667,2.9785
2020-04-28,4.018,1.447,3.0874583333333336,2.5709999999999997,3.0367083333333333
2020-04-29,3.87,1.442,3.02875,2.428,3.0874583333333336
2020-04-30,3.756,1.462,2.9596666666666667,2.2939999999999996,3.02875
2020-05-01,3.735,1.555,2.9334166666666666,2.1799999999999997,2.9596666666666667
2020-05-02,3.821,1.533,2.9138333333333333,2.2880000000000003,2.9334166666666666
2020-05-03,3.91,1.464,2.9086250000000002,2.446,2.9138333333333333
2020-05-04,3.931,1.498,2.872125,2.433,2.9086250000000002
2020-05-05,4.056,1.437,2.8362499999999997,2.6189999999999998,2.872125
2020-05-06,4.114,1.177,2.7770833333333336,2.937,2.8362499999999997
2020-05-07,4.179,0.706,2.7304999999999997,3.4730000000000003,2.7770833333333336
2020-05-08,4.108,0.394,2.6530416666666667,3.7139999999999995,2.7304999999999997
2020-05-09,4.027,0.29,2.6265833333333335,3.737,2.6530416666666667
2020-05-10,3.926,0.335,2.6490833333333335,3.591,2.6265833333333335
2020-05-11,3.801,0.518,2.689125,3.2830000000000004,2.6490833333333335
2020-05-12,3.795,0.847,2.7259166666666665,2.948,2.689125
2020-05-13,3.676,1.059,2.7536666666666663,2.617,2.7259166666666665
2020-05-14,3.703,1.435,2.8087916666666666,2.268,2.7536666666666663
2020-05-15,3.718,1.614,2.8389583333333337,2.104,2.8087916666666666
2020-05-16,3.723,1.803,2.8504583333333335,1.92,2.8389583333333337
2020-05-17,3.764,1.88,2.8292083333333333,1.884,2.8504583333333335
2020-05-18,3.743,2.056,2.819125,1.6869999999999998,2.8292083333333333
2020-05-19,3.746,1.801,2.783541666666667,1.945,2.819125
2020-05-20,3.781,1.373,2.7259166666666665,2.4080000000000004,2.783541666666667
2020-05-21,3.762,1.197,2.71325,2.565,2.7259166666666665
2020-05-22,3.787,0.902,2.6801666666666666,2.885,2.71325
2020-05-23,3.754,0.649,2.6095833333333336,3.105,2.6801666666666666
2020-05-24,3.849,0.569,2.6093333333333333,3.2800000000000002,2.6095833333333336
2020-05-25,3.731,0.5,2.604625,3.231,2.6093333333333333
2020-05-26,3.67,0.514,2.603375,3.1559999999999997,2.604625
2020-05-27,3.646,0.559,2.615791666666667,3.0869999999999997,2.603375
2020-05-28,3.695,0.807,2.674166666666667,2.888,2.615791666666667
2020-05-29,3.731,1.005,2.7162916666666668,2.726,2.674166666666667
2020-05-30,3.737,1.307,2.7457499999999997,2.43,2.7162916666666668
2020-05-31,3.785,1.403,2.7757083333333337,2.382,2.7457499999999997
2020-06-01,3.889,1.622,2.7880833333333332,2.2669999999999995,2.7757083333333337
2020-06-02,3.982,1.703,2.7888333333333333,2.279,2.7880833333333332
2020-06-03,4.031,1.121,2.7674583333333334,2.9099999999999997,2.7888333333333333
2020-06-04,4.064,0.63,2.7156249999999997,3.434,2.7674583333333334
2020-06-05,3.988,0.387,2.6414583333333335,3.601,2.7156249999999997
2020-06-06,3.951,0.15,2.5885416666666665,3.801,2.6414583333333335
2020-06-07,3.935,0.166,2.613,3.769,2.5885416666666665
2020-06-08,3.824,0.292,2.619458333333333,3.532,2.613
2020-06-09,3.739,0.47,2.642333333333333,3.269,2.619458333333333
2020-06-10,3.758,0.554,2.6362916666666667,3.2039999999999997,2.642333333333333
2020-06-11,3.655,1.0,2.654541666666667,2.655,2.6362916666666667
2020-06-12,3.62,1.263,2.705083333333333,2.357,2.654541666666667
2020-06-13,3.684,1.63,2.732708333333333,2.0540000000000003,2.705083333333333
2020-06-14,3.591,1.911,2.6992083333333334,1.6800000000000002,2.732708333333333
2020-06-15,3.587,2.18,2.7407916666666665,1.407,2.6992083333333334
2020-06-16,3.665,1.971,2.7759583333333335,1.694,2.7407916666666665
2020-06-17,3.686,1.557,2.77125,2.129,2.7759583333333335
2020-06-18,3.642,1.215,2.7257916666666664,2.4269999999999996,2.77125
2020-06-19,3.654,0.904,2.6811249999999998,2.75,2.7257916666666664
2020-06-20,3.674,0.739,2.7403478260869565,2.935,2.6811249999999998
2020-06-21,3.832,0.466,2.6522916666666667,3.3659999999999997,2.7403478260869565
2020-06-22,3.854,0.379,2.6462499999999998,3.475,2.6522916666666667
2020-06-23,3.842,0.338,2.6481666666666666,3.504,2.6462499999999998
2020-06-24,3.796,0.345,2.6350000000000002,3.4509999999999996,2.6481666666666666
2020-06-25,3.73,0.425,2.6233333333333335,3.305,2.6350000000000002
2020-06-26,3.722,0.547,2.6382499999999998,3.175,2.6233333333333335
2020-06-27,3.756,0.912,2.64875,2.844,2.6382499999999998
2020-06-28,3.755,1.223,2.6534166666666668,2.532,2.64875
2020-06-29,3.8,1.583,2.6479583333333334,2.2169999999999996,2.6534166666666668
2020-06-30,3.858,1.656,2.690208333333333,2.202,2.6479583333333334
2020-07-01,3.801,1.159,2.6827083333333337,2.6420000000000003,2.690208333333333
2020-07-02,3.781,0.874,2.504722222222222,2.907,2.6827083333333337
2020-07-04,3.725,0.269,2.170857142857143,3.456,2.504722222222222
2020-07-05,3.933,0.198,2.5476,3.735,2.170857142857143
2020-07-06,3.894,0.234,2.256416666666667,3.66,2.5476
2020-07-07,3.854,0.343,2.564380952380952,3.511,2.256416666666667
2020-07-08,3.653,1.259,2.9775384615384612,2.394,2.564380952380952
2020-07-09,3.651,0.805,2.5987142857142858,2.8459999999999996,2.9775384615384612
2020-07-10,3.694,1.017,2.654166666666667,2.677,2.5987142857142858
2020-07-11,3.615,1.328,2.6950416666666666,2.287,2.654166666666667
2020-07-12,3.603,1.656,2.688625,1.9470000000000003,2.6950416666666666
2020-07-13,3.573,1.998,2.72565,1.575,2.688625
2020-07-14,3.404,2.077,2.6062631578947366,1.327,2.72565
2020-07-15,3.61,1.785,2.6314117647058826,1.825,2.6062631578947366
2020-07-16,3.547,1.502,2.676142857142857,2.045,2.6314117647058826
2020-07-17,3.534,1.147,2.6968260869565217,2.3869999999999996,2.676142857142857
2020-07-18,3.635,0.884,2.7064583333333334,2.751,2.6968260869565217
2020-07-19,3.801,0.644,2.697625,3.157,2.7064583333333334
2020-07-20,3.893,0.428,2.6949166666666664,3.465,2.697625
2020-07-21,3.866,2.038,3.247833333333333,1.8280000000000003,2.6949166666666664
2020-07-22,3.975,0.315,2.61285,3.66,3.247833333333333
2020-07-23,3.933,0.357,2.6106666666666665,3.5759999999999996,2.61285
2020-07-24,3.931,0.61,2.5446315789473686,3.321,2.6106666666666665
2020-07-25,3.882,1.012,2.6979523809523807,2.87,2.5446315789473686
2020-07-26,4.01,1.302,2.7501363636363636,2.7079999999999997,2.6979523809523807
2020-07-27,3.539,1.773,2.5877368421052633,1.7660000000000002,2.7501363636363636
2020-07-28,3.877,1.721,2.658142857142857,2.1559999999999997,2.5877368421052633
2020-07-29,3.792,1.388,2.6627272727272726,2.404,2.658142857142857
2020-07-30,3.676,1.126,2.6887826086956523,2.5500000000000003,2.6627272727272726
2020-07-31,3.618,0.866,2.1582857142857144,2.752,2.6887826086956523
2020-08-01,3.56,0.394,2.053857142857143,3.166,2.1582857142857144
2020-08-02,3.612,0.46,2.46175,3.152,2.053857142857143
2020-08-03,3.71,0.519,2.4161111111111113,3.191,2.46175
2020-08-04,3.859,0.348,2.404,3.511,2.4161111111111113
2020-08-05,3.733,0.386,2.5999999999999996,3.347,2.404
2020-08-06,3.698,2.563,3.235222222222222,1.1349999999999998,2.5999999999999996
2020-08-07,3.715,0.974,2.50175,2.7409999999999997,3.235222222222222
2020-08-08,3.427,1.284,2.571625,2.143,2.50175
2020-08-09,3.387,2.277,2.8196,1.1099999999999999,2.571625
2020-08-10,3.211,2.025,2.607818181818182,1.186,2.8196
2020-08-11,3.024,2.053,2.5518,0.9710000000000001,2.607818181818182
2020-08-12,2.833,1.813,2.246888888888889,1.0200000000000002,2.5518
2020-08-13,3.218,1.547,2.2085555555555554,1.671,2.246888888888889
2020-08-14,3.316,1.402,2.3247142857142857,1.914,2.2085555555555554
2020-08-15,3.427,1.189,2.142333333333333,2.238,2.3247142857142857
2020-08-16,3.393,0.914,2.211,2.4789999999999996,2.142333333333333
2020-08-17,3.679,0.654,2.404,3.025,2.211
2020-08-18,3.678,0.495,2.291,3.183,2.404
2020-08-19,3.875,0.203,2.2375333333333334,3.672,2.291
2020-08-20,3.996,0.358,2.5018666666666665,3.638,2.2375333333333334
2020-08-21,4.072,0.555,2.529894736842105,3.517,2.5018666666666665
2020-08-22,4.052,0.923,2.527157894736842,3.1289999999999996,2.529894736842105
2020-08-23,3.938,1.399,2.670666666666667,2.539,2.527157894736842
2020-08-24,3.697,1.571,2.4774000000000003,2.1260000000000003,2.670666666666667
2020-08-25,3.361,1.425,2.274,1.9360000000000002,2.4774000000000003
2020-08-26,3.532,1.227,2.1112,2.3049999999999997,2.274
2020-08-27,3.217,1.093,1.945875,2.124,2.1112
2020-08-28,3.362,1.032,2.17175,2.33,1.945875
2020-08-29,3.385,0.874,2.275333333333333,2.5109999999999997,2.17175
2020-08-30,3.446,0.995,2.579555555555556,2.451,2.275333333333333
2020-08-31,3.549,1.277,2.8529999999999998,2.2720000000000002,2.579555555555556
2020-09-01,3.634,1.705,3.0476666666666663,1.9289999999999998,2.8529999999999998
2020-09-02,3.745,2.28,3.196111111111111,1.4650000000000003,3.0476666666666663
2020-09-03,3.804,2.42,3.187222222222222,1.384,3.196111111111111
2020-09-04,3.818,2.227,3.131333333333333,1.5910000000000002,3.187222222222222
2020-09-05,3.807,2.051,3.004888888888889,1.7559999999999998,3.131333333333333
2020-09-06,3.754,1.894,2.817,1.86,3.004888888888889
2020-09-07,3.576,1.77,2.5912222222222225,1.806,2.817
2020-09-08,3.236,1.749,2.387,1.487,2.5912222222222225
2020-09-09,1.955,1.609,1.7476666666666667,0.3460000000000001,2.387
2020-09-10,2.669,1.69,2.085375,0.9790000000000001,1.7476666666666667
2020-09-11,2.96,1.609,2.108888888888889,1.351,2.085375
2020-09-12,2.835,1.447,1.9695,1.388,2.108888888888889
2020-09-13,3.282,1.27,2.3024999999999998,2.012,1.9695
2020-09-14,2.766,1.685,2.225,1.081,2.3024999999999998
2020-09-15,3.574,1.484,2.9202500000000002,2.09,2.225
2020-09-16,3.68,1.348,2.961888888888889,2.332,2.9202500000000002
2020-09-17,3.901,2.846,3.444,1.0549999999999997,2.961888888888889
2020-09-18,4.3,2.791,3.7269999999999994,1.509,3.444
2020-09-20,4.264,1.45,3.0224285714285712,2.814,3.7269999999999994
2020-09-21,4.073,1.137,2.3363750000000003,2.9360000000000004,3.0224285714285712
2020-09-22,3.921,0.956,2.173111111111111,2.965,2.3363750000000003
2020-09-23,2.851,1.1,1.8065,1.751,2.173111111111111
2020-09-24,2.685,1.167,1.7613750000000001,1.518,1.8065
2020-09-25,2.243,1.283,1.6391666666666669,0.96,1.7613750000000001
2020-09-26,2.774,1.345,2.0076,1.429,1.6391666666666669
2020-09-27,2.246,1.602,1.907,0.6439999999999999,2.0076
2020-09-28,3.358,2.08,2.837,1.278,1.907
2020-09-29,3.502,3.25,3.394,0.2519999999999998,2.837
2020-09-30,3.689,2.537,3.247,1.1520000000000001,3.394
2020-10-01,3.938,2.807,3.5404999999999998,1.1310000000000002,3.247
2020-10-02,4.059,2.565,3.5189999999999997,1.4940000000000002,3.5404999999999998
2020-10-03,3.986,1.797,3.130875,2.189,3.5189999999999997
2020-10-04,4.101,1.505,2.7742857142857145,2.596,3.130875
2020-10-05,2.965,2.965,2.965,0.0,2.7742857142857145
2020-10-06,1.544,1.544,1.544,0.0,2.965
2020-10-08,2.859,1.526,1.9858333333333331,1.333,1.544
2020-10-10,2.431,1.803,2.0306,0.6280000000000001,1.9858333333333331
2020-10-11,2.6,2.317,2.4585,0.2829999999999999,2.0306
2020-10-12,2.953,1.875,2.34625,1.0779999999999998,2.4585
2020-10-13,3.315,3.315,3.315,0.0,2.34625
2020-10-15,3.862,3.858,3.8600000000000003,0.0040000000000000036,3.315
2020-10-19,4.466,1.058,2.8375,3.4080000000000004,3.8600000000000003
2020-10-20,3.442,0.842,1.9707999999999999,2.6,2.8375
2020-10-21,1.939,0.967,1.398,0.9720000000000001,1.9707999999999999
2020-10-22,2.764,1.293,1.7953333333333334,1.4709999999999999,1.398
2020-10-23,2.198,1.597,1.80625,0.601,1.7953333333333334
2020-10-24,1.842,1.774,1.808,0.06800000000000006,1.80625
2020-10-25,3.358,2.262,2.8356000000000003,1.096,1.808
2020-10-26,3.387,2.084,2.5816000000000003,1.303,2.8356000000000003
2020-10-27,3.566,2.964,3.36,0.6019999999999999,2.5816000000000003
2020-10-28,3.52,3.473,3.4965,0.04700000000000015,3.36
2020-10-29,3.599,3.303,3.451,0.29600000000000026,3.4965
2020-10-30,3.946,2.37,3.3367142857142857,1.576,3.451
2020-10-31,4.158,2.043,3.3775714285714287,2.115,3.3367142857142857
2020-11-01,3.89,2.11,3.0,1.7800000000000002,3.3775714285714287
2020-11-03,4.133,2.071,3.2042,2.062,3.0
2020-11-04,4.048,1.336,2.616875,2.7119999999999997,3.2042
2020-11-05,3.529,1.247,2.2003333333333335,2.282,2.616875
2020-11-07,3.206,1.534,2.1793333333333336,1.672,2.2003333333333335
2020-11-08,2.799,1.714,2.15075,1.085,2.1793333333333336
2020-11-09,2.621,2.621,2.621,0.0,2.15075
2020-11-10,2.706,1.682,2.1176000000000004,1.024,2.621
2020-11-11,3.404,2.065,2.7554,1.339,2.1176000000000004
2020-11-12,3.957,2.363,3.40225,1.5939999999999999,2.7554
2020-11-13,4.192,2.784,3.630875,1.4080000000000004,3.40225
2020-11-14,4.366,2.43,3.671375,1.9359999999999995,3.630875
2020-11-15,4.455,2.329,3.732666666666667,2.126,3.671375
2020-11-16,4.577,0.988,3.203,3.589,3.732666666666667
2020-11-17,4.434,0.685,2.9873333333333334,3.749,3.203
2020-11-18,4.219,0.588,2.563166666666667,3.6310000000000002,2.9873333333333334
2020-11-19,1.971,0.712,1.184,1.2590000000000001,2.563166666666667
2020-11-20,2.718,1.13,1.84575,1.588,1.184
2020-11-21,2.831,1.346,1.9861666666666666,1.4849999999999999,1.84575
2020-11-22,2.561,1.475,1.9695714285714285,1.0859999999999999,1.9861666666666666
2020-11-23,2.943,1.953,2.3145714285714285,0.99,1.9695714285714285
2020-11-24,2.861,2.148,2.413,0.7130000000000001,2.3145714285714285
2020-11-25,2.76,2.45,2.5866666666666664,0.3099999999999996,2.413
2020-11-26,3.416,3.337,3.3703333333333334,0.07899999999999974,2.5866666666666664
2020-11-27,3.695,3.113,3.468666666666667,0.5819999999999999,3.3703333333333334
2020-11-28,3.858,2.433,3.374375,1.4250000000000003,3.468666666666667
2020-11-29,3.961,3.961,3.961,0.0,3.374375
2020-12-01,4.075,4.075,4.075,0.0,3.961
2020-12-02,4.041,1.498,2.9444,2.543,4.075
2020-12-03,4.089,1.244,2.8396666666666666,2.8450000000000006,2.9444
2020-12-04,3.729,1.171,2.4137999999999997,2.558,2.8396666666666666
2020-12-05,3.327,1.24,2.1986,2.0869999999999997,2.4137999999999997
2020-12-06,2.32,1.403,1.82325,0.9169999999999998,2.1986
2020-12-07,2.531,1.524,1.925,1.0070000000000001,1.82325
2020-12-08,2.524,1.825,2.161,0.6990000000000001,1.925
2020-12-10,2.968,2.197,2.54725,0.7709999999999999,2.161
2020-12-11,2.895,2.895,2.895,0.0,2.54725
2020-12-12,3.836,3.212,3.5396,0.6239999999999997,2.895
2020-12-13,4.09,2.882,3.562333333333333,1.2079999999999997,3.5396
2020-12-14,4.156,2.112,3.4975,2.0439999999999996,3.562333333333333
2020-12-15,4.099,0.718,2.4128,3.3810000000000002,3.4975
2020-12-16,3.771,0.866,2.0723333333333334,2.905,2.4128
2020-12-17,3.372,0.609,1.93425,2.763,2.0723333333333334
2020-12-18,2.201,0.762,1.36375,1.439,1.93425
2020-12-21,2.248,1.96,2.066333333333333,0.28800000000000026,1.36375
2020-12-26,3.467,3.269,3.3680000000000003,0.19799999999999995,2.066333333333333
2020-12-28,3.629,3.629,3.629,0.0,3.3680000000000003
2021-01-06,4.082,1.944,3.05935,2.138,3.629
2021-01-07,4.144,2.356,3.14275,1.7880000000000003,3.05935
2021-01-08,4.123,2.109,3.1802499999999996,2.0140000000000002,3.14275
2021-01-09,4.216,1.664,3.2543333333333333,2.5520000000000005,3.1802499999999996
2021-01-10,4.198,1.411,3.2284166666666665,2.7870000000000004,3.2543333333333333
2021-01-11,4.276,1.225,3.248583333333333,3.0509999999999997,3.2284166666666665
2021-01-12,4.377,0.995,3.2932083333333337,3.3819999999999997,3.248583333333333
2021-01-13,4.449,0.912,3.2288333333333337,3.537,3.2932083333333337
2021-01-14,4.255,0.67,3.0563749999999996,3.585,3.2288333333333337
2021-01-15,4.184,0.545,2.9562916666666665,3.6390000000000002,3.0563749999999996
2021-01-16,4.071,0.708,2.9348333333333336,3.3629999999999995,2.9562916666666665
2021-01-17,4.027,1.02,2.968833333333333,3.007,2.9348333333333336
2021-01-18,3.961,1.325,2.997,2.636,2.968833333333333
2021-01-19,3.902,1.657,2.95275,2.245,2.997
2021-01-20,3.845,1.984,2.9501666666666666,1.8610000000000002,2.95275
2021-01-21,3.787,2.391,2.9578333333333333,1.396,2.9501666666666666
2021-01-22,3.734,2.119,2.9535416666666667,1.6149999999999998,2.9578333333333333
2021-01-23,3.768,1.891,3.017041666666667,1.8769999999999998,2.9535416666666667
2021-01-24,3.673,1.571,2.9881666666666664,2.1020000000000003,3.017041666666667
2021-01-25,3.687,1.423,2.94075,2.264,2.9881666666666664
2021-01-26,3.772,1.253,2.926083333333333,2.519,2.94075
2021-01-27,3.94,1.076,2.9738333333333333,2.864,2.926083333333333
2021-01-28,4.08,0.944,3.0229166666666667,3.136,2.9738333333333333
2021-01-29,4.208,0.864,3.0721249999999998,3.3440000000000003,3.0229166666666667
2021-01-30,4.227,0.775,3.0053750000000004,3.4520000000000004,3.0721249999999998
2021-01-31,4.187,0.752,2.963041666666667,3.4350000000000005,3.0053750000000004
2021-02-01,4.113,0.915,2.9502916666666668,3.1980000000000004,2.963041666666667
2021-02-02,4.096,1.175,2.950416666666667,2.9210000000000003,2.9502916666666668
2021-02-03,4.113,1.616,2.9839583333333333,2.4970000000000003,2.950416666666667
2021-02-04,4.034,2.031,2.970791666666667,2.0029999999999997,2.9839583333333333
2021-02-05,3.989,1.947,2.982791666666667,2.042,2.970791666666667
2021-02-06,3.957,1.642,3.011416666666667,2.315,2.982791666666667
2021-02-07,3.859,1.213,3.0031250000000003,2.646,3.011416666666667
2021-02-08,3.897,1.13,3.0101666666666667,2.767,3.0031250000000003
2021-02-09,3.933,0.977,2.979875,2.956,3.0101666666666667
2021-02-10,3.935,0.712,2.905333333333333,3.223,2.979875
2021-02-11,4.055,0.695,2.9421666666666666,3.36,2.905333333333333
2021-02-12,4.161,0.765,2.983166666666667,3.3959999999999995,2.9421666666666666
2021-02-13,4.086,0.915,2.9607083333333333,3.1710000000000003,2.983166666666667
2021-02-14,3.975,0.991,2.855916666666667,2.984,2.9607083333333333
2021-02-15,3.897,1.166,2.841875,2.731,2.855916666666667
2021-02-16,3.88,1.512,2.8410833333333336,2.368,2.841875
2021-02-17,3.877,1.791,2.901875,2.086,2.8410833333333336
2021-02-18,3.786,2.22,2.91975,1.5659999999999998,2.901875
2021-02-19,3.786,2.246,2.9784583333333337,1.54,2.91975
2021-02-20,3.683,2.098,2.970791666666667,1.585,2.9784583333333337
2021-02-21,3.578,1.908,2.980958333333333,1.67,2.970791666666667
2021-02-22,3.568,1.559,2.9572916666666664,2.0090000000000003,2.980958333333333
2021-02-23,3.639,1.365,2.9313749999999996,2.274,2.9572916666666664
2021-02-24,3.777,1.3,2.9107916666666664,2.4770000000000003,2.9313749999999996
2021-02-25,3.822,1.036,2.8722499999999997,2.786,2.9107916666666664
2021-02-26,3.908,0.846,2.8546666666666667,3.062,2.8722499999999997
2021-02-27,4.066,0.601,2.81225,3.465,2.8546666666666667
2021-02-28,4.141,0.663,2.807541666666667,3.4779999999999998,2.81225
2021-03-01,4.129,0.786,2.7414166666666664,3.3429999999999995,2.807541666666667
2021-03-02,4.162,0.989,2.7403333333333335,3.173,2.7414166666666664
2021-03-03,4.164,1.496,2.814375,2.6679999999999997,2.7403333333333335
2021-03-04,4.092,1.437,2.7922083333333334,2.6549999999999994,2.814375
2021-03-05,3.925,1.416,2.80475,2.509,2.7922083333333334
2021-03-06,3.765,1.475,2.845,2.29,2.80475
2021-03-07,3.63,1.421,2.9310416666666668,2.2089999999999996,2.845
2021-03-08,3.69,1.356,2.9735416666666663,2.3339999999999996,2.9310416666666668
2021-03-09,3.875,1.378,2.9936666666666665,2.497,2.9735416666666663
2021-03-10,3.977,1.308,3.0222916666666664,2.6689999999999996,2.9936666666666665
2021-03-11,4.044,1.202,3.0252499999999998,2.8419999999999996,3.0222916666666664
2021-03-12,4.04,1.137,3.0224166666666665,2.903,3.0252499999999998
2021-03-13,4.109,1.157,3.0931818181818183,2.952,3.0224166666666665
2021-03-14,4.121,1.322,2.984958333333333,2.7990000000000004,3.0931818181818183
2021-03-15,4.043,1.5,2.9130833333333332,2.543,2.984958333333333
2021-03-16,3.923,1.831,2.933727272727273,2.092,2.9130833333333332
2021-03-17,3.852,1.685,2.782625,2.167,2.933727272727273
2021-03-18,3.81,1.621,2.8039166666666664,2.189,2.782625
2021-03-19,3.746,1.574,2.7877500000000004,2.1719999999999997,2.8039166666666664
2021-03-20,3.605,1.584,2.7834583333333334,2.021,2.7877500000000004
2021-03-21,3.555,1.748,2.844958333333333,1.8070000000000002,2.7834583333333334
2021-03-22,3.638,1.826,2.978666666666667,1.8119999999999998,2.844958333333333
2021-03-23,3.777,1.782,3.0857916666666667,1.995,2.978666666666667
2021-03-24,3.854,1.674,3.073625,2.18,3.0857916666666667
2021-03-25,3.957,1.583,3.095,2.3739999999999997,3.073625
2021-03-26,4.011,1.503,3.09775,2.508,3.095
2021-03-27,4.058,1.31,3.001208333333333,2.7479999999999998,3.09775
2021-03-28,4.137,1.119,2.8814166666666665,3.018,3.001208333333333
2021-03-29,4.266,1.037,2.8185000000000002,3.229,2.8814166666666665
2021-03-30,4.278,1.23,2.6384761904761906,3.0479999999999996,2.8185000000000002
2021-03-31,4.134,0.912,2.6815416666666665,3.2220000000000004,2.6384761904761906
2021-04-01,4.025,0.735,2.6334583333333335,3.2900000000000005,2.6815416666666665
2021-04-02,3.861,0.694,2.6304583333333333,3.1670000000000003,2.6334583333333335
2021-04-03,3.724,0.942,2.6757500000000003,2.782,2.6304583333333333
2021-04-04,3.617,1.214,2.810583333333333,2.403,2.6757500000000003
2021-04-05,3.697,1.442,2.922,2.255,2.810583333333333
2021-04-06,3.85,1.457,2.9336249999999997,2.393,2.922
2021-04-07,3.86,1.489,2.9335416666666667,2.3709999999999996,2.9336249999999997
2021-04-08,3.946,1.519,2.968083333333333,2.4270000000000005,2.9335416666666667
2021-04-09,3.961,1.491,2.9790833333333335,2.4699999999999998,2.968083333333333
2021-04-10,3.996,1.599,2.981125,2.3970000000000002,2.9790833333333335
2021-04-11,4.046,1.704,2.958458333333333,2.3420000000000005,2.981125
2021-04-12,4.05,1.725,2.925708333333333,2.3249999999999997,2.958458333333333
2021-04-13,4.005,1.493,2.8824166666666664,2.5119999999999996,2.925708333333333
2021-04-14,3.951,1.348,2.847875,2.6029999999999998,2.8824166666666664
2021-04-15,3.861,1.199,2.8179166666666666,2.662,2.847875
2021-04-16,3.72,1.127,2.767958333333333,2.593,2.8179166666666666
2021-04-17,3.671,1.139,2.7620416666666667,2.532,2.767958333333333
2021-04-18,3.621,1.269,2.804,2.3520000000000003,2.7620416666666667
2021-04-19,3.576,1.416,2.8394166666666667,2.16,2.804
2021-04-20,3.545,1.55,2.8575416666666666,1.9949999999999999,2.8394166666666667
2021-04-21,3.679,1.612,3.1001000000000003,2.0669999999999997,2.8575416666666666
2021-04-22,3.822,1.525,2.9074166666666668,2.297,3.1001000000000003
2021-04-23,3.855,1.547,2.9026666666666667,2.308,2.9074166666666668
2021-04-24,3.95,1.584,2.876208333333333,2.366,2.9026666666666667
2021-04-25,4.027,1.419,2.8589583333333333,2.608,2.876208333333333
2021-04-26,4.121,1.415,2.8325,2.7060000000000004,2.8589583333333333
2021-04-27,4.249,0.851,2.759916666666667,3.3979999999999997,2.8325
2021-04-28,4.314,0.558,2.7589583333333336,3.7560000000000002,2.759916666666667
2021-04-29,4.24,0.466,2.7863333333333333,3.774,2.7589583333333336
2021-04-30,4.12,0.458,2.79725,3.662,2.7863333333333333
2021-05-01,4.013,0.587,2.815166666666667,3.426,2.79725
2021-05-02,3.898,0.903,2.8507916666666664,2.995,2.815166666666667
2021-05-03,3.818,1.234,2.9044166666666666,2.584,2.8507916666666664
2021-05-04,3.837,1.51,2.9460416666666664,2.327,2.9044166666666666
2021-05-05,3.891,1.605,2.9476666666666667,2.286,2.9460416666666664
2021-05-06,3.879,1.786,2.989130434782609,2.093,2.9476666666666667
2021-05-07,3.832,1.912,2.9222083333333333,1.92,2.989130434782609
2021-05-08,3.924,1.892,2.9124583333333334,2.032,2.9222083333333333
2021-05-09,3.887,1.722,2.873708333333333,2.165,2.9124583333333334
2021-05-10,3.919,1.434,2.8465000000000003,2.4850000000000003,2.873708333333333
2021-05-11,3.858,1.146,2.798,2.712,2.8465000000000003
2021-05-12,3.877,0.964,2.7428333333333335,2.913,2.798
2021-05-13,3.892,0.853,2.7599583333333335,3.0389999999999997,2.7428333333333335
2021-05-14,3.822,0.814,2.744125,3.008,2.7599583333333335
2021-05-15,3.735,0.735,2.736125,3.0,2.744125
2021-05-16,3.658,0.846,2.718375,2.812,2.736125
2021-05-17,3.655,0.935,2.769,2.7199999999999998,2.718375
2021-05-18,3.56,1.137,2.7426666666666666,2.423,2.769
2021-05-19,3.596,1.153,2.7710000000000004,2.443,2.7426666666666666
2021-05-20,3.543,1.411,2.7626666666666666,2.132,2.7710000000000004
2021-05-21,3.767,1.52,2.7634166666666666,2.247,2.7626666666666666
2021-05-22,3.683,1.616,2.7069166666666664,2.0669999999999997,2.7634166666666666
2021-05-23,3.562,1.777,2.7015,1.785,2.7069166666666664
2021-05-24,3.857,1.247,2.705416666666667,2.6100000000000003,2.7015
2021-05-25,3.975,0.627,2.6816666666666666,3.348,2.705416666666667
2021-05-26,4.075,0.237,2.6557083333333336,3.838,2.6816666666666666
2021-05-27,4.123,0.062,2.6313333333333335,4.061,2.6557083333333336
2021-05-28,4.033,-0.048,2.6137083333333333,4.081,2.6313333333333335
2021-05-29,3.978,0.007,2.6377083333333333,3.971,2.6137083333333333
2021-05-30,3.822,0.246,2.628625,3.576,2.6377083333333333
2021-05-31,3.753,0.56,2.630875,3.193,2.628625
2021-06-01,3.621,0.982,2.666125,2.6390000000000002,2.630875
2021-06-02,3.644,1.303,2.6990416666666666,2.341,2.666125
2021-06-03,3.638,1.582,2.703375,2.056,2.6990416666666666
2021-06-04,3.61,1.858,2.704625,1.7519999999999998,2.703375
2021-06-05,3.67,1.991,2.699125,1.6789999999999998,2.704625
2021-06-06,3.603,1.516,2.673583333333333,2.087,2.699125
2021-06-07,3.5,1.144,2.6118333333333332,2.356,2.673583333333333
2021-06-08,3.533,0.974,2.5892916666666665,2.559,2.6118333333333332
2021-06-09,3.694,0.749,2.6110833333333336,2.945,2.5892916666666665
2021-06-10,3.714,0.573,2.5660833333333333,3.141,2.6110833333333336
2021-06-11,3.607,0.461,2.54975,3.1460000000000004,2.5660833333333333
2021-06-12,3.721,0.403,2.4984583333333332,3.318,2.54975
2021-06-13,3.63,0.458,2.5549583333333334,3.1719999999999997,2.4984583333333332
2021-06-14,3.657,0.574,2.587333333333333,3.083,2.5549583333333334
2021-06-15,3.644,0.699,2.5909166666666668,2.9450000000000003,2.587333333333333
2021-06-16,3.532,0.831,2.5944583333333333,2.701,2.5909166666666668
2021-06-17,3.566,1.138,2.6300833333333333,2.428,2.5944583333333333
2021-06-18,3.571,1.34,2.63125,2.231,2.6300833333333333
2021-06-19,3.613,1.764,2.6472083333333334,1.849,2.63125
2021-06-20,3.631,1.823,2.635083333333333,1.8079999999999998,2.6472083333333334
2021-06-21,3.638,1.299,2.5972916666666666,2.339,2.635083333333333
2021-06-22,3.673,0.647,2.709090909090909,3.026,2.5972916666666666
2021-06-23,3.732,0.286,2.524375,3.446,2.709090909090909
2021-06-24,3.915,1.112,3.0698947368421052,2.803,2.524375
2021-06-25,3.93,0.297,2.972,3.633,3.0698947368421052
2021-06-26,3.929,1.617,3.277277777777778,2.312,2.972
2021-06-27,3.912,0.085,2.61625,3.827,3.277277777777778
2021-06-28,3.746,0.31,2.606125,3.436,2.61625
2021-06-29,3.714,0.735,2.8851428571428572,2.979,2.606125
2021-06-30,3.652,1.053,2.6529166666666666,2.599,2.8851428571428572
2021-07-01,3.595,1.505,2.700875,2.0900000000000003,2.6529166666666666
2021-07-02,3.532,1.914,2.690041666666667,1.618,2.700875
2021-07-03,3.576,2.155,2.7432916666666665,1.4210000000000003,2.690041666666667
2021-07-04,3.564,1.794,2.721791666666667,1.77,2.7432916666666665
2021-07-05,3.529,1.495,2.68125,2.034,2.721791666666667
2021-07-06,3.436,1.163,2.6593750000000003,2.2729999999999997,2.68125
2021-07-07,3.473,0.716,2.593,2.7569999999999997,2.6593750000000003
2021-07-08,3.569,0.757,2.645208333333333,2.812,2.593
2021-07-09,3.758,0.747,2.6975833333333337,3.011,2.645208333333333
2021-07-10,3.798,0.583,2.705458333333333,3.215,2.6975833333333337
2021-07-11,3.832,1.082,3.09945,2.75,2.705458333333333
2021-07-12,3.855,0.591,2.7524166666666665,3.2640000000000002,3.09945
2021-07-13,3.862,0.656,2.7550416666666666,3.206,2.7524166666666665
2021-07-14,3.762,0.938,2.9684761904761907,2.824,2.7550416666666666
2021-07-15,3.704,0.906,2.689833333333333,2.798,2.9684761904761907
2021-07-16,3.728,1.257,2.6968333333333336,2.471,2.689833333333333
2021-07-17,3.746,1.645,2.7074583333333333,2.101,2.6968333333333336
2021-07-18,3.794,2.015,2.80675,1.779,2.7074583333333333
2021-07-19,3.684,1.348,2.658875,2.3360000000000003,2.80675
2021-07-20,3.682,1.02,2.685791666666667,2.662,2.658875
2021-07-21,3.74,0.506,2.6525416666666666,3.234,2.685791666666667
2021-07-22,3.841,0.407,2.5935416666666664,3.434,2.6525416666666666
2021-07-23,3.868,0.136,2.5930416666666667,3.7319999999999998,2.5935416666666664
2021-07-24,3.92,-0.03,2.5525652173913045,3.9499999999999997,2.5930416666666667
2021-07-25,3.834,0.06,2.494772727272727,3.774,2.5525652173913045
2021-07-26,3.872,0.297,2.6121250000000003,3.5749999999999997,2.494772727272727
2021-07-27,3.819,0.454,2.6025833333333335,3.3649999999999998,2.6121250000000003
2021-07-28,3.71,0.992,2.654,2.718,2.6025833333333335
2021-07-29,3.731,1.371,2.6316666666666664,2.36,2.654
2021-07-30,3.676,1.735,2.632875,1.941,2.6316666666666664
2021-07-31,3.536,2.056,2.6669583333333335,1.48,2.632875
2021-08-01,3.557,1.877,2.646,1.68,2.6669583333333335
2021-08-02,3.323,1.505,2.58875,1.818,2.646
2021-08-03,3.22,1.275,2.5415,1.9450000000000003,2.58875
2021-08-04,3.217,1.064,2.5080833333333334,2.153,2.5415
2021-08-05,3.407,0.81,2.4800416666666667,2.597,2.5080833333333334
2021-08-06,3.533,0.647,2.509375,2.886,2.4800416666666667
2021-08-07,3.566,0.743,2.669636363636364,2.823,2.509375
2021-08-08,3.68,1.045,2.91705,2.6350000000000002,2.669636363636364
2021-08-09,3.729,0.512,2.5844583333333335,3.217,2.91705
2021-08-10,3.842,0.422,2.6315416666666667,3.42,2.5844583333333335
2021-08-11,3.839,0.625,2.63875,3.214,2.6315416666666667
2021-08-12,3.846,0.966,2.6683333333333334,2.88,2.63875
2021-08-13,3.904,1.191,2.6854999999999998,2.713,2.6683333333333334
2021-08-14,3.845,1.747,2.716708333333333,2.098,2.6854999999999998
2021-08-15,3.86,1.63,2.7284583333333337,2.23,2.716708333333333
2021-08-16,3.712,1.408,2.7231666666666663,2.3040000000000003,2.7284583333333337
2021-08-17,3.682,1.162,2.7288333333333337,2.52,2.7231666666666663
2021-08-18,3.629,0.935,2.7308333333333334,2.694,2.7288333333333337
2021-08-19,3.788,0.747,2.707708333333333,3.041,2.7308333333333334
2021-08-20,3.865,0.538,2.687666666666667,3.327,2.707708333333333
2021-08-21,3.89,0.407,2.6790000000000003,3.483,2.687666666666667
2021-08-22,3.913,0.307,2.771434782608696,3.606,2.6790000000000003
2021-08-23,3.992,0.41,2.691875,3.582,2.771434782608696
2021-08-24,4.032,0.555,2.7319583333333335,3.477,2.691875
2021-08-25,3.923,0.863,2.7234166666666666,3.06,2.7319583333333335
2021-08-26,3.878,1.253,2.7447083333333335,2.625,2.7234166666666666
2021-08-27,3.855,1.686,2.782208333333333,2.169,2.7447083333333335
2021-08-28,3.75,1.874,2.7872916666666665,1.876,2.782208333333333
2021-08-29,3.697,1.758,2.8104999999999998,1.939,2.7872916666666665
2021-08-30,3.593,1.69,2.8182500000000004,1.903,2.8104999999999998
2021-08-31,3.557,1.722,2.8215416666666666,1.835,2.8182500000000004
2021-09-01,3.436,1.645,2.8143333333333334,1.791,2.8215416666666666
2021-09-02,3.59,1.494,2.798625,2.096,2.8143333333333334
2021-09-03,3.614,1.188,2.6980833333333334,2.426,2.798625
2021-09-04,3.724,0.938,2.6930833333333335,2.7860000000000005,2.6980833333333334
2021-09-05,3.778,0.844,2.6945416666666664,2.934,2.6930833333333335
2021-09-06,3.934,0.75,2.7431666666666668,3.184,2.6945416666666664
2021-09-07,3.968,0.726,2.7545416666666664,3.242,2.7431666666666668
2021-09-08,4.028,0.858,2.7603333333333335,3.1699999999999995,2.7545416666666664
2021-09-09,4.048,0.919,2.717875,3.129,2.7603333333333335
2021-09-10,3.974,1.277,2.6827083333333337,2.697,2.717875
2021-09-11,3.914,1.24,2.6650416666666668,2.6740000000000004,2.6827083333333337
2021-09-12,3.777,1.042,2.69275,2.7350000000000003,2.6650416666666668
2021-09-13,3.696,1.114,2.7365,2.582,2.69275
2021-09-14,3.644,1.063,2.7542500000000003,2.5810000000000004,2.7365
2021-09-15,3.605,1.083,2.7575,2.5220000000000002,2.7542500000000003
2021-09-16,3.83,1.069,2.7722083333333334,2.761,2.7575
2021-09-17,3.922,0.979,2.7613333333333334,2.943,2.7722083333333334
2021-09-18,3.999,0.9,2.779666666666667,3.099,2.7613333333333334
2021-09-19,3.968,0.765,2.7408333333333332,3.203,2.779666666666667
2021-09-20,4.03,0.727,2.736791666666667,3.3030000000000004,2.7408333333333332
2021-09-21,4.02,0.963,2.790791666666667,3.0569999999999995,2.736791666666667
2021-09-22,4.024,1.209,2.7667916666666668,2.815,2.790791666666667
2021-09-23,4.017,1.532,2.7845,2.4850000000000003,2.7667916666666668
2021-09-24,3.889,1.46,2.785375,2.429,2.7845
2021-09-25,3.824,1.344,2.8030833333333334,2.4799999999999995,2.785375
2021-09-26,3.772,1.399,2.8535416666666666,2.3729999999999998,2.8030833333333334
2021-09-27,3.698,1.412,2.9296666666666664,2.286,2.8535416666666666
2021-09-28,3.607,1.531,2.927958333333333,2.0760000000000005,2.9296666666666664
2021-09-29,3.573,1.664,2.9375,1.909,2.927958333333333
2021-09-30,3.656,1.681,2.880708333333333,1.975,2.9375
2021-10-01,3.743,1.609,2.8550833333333334,2.134,2.880708333333333
2021-10-02,3.693,1.403,2.7524166666666665,2.29,2.8550833333333334
2021-10-03,3.925,1.314,2.82925,2.6109999999999998,2.7524166666666665
2021-10-04,4.075,1.274,2.8958333333333335,2.801,2.82925
2021-10-05,4.112,1.222,2.923125,2.89,2.8958333333333335
2021-10-06,4.223,1.257,2.923125,2.966,2.923125
2021-10-07,4.187,1.436,2.890041666666667,2.7510000000000003,2.923125
2021-10-08,4.203,1.131,2.8194583333333334,3.072,2.890041666666667
2021-10-09,4.292,0.939,2.8781250000000003,3.3529999999999998,2.8194583333333334
2021-10-10,4.195,0.699,2.89925,3.4960000000000004,2.8781250000000003
2021-10-11,3.899,0.731,2.828666666666667,3.168,2.89925
2021-10-12,3.645,0.702,2.705208333333333,2.943,2.828666666666667
2021-10-13,3.734,0.875,2.749166666666667,2.859,2.705208333333333
2021-10-14,3.952,1.219,2.8785833333333333,2.7329999999999997,2.749166666666667
2021-10-15,4.087,1.434,2.960125,2.6529999999999996,2.8785833333333333
2021-10-16,4.081,1.566,3.0216250000000002,2.5150000000000006,2.960125
2021-10-17,4.218,1.535,3.01675,2.683,3.0216250000000002
2021-10-18,4.198,1.572,3.0364166666666663,2.6260000000000003,3.01675
2021-10-19,4.153,1.725,3.031875,2.4279999999999995,3.0364166666666663
2021-10-20,4.171,1.906,3.0869583333333335,2.2650000000000006,3.031875
2021-10-21,4.223,1.687,3.0965000000000003,2.5359999999999996,3.0869583333333335
2021-10-22,4.208,1.406,3.0601249999999998,2.8020000000000005,3.0965000000000003
2021-10-23,4.115,1.224,3.0435833333333338,2.891,3.0601249999999998
2021-10-24,4.064,1.199,3.0523333333333333,2.865,3.0435833333333338
2021-10-25,3.945,1.243,3.07075,2.702,3.0523333333333333
2021-10-26,3.857,1.46,3.1067916666666666,2.3970000000000002,3.07075
2021-10-27,3.73,1.536,3.0325,2.194,3.1067916666666666
2021-10-28,3.761,1.602,2.99025,2.159,3.0325
2021-10-29,3.887,1.786,3.035833333333333,2.101,2.99025
2021-10-30,3.993,1.904,3.022625,2.089,3.035833333333333
2021-10-31,4.005,1.81,2.983875,2.195,3.022625
2021-11-01,4.128,1.867,3.041166666666667,2.261,2.983875
2021-11-02,4.194,1.893,3.0908333333333338,2.301,3.041166666666667
2021-11-03,4.197,1.951,3.097291666666667,2.246,3.0908333333333338
2021-11-04,4.359,1.688,3.059304347826087,2.6710000000000003,3.097291666666667
2021-11-05,4.434,1.055,3.095083333333333,3.3790000000000004,3.059304347826087
2021-11-06,4.467,0.778,3.079125,3.6889999999999996,3.095083333333333
2021-11-07,4.358,0.477,3.049291666666667,3.881,3.079125
2021-11-08,4.219,0.542,3.0114583333333336,3.6770000000000005,3.049291666666667
2021-11-09,4.068,0.712,3.0084166666666667,3.356,3.0114583333333336
2021-11-10,4.102,1.054,3.0689166666666665,3.048,3.0084166666666667
2021-11-11,4.027,1.36,3.0414166666666667,2.667,3.0689166666666665
2021-11-12,4.081,1.695,3.0937083333333333,2.386,3.0414166666666667
2021-11-13,4.109,1.912,3.0747916666666666,2.197,3.0937083333333333
2021-11-14,4.097,1.939,3.037333333333333,2.1580000000000004,3.0747916666666666
2021-11-15,4.15,2.134,3.110416666666667,2.0160000000000005,3.037333333333333
2021-11-16,4.135,2.18,3.094291666666667,1.9549999999999996,3.110416666666667
2021-11-17,4.083,1.856,3.0683333333333334,2.2270000000000003,3.094291666666667
2021-11-18,4.052,1.423,3.032625,2.6289999999999996,3.0683333333333334
2021-11-19,4.076,1.276,3.063625,2.8,3.032625
2021-11-20,4.094,1.139,3.0682500000000004,2.955,3.063625
2021-11-21,4.004,0.941,3.0052083333333335,3.0629999999999997,3.0682500000000004
2021-11-22,3.969,0.993,2.9819999999999998,2.976,3.0052083333333335
2021-11-23,3.983,1.064,3.079,2.919,2.9819999999999998
2021-11-24,3.953,1.293,3.097,2.66,3.079
2021-11-25,3.828,1.393,3.0789166666666667,2.4349999999999996,3.097
2021-11-26,3.947,1.675,3.141208333333333,2.2720000000000002,3.0789166666666667
2021-11-27,3.993,1.856,3.1493333333333333,2.1369999999999996,3.141208333333333
2021-11-28,4.027,2.075,3.1323333333333334,1.952,3.1493333333333333
2021-11-29,4.113,2.183,3.1437500000000003,1.9300000000000006,3.1323333333333334
2021-11-30,4.2,2.333,3.189666666666667,1.867,3.1437500000000003
2021-12-01,4.413,2.121,3.3619583333333334,2.2920000000000003,3.189666666666667
2021-12-02,4.48,1.91,3.3984166666666664,2.5700000000000003,3.3619583333333334
2021-12-03,4.431,1.552,3.310416666666667,2.879,3.3984166666666664
2021-12-04,4.5,0.954,3.2705416666666665,3.5460000000000003,3.310416666666667
2021-12-05,4.49,0.604,3.2060416666666662,3.886,3.2705416666666665
2021-12-06,4.447,0.438,3.189833333333333,4.009,3.2060416666666662
2021-12-07,4.417,1.094,3.556380952380952,3.3229999999999995,3.189833333333333
2021-12-08,4.236,0.75,3.1195416666666667,3.4859999999999998,3.556380952380952
2021-12-09,4.174,1.053,3.1183333333333336,3.1210000000000004,3.1195416666666667
2021-12-10,4.19,1.457,3.2459130434782613,2.7330000000000005,3.1183333333333336
2021-12-11,4.155,1.855,3.1519545454545455,2.3000000000000003,3.2459130434782613
2021-12-12,4.107,2.17,3.132045454545455,1.9370000000000003,3.1519545454545455
2021-12-13,4.073,2.485,3.2077500000000003,1.5880000000000005,3.132045454545455
2021-12-14,4.038,2.246,3.2434166666666666,1.7920000000000003,3.2077500000000003
2021-12-15,4.045,2.007,3.1807916666666665,2.038,3.2434166666666666
2021-12-16,4.057,1.803,3.146708333333333,2.2540000000000004,3.1807916666666665
2021-12-17,4.083,1.518,3.1782500000000002,2.5650000000000004,3.146708333333333
2021-12-18,4.113,1.403,3.2071666666666663,2.7100000000000004,3.1782500000000002
2021-12-19,4.037,1.049,3.0712083333333333,2.988,3.2071666666666663
2021-12-20,4.04,0.933,3.1809545454545454,3.107,3.0712083333333333
2021-12-21,4.183,0.97,3.123208333333333,3.213,3.1809545454545454
2021-12-22,4.086,1.089,3.1349583333333335,2.9970000000000003,3.123208333333333
2021-12-23,4.034,1.143,3.0844583333333335,2.891,3.1349583333333335
2021-12-24,3.908,1.15,2.98025,2.758,3.0844583333333335
2021-12-25,3.916,1.37,2.983375,2.546,2.98025
2021-12-26,3.961,1.587,2.969875,2.3739999999999997,2.983375
2021-12-27,3.977,1.863,2.9749583333333334,2.114,2.969875
2021-12-28,4.032,2.255,3.0528333333333335,1.7770000000000001,2.9749583333333334
2021-12-29,4.154,2.067,3.2074166666666666,2.0869999999999997,3.0528333333333335
2021-12-30,4.196,1.715,3.251583333333333,2.481,3.2074166666666666
2021-12-31,4.251,1.371,3.2618333333333336,2.8800000000000003,3.251583333333333
2022-01-01,4.279,1.137,3.204458333333333,3.142,3.2618333333333336
2022-01-02,4.358,0.562,3.1205,3.7959999999999994,3.204458333333333
2022-01-03,4.437,0.42,3.0997916666666665,4.017,3.1205
2022-01-04,4.424,0.396,3.049,4.0280000000000005,3.0997916666666665
2022-01-05,4.245,0.384,2.93125,3.861,3.049
2022-01-06,4.072,0.54,2.9173333333333336,3.532,2.93125
2022-01-07,4.007,0.879,2.9285416666666664,3.1279999999999997,2.9173333333333336
2022-01-08,3.93,1.266,2.9017916666666665,2.664,2.9285416666666664
2022-01-09,3.864,1.626,2.896333333333333,2.238,2.9017916666666665
2022-01-10,3.879,2.143,2.974625,1.7360000000000002,2.896333333333333
2022-01-11,3.849,2.135,3.0045,1.7140000000000004,2.974625
2022-01-12,3.711,1.826,2.993916666666667,1.8849999999999998,3.0045
2022-01-13,3.704,1.599,2.986916666666667,2.1050000000000004,2.993916666666667
2022-01-14,3.781,1.541,2.999375,2.24,2.986916666666667
2022-01-15,3.843,1.406,3.011625,2.4370000000000003,2.999375
2022-01-16,3.953,1.172,3.0209166666666665,2.7809999999999997,3.011625
2022-01-17,3.973,0.974,2.96925,2.9989999999999997,3.0209166666666665
2022-01-18,4.149,0.873,3.0275,3.276,2.96925
2022-01-19,4.148,0.878,3.046708333333333,3.2699999999999996,3.0275
2022-01-20,4.077,0.949,3.0258749999999996,3.128,3.046708333333333
2022-01-21,4.079,1.032,3.029875,3.0469999999999997,3.0258749999999996
2022-01-22,4.041,1.142,2.9788333333333337,2.8990000000000005,3.029875
2022-01-23,3.969,1.269,2.906541666666667,2.7,2.9788333333333337
2022-01-24,3.996,1.596,2.9101250000000003,2.4,2.906541666666667
2022-01-25,4.012,2.036,2.9581250000000003,1.9759999999999995,2.9101250000000003
2022-01-26,3.991,1.917,2.969666666666667,2.074,2.9581250000000003
2022-01-27,3.946,1.57,2.9945416666666667,2.3760000000000003,2.969666666666667
2022-01-28,3.952,1.16,3.015875,2.792,2.9945416666666667
2022-01-29,3.98,1.011,3.0480416666666668,2.9690000000000003,3.015875
2022-01-30,4.085,0.815,3.052958333333333,3.27,3.0480416666666668
2022-01-31,4.245,0.655,3.0877916666666665,3.59,3.052958333333333
2022-02-01,4.354,0.462,3.0747083333333336,3.892,3.0877916666666665
2022-02-02,4.327,0.528,3.0283333333333338,3.799,3.0747083333333336
2022-02-03,4.326,0.636,3.0235833333333333,3.6899999999999995,3.0283333333333338
2022-02-04,4.281,0.944,3.105375,3.3369999999999997,3.0235833333333333
2022-02-05,4.225,1.515,3.1798333333333333,2.71,3.105375
2022-02-06,4.089,1.823,3.10875,2.2660000000000005,3.1798333333333333
2022-02-07,3.947,2.163,3.0065416666666667,1.7840000000000003,3.10875
2022-02-08,3.91,2.293,3.0364583333333335,1.617,3.0065416666666667
2022-02-09,3.797,2.17,3.060083333333333,1.6270000000000002,3.0364583333333335
2022-02-10,3.725,1.938,3.0796666666666668,1.7870000000000001,3.060083333333333
2022-02-11,3.657,1.73,3.0543333333333336,1.927,3.0796666666666668
2022-02-12,3.771,1.641,3.069125,2.13,3.0543333333333336
2022-02-13,3.786,1.559,3.0384166666666665,2.2270000000000003,3.069125
2022-02-14,3.885,1.305,3.058458333333333,2.58,3.0384166666666665
2022-02-15,3.957,1.227,3.0671250000000003,2.7299999999999995,3.058458333333333
2022-02-16,4.03,1.069,3.0281249999999997,2.9610000000000003,3.0671250000000003
2022-02-17,4.138,1.029,3.000541666666667,3.109,3.0281249999999997
2022-02-18,4.134,1.02,2.9911666666666665,3.1140000000000003,3.000541666666667
2022-02-19,4.133,1.135,2.939458333333333,2.998,2.9911666666666665
2022-02-20,4.135,1.232,2.948375,2.9029999999999996,2.939458333333333
2022-02-21,4.213,1.746,3.0636666666666668,2.467,2.948375
2022-02-22,4.194,2.107,3.1344583333333333,2.0869999999999997,3.0636666666666668
2022-02-23,4.223,2.077,3.2231666666666663,2.146,3.1344583333333333
2022-02-24,4.139,1.994,3.300333333333333,2.1450000000000005,3.2231666666666663
2022-02-25,4.096,1.794,3.27675,2.302,3.300333333333333
2022-02-26,3.978,1.399,3.216583333333333,2.579,3.27675
2022-02-27,4.119,1.248,3.180875,2.8709999999999996,3.216583333333333
2022-02-28,4.08,1.37,3.230260869565217,2.71,3.180875
2022-03-01,4.064,0.887,3.016375,3.177,3.230260869565217
2022-03-02,4.16,0.765,2.952375,3.395,3.016375
2022-03-03,4.216,0.72,2.919333333333333,3.4960000000000004,2.952375
2022-03-04,4.139,0.875,2.840291666666667,3.2640000000000002,2.919333333333333
2022-03-05,4.038,1.159,2.7849583333333334,2.8790000000000004,2.840291666666667
2022-03-06,3.99,1.416,2.764875,2.5740000000000003,2.7849583333333334
2022-03-07,3.907,1.84,2.8252083333333338,2.067,2.764875
2022-03-08,3.994,1.836,2.9355833333333337,2.1580000000000004,2.8252083333333338
2022-03-09,3.875,1.881,2.994125,1.994,2.9355833333333337
2022-03-10,3.693,1.862,2.9776249999999997,1.831,2.994125
2022-03-11,3.688,1.951,3.0032083333333333,1.737,2.9776249999999997
2022-03-12,3.7,1.878,3.0475,1.8220000000000003,3.0032083333333333
2022-03-13,3.724,1.658,3.0198750000000003,2.0660000000000003,3.0475
2022-03-14,3.771,1.522,2.9437916666666664,2.2489999999999997,3.0198750000000003
2022-03-15,3.816,1.408,2.9320416666666667,2.408,2.9437916666666664
2022-03-16,3.862,1.262,2.908875,2.6,2.9320416666666667
2022-03-17,3.916,1.098,2.87325,2.8179999999999996,2.908875
2022-03-18,4.027,1.001,2.810916666666667,3.0260000000000002,2.87325
2022-03-19,4.133,1.127,2.8016666666666663,3.0060000000000002,2.810916666666667
2022-03-20,4.121,1.273,2.7876250000000002,2.8480000000000008,2.8016666666666663
2022-03-21,4.099,1.253,2.7266666666666666,2.846,2.7876250000000002
2022-03-22,3.986,1.022,2.6978333333333335,2.9640000000000004,2.7266666666666666
2022-03-23,3.949,0.999,2.7365833333333334,2.9499999999999997,2.6978333333333335
2022-03-24,3.826,1.102,2.798458333333333,2.724,2.7365833333333334
2022-03-25,3.608,1.148,2.8056666666666668,2.46,2.798458333333333
2022-03-26,3.582,1.231,2.8545416666666665,2.351,2.8056666666666668
2022-03-27,3.816,1.151,2.9110833333333335,2.665,2.8545416666666665
2022-03-28,3.953,1.265,2.950791666666667,2.6879999999999997,2.9110833333333335
2022-03-29,4.114,1.148,3.0410416666666666,2.966,2.950791666666667
2022-03-30,4.073,1.147,2.997958333333333,2.926,3.0410416666666666
2022-03-31,4.146,1.218,2.974458333333333,2.928,2.997958333333333
2022-04-01,4.179,1.323,2.96125,2.8560000000000003,2.974458333333333
2022-04-02,4.262,1.554,2.9602083333333336,2.7079999999999993,2.96125
2022-04-03,4.306,1.843,3.129041666666667,2.463,2.9602083333333336
2022-04-04,4.226,1.609,3.157958333333333,2.617,3.129041666666667
2022-04-05,4.102,1.662,3.1188749999999996,2.4400000000000004,3.157958333333333
2022-04-06,3.996,1.619,3.077,2.377,3.1188749999999996
2022-04-07,3.965,1.752,3.1011666666666664,2.213,3.077
2022-04-08,3.865,1.833,3.084,2.032,3.1011666666666664
2022-04-09,3.776,1.856,3.033125,1.9199999999999997,3.084
2022-04-10,3.689,1.782,2.954541666666667,1.907,3.033125
2022-04-11,3.728,1.686,2.9175416666666667,2.0420000000000003,2.954541666666667
2022-04-12,3.776,1.638,2.9282916666666665,2.138,2.9175416666666667
2022-04-13,3.82,1.581,2.9153333333333333,2.239,2.9282916666666665
2022-04-14,3.876,1.45,2.8623333333333334,2.426,2.9153333333333333
2022-04-15,3.96,1.384,2.8418333333333337,2.576,2.8623333333333334
2022-04-16,4.087,1.503,2.8236666666666665,2.5839999999999996,2.8418333333333337
2022-04-17,4.25,1.226,2.8194166666666667,3.024,2.8236666666666665
2022-04-18,4.259,0.968,2.8847083333333337,3.2910000000000004,2.8194166666666667
2022-04-19,4.214,0.92,2.9091666666666662,3.2940000000000005,2.8847083333333337
2022-04-20,4.194,0.848,2.936166666666667,3.346,2.9091666666666662
2022-04-21,4.088,0.865,2.9279166666666665,3.223,2.936166666666667
2022-04-22,3.915,1.031,2.9255833333333334,2.8840000000000003,2.9279166666666665
2022-04-23,3.795,1.24,2.933666666666667,2.5549999999999997,2.9255833333333334
2022-04-24,3.842,1.311,2.922083333333333,2.531,2.933666666666667
2022-04-25,3.845,1.343,2.8816666666666664,2.5020000000000002,2.922083333333333
2022-04-26,3.872,1.324,2.8559583333333336,2.548,2.8816666666666664
2022-04-27,3.831,1.404,2.8144166666666663,2.427,2.8559583333333336
2022-04-28,3.893,1.475,2.78675,2.4179999999999997,2.8144166666666663
2022-04-29,3.93,1.526,2.7763478260869565,2.404,2.78675
2022-04-30,3.907,1.267,2.7417916666666664,2.64,2.7763478260869565
2022-05-01,3.916,0.968,2.7150833333333337,2.948,2.7417916666666664
2022-05-02,3.95,0.877,2.7382916666666666,3.0730000000000004,2.7150833333333337
2022-05-03,4.003,1.037,2.8757916666666667,2.966,2.7382916666666666
2022-05-04,4.069,1.242,3.060458333333333,2.827,2.8757916666666667
2022-05-05,4.039,1.369,3.1290416666666663,2.67,3.060458333333333
2022-05-06,3.957,1.437,3.0824583333333333,2.5199999999999996,3.1290416666666663
2022-05-07,3.829,1.513,3.0565416666666665,2.3160000000000003,3.0824583333333333
2022-05-08,3.8,1.623,2.98225,2.1769999999999996,3.0565416666666665
2022-05-09,3.72,1.671,2.9161249999999996,2.0490000000000004,2.98225
2022-05-10,3.674,1.767,2.8993749999999996,1.907,2.9161249999999996
2022-05-11,3.792,1.784,2.885875,2.008,2.8993749999999996
2022-05-12,3.81,1.725,2.8545833333333337,2.085,2.885875
2022-05-13,3.863,1.803,2.8242499999999997,2.06,2.8545833333333337
2022-05-14,3.931,1.33,2.7524583333333332,2.601,2.8242499999999997
2022-05-15,3.999,1.87,3.0487,2.129,2.7524583333333332
2022-05-16,4.048,0.449,2.6606666666666667,3.599,3.0487
2022-05-17,4.139,0.41,2.8108636363636363,3.729,2.6606666666666667
2022-05-18,4.102,0.278,2.806,3.8240000000000003,2.8108636363636363
2022-05-19,4.098,0.345,2.8209999999999997,3.753,2.806
2022-05-20,4.039,0.497,2.845375,3.542,2.8209999999999997
2022-05-21,3.933,0.728,2.8394166666666667,3.205,2.845375
2022-05-22,3.909,1.05,2.822625,2.859,2.8394166666666667
2022-05-23,3.898,1.34,2.82225,2.558,2.822625
2022-05-24,3.876,1.592,2.839,2.284,2.82225
2022-05-25,3.818,1.764,2.794625,2.0540000000000003,2.839
2022-05-26,3.818,1.877,2.796708333333333,1.941,2.794625
2022-05-27,3.883,1.49,2.7678333333333334,2.393,2.796708333333333
2022-05-28,3.783,1.16,2.7149583333333336,2.623,2.7678333333333334
2022-05-29,3.755,1.209,2.9413,2.546,2.7149583333333336
2022-05-30,3.766,0.643,2.6342916666666665,3.123,2.9413
2022-05-31,3.762,0.614,2.6637083333333336,3.148,2.6342916666666665
2022-06-01,3.754,0.778,2.865590909090909,2.976,2.6637083333333336
2022-06-02,3.708,0.475,2.663875,3.233,2.865590909090909
2022-06-03,3.597,0.603,2.627875,2.9939999999999998,2.663875
2022-06-04,3.576,0.752,2.603458333333333,2.824,2.627875
2022-06-05,3.575,0.975,2.662291666666667,2.6,2.603458333333333
2022-06-06,3.461,1.168,2.6502916666666665,2.293,2.662291666666667
2022-06-07,3.495,1.406,2.676625,2.0890000000000004,2.6502916666666665
2022-06-08,3.541,1.683,2.7222500000000003,1.8579999999999999,2.676625
2022-06-09,3.625,1.871,2.745041666666667,1.754,2.7222500000000003
2022-06-10,3.731,1.892,2.768304347826087,1.839,2.745041666666667
2022-06-11,3.746,1.381,2.7332083333333332,2.365,2.768304347826087
2022-06-12,3.827,0.796,2.743217391304348,3.0309999999999997,2.7332083333333332
2022-06-13,3.994,0.432,2.6898750000000002,3.5620000000000003,2.743217391304348
2022-06-14,4.003,1.448,3.2577777777777777,2.555,2.6898750000000002
2022-06-15,4.024,-0.086,2.623666666666667,4.11,3.2577777777777777
2022-06-16,4.014,-0.014,2.6462083333333335,4.0280000000000005,2.623666666666667
2022-06-17,4.003,0.123,2.6849166666666666,3.88,2.6462083333333335
2022-06-18,3.93,0.319,2.8175,3.611,2.6849166666666666
2022-06-19,3.824,0.552,2.6919583333333335,3.272,2.8175
2022-06-20,3.787,1.025,2.7428749999999997,2.762,2.6919583333333335
2022-06-21,3.754,1.467,2.763,2.287,2.7428749999999997
2022-06-22,3.72,1.91,2.765125,1.8100000000000003,2.763
2022-06-23,3.747,1.973,2.7707083333333333,1.7739999999999998,2.765125
2022-06-24,3.736,1.617,2.7805416666666667,2.119,2.7707083333333333
2022-06-25,3.709,1.309,2.7969166666666667,2.4000000000000004,2.7805416666666667
2022-06-26,3.654,1.074,2.8341304347826086,2.58,2.7969166666666667
2022-06-27,3.684,0.816,2.730541666666667,2.8680000000000003,2.8341304347826086
2022-06-28,3.687,0.96,2.8236363636363637,2.727,2.730541666666667
2022-06-29,3.686,0.549,2.6165416666666665,3.137,2.8236363636363637
2022-06-30,3.623,0.488,2.568583333333333,3.1350000000000002,2.6165416666666665
2022-07-01,3.626,0.574,2.5879166666666666,3.052,2.568583333333333
2022-07-02,3.607,0.631,2.631375,2.976,2.5879166666666666
2022-07-03,3.623,0.862,2.648875,2.761,2.631375
2022-07-04,3.656,0.988,2.70325,2.668,2.648875
2022-07-05,3.613,1.244,2.6934583333333335,2.3689999999999998,2.70325
2022-07-06,3.633,1.422,2.667,2.2110000000000003,2.6934583333333335
2022-07-07,3.551,1.834,2.6672083333333334,1.717,2.667
2022-07-08,3.575,1.797,2.6644583333333336,1.7780000000000002,2.6672083333333334
2022-07-09,3.62,1.794,2.673666666666667,1.826,2.6644583333333336
2022-07-10,3.511,0.947,2.6882272727272727,2.564,2.673666666666667
2022-07-11,3.681,0.706,2.7916666666666665,2.975,2.6882272727272727
2022-07-12,3.8,0.35,2.5885833333333332,3.4499999999999997,2.7916666666666665
2022-07-13,3.922,0.114,2.592,3.8080000000000003,2.5885833333333332
2022-07-14,4.129,-0.047,2.654625,4.175999999999999,2.592
2022-07-15,4.052,-0.07,2.689625,4.122,2.654625
2022-07-16,4.111,0.19,2.718541666666667,3.921,2.689625
2022-07-17,3.927,0.34,2.681791666666667,3.587,2.718541666666667
2022-07-18,3.862,1.245,2.9693333333333336,2.617,2.681791666666667
2022-07-19,3.904,1.203,2.733375,2.7009999999999996,2.9693333333333336
2022-07-20,3.934,1.758,2.7609166666666667,2.176,2.733375
2022-07-21,3.764,1.908,2.767125,1.8559999999999999,2.7609166666666667
2022-07-22,3.676,1.778,2.795625,1.8980000000000001,2.767125
2022-07-23,3.621,1.542,2.812291666666667,2.0789999999999997,2.795625
2022-07-24,3.575,1.312,2.830833333333333,2.263,2.812291666666667
2022-07-25,3.695,1.142,2.8295833333333333,2.553,2.830833333333333
2022-07-26,3.738,1.182,2.9437727272727274,2.556,2.8295833333333333
2022-07-27,3.787,0.818,2.7566666666666664,2.969,2.9437727272727274
2022-07-28,3.786,0.666,2.7390833333333333,3.12,2.7566666666666664
2022-07-29,3.771,0.632,2.7215833333333332,3.139,2.7390833333333333
2022-07-30,3.814,0.591,2.7494782608695654,3.223,2.7215833333333332
2022-07-31,3.783,0.741,2.7140833333333334,3.042,2.7494782608695654
2022-08-01,3.81,0.877,2.7118333333333333,2.933,2.7140833333333334
2022-08-02,3.747,1.172,2.750958333333333,2.575,2.7118333333333333
2022-08-03,3.723,1.26,2.721,2.463,2.750958333333333
2022-08-04,3.782,1.528,2.7131666666666665,2.254,2.721
2022-08-05,3.757,1.867,2.716125,1.8900000000000001,2.7131666666666665
2022-08-06,3.713,1.418,2.7111666666666667,2.295,2.716125
2022-08-07,3.503,1.177,2.6510833333333332,2.326,2.7111666666666667
2022-08-08,3.588,0.775,2.6050833333333334,2.813,2.6510833333333332
2022-08-09,3.745,0.444,2.7516190476190476,3.301,2.6050833333333334
2022-08-10,3.923,0.272,2.6400416666666664,3.651,2.7516190476190476
2022-08-11,4.076,0.114,2.8878181818181816,3.9619999999999997,2.6400416666666664
2022-08-12,4.142,1.673,3.3065263157894735,2.4690000000000003,2.8878181818181816
2022-08-13,4.124,1.179,3.16995,2.9449999999999994,3.3065263157894735
2022-08-14,4.076,1.561,3.1381,2.5149999999999997,3.16995
2022-08-15,3.996,0.728,2.73575,3.268,3.1381
2022-08-16,3.914,1.169,2.733125,2.745,2.73575
2022-08-17,3.788,1.732,2.7325,2.056,2.733125
2022-08-18,3.765,1.762,2.7595833333333335,2.003,2.7325
2022-08-19,3.722,1.641,2.7547083333333333,2.081,2.7595833333333335
2022-08-20,3.519,1.575,2.747208333333333,1.9440000000000002,2.7547083333333333
2022-08-21,3.442,1.503,2.7608333333333337,1.9390000000000003,2.747208333333333
2022-08-22,3.455,1.325,2.6946250000000003,2.13,2.7608333333333337
2022-08-23,3.637,1.178,2.854047619047619,2.459,2.6946250000000003
2022-08-24,3.665,0.977,2.644083333333333,2.688,2.854047619047619
2022-08-25,3.742,0.761,2.728565217391304,2.981,2.644083333333333
2022-08-26,3.752,0.679,2.642208333333333,3.0729999999999995,2.728565217391304
2022-08-27,3.915,0.761,2.7279999999999998,3.154,2.642208333333333
2022-08-28,3.997,0.904,2.8097499999999997,3.093,2.7279999999999998
2022-08-29,3.957,1.014,2.8470833333333334,2.9429999999999996,2.8097499999999997
2022-08-30,3.971,1.186,2.797708333333333,2.785,2.8470833333333334
2022-08-31,4.018,1.508,2.8251666666666666,2.51,2.797708333333333
2022-09-01,3.974,1.687,2.8394583333333334,2.287,2.8251666666666666
2022-09-02,3.84,1.575,2.8413333333333335,2.2649999999999997,2.8394583333333334
2022-09-03,3.826,1.396,2.8196250000000003,2.43,2.8413333333333335
2022-09-04,3.698,1.317,2.7316249999999997,2.3810000000000002,2.8196250000000003
2022-09-05,3.758,1.125,2.831666666666667,2.633,2.7316249999999997
2022-09-06,3.952,1.14,3.02775,2.8120000000000003,2.831666666666667
2022-09-07,4.056,0.75,2.7773749999999997,3.306,3.02775
2022-09-08,4.075,0.589,2.7864166666666663,3.486,2.7773749999999997
2022-09-09,4.181,0.646,3.0386666666666664,3.535,2.7864166666666663
2022-09-10,4.161,0.651,2.873208333333333,3.51,3.0386666666666664
2022-09-11,4.244,0.86,2.9116666666666666,3.384,2.873208333333333
2022-09-12,4.252,1.119,2.935791666666667,3.133,2.9116666666666666
2022-09-13,4.172,1.456,3.0799499999999997,2.7159999999999997,2.935791666666667
2022-09-14,3.97,1.486,2.736913043478261,2.484,3.0799499999999997
2022-09-15,3.785,1.237,2.7232916666666664,2.548,2.736913043478261
2022-09-16,3.656,1.387,2.7953333333333332,2.269,2.7232916666666664
2022-09-17,3.549,1.41,2.8156250000000003,2.1390000000000002,2.7953333333333332
2022-09-18,3.539,1.466,2.7972083333333333,2.0730000000000004,2.8156250000000003
2022-09-19,3.541,1.519,2.7564166666666665,2.0220000000000002,2.7972083333333333
2022-09-20,3.688,1.485,2.7772916666666667,2.2030000000000003,2.7564166666666665
2022-09-21,3.831,1.659,2.9345,2.1719999999999997,2.7772916666666667
2022-09-22,3.756,1.322,2.799375,2.4339999999999997,2.9345
2022-09-23,3.909,1.314,2.8533749999999998,2.5949999999999998,2.799375
2022-09-24,4.08,1.255,2.927583333333333,2.825,2.8533749999999998
2022-09-25,4.203,1.218,2.9572083333333334,2.9850000000000003,2.927583333333333
2022-09-26,4.097,1.301,2.9108750000000003,2.7960000000000003,2.9572083333333334
2022-09-27,4.139,1.517,2.891125,2.6220000000000003,2.9108750000000003
2022-09-28,4.349,1.399,2.907875,2.95,2.891125
2022-09-29,4.228,1.155,2.9440416666666667,3.0729999999999995,2.907875
2022-09-30,4.131,1.122,2.9354999999999998,3.0090000000000003,2.9440416666666667
2022-10-01,3.906,0.975,2.8995833333333336,2.931,2.9354999999999998
2022-10-02,3.821,0.98,2.92,2.841,2.8995833333333336
2022-10-03,3.78,1.093,2.9312083333333336,2.687,2.92
2022-10-04,3.998,1.282,2.9364166666666667,2.716,2.9312083333333336
2022-10-05,4.089,1.296,2.9609583333333336,2.793,2.9364166666666667
2022-10-06,4.155,1.134,2.9139583333333334,3.0210000000000004,2.9609583333333336
2022-10-07,4.238,1.105,2.9892916666666665,3.1330000000000005,2.9139583333333334
2022-10-08,4.287,1.176,3.0267083333333336,3.1109999999999998,2.9892916666666665
2022-10-09,4.373,1.465,3.1002916666666667,2.9080000000000004,3.0267083333333336
2022-10-10,4.353,1.746,3.110583333333333,2.6069999999999998,3.1002916666666667
2022-10-11,4.373,1.525,3.1189999999999998,2.8480000000000003,3.110583333333333
2022-10-12,4.41,1.398,3.248666666666667,3.0120000000000005,3.1189999999999998
2022-10-13,4.312,1.3,3.171291666666667,3.0120000000000005,3.248666666666667
2022-10-14,4.059,1.205,3.1131666666666664,2.854,3.171291666666667
2022-10-15,3.949,1.412,3.1381666666666668,2.537,3.1131666666666664
2022-10-16,3.824,1.651,3.1510416666666665,2.173,3.1381666666666668
2022-10-17,3.881,1.776,3.1213333333333337,2.1049999999999995,3.1510416666666665
2022-10-18,3.989,1.953,3.1616666666666666,2.0359999999999996,3.1213333333333337
2022-10-19,4.134,2.066,3.204041666666667,2.0680000000000005,3.1616666666666666
2022-10-20,4.271,2.088,3.278916666666667,2.183,3.204041666666667
2022-10-21,4.306,2.296,3.406833333333333,2.0100000000000002,3.278916666666667
2022-10-22,4.182,2.07,3.23575,2.1120000000000005,3.406833333333333
2022-10-23,4.213,1.979,3.170208333333333,2.234,3.23575
2022-10-24,4.375,2.098,3.229416666666667,2.277,3.170208333333333
2022-10-25,4.228,1.784,3.136875,2.444,3.229416666666667
2022-10-26,4.358,1.308,3.1313333333333335,3.05,3.136875
2022-10-27,4.408,1.014,3.15525,3.394,3.1313333333333335
2022-10-28,4.385,1.015,3.2241250000000004,3.37,3.15525
2022-10-29,4.263,0.9,3.168875,3.363,3.2241250000000004
2022-10-30,4.137,0.97,3.127166666666667,3.167,3.168875
2022-10-31,4.045,1.078,3.0810416666666662,2.9669999999999996,3.127166666666667
2022-11-01,4.115,1.298,3.081166666666667,2.817,3.0810416666666662
2022-11-02,4.244,1.555,3.1607916666666664,2.689,3.081166666666667
2022-11-03,4.287,1.813,3.3729523809523805,2.474,3.1607916666666664
2022-11-04,4.375,2.006,3.276666666666667,2.369,3.3729523809523805
2022-11-05,4.321,2.109,3.2800833333333332,2.2119999999999997,3.276666666666667
2022-11-06,4.304,2.149,3.2019583333333332,2.1550000000000002,3.2800833333333332
2022-11-07,4.216,1.796,3.1504583333333334,2.42,3.2019583333333332
2022-11-08,4.3,1.502,3.214916666666667,2.798,3.1504583333333334
2022-11-09,4.223,1.273,3.1945416666666664,2.95,3.214916666666667
2022-11-10,4.21,1.153,3.1758333333333333,3.057,3.1945416666666664
2022-11-11,4.1,1.031,3.118375,3.069,3.1758333333333333
2022-11-12,4.035,1.138,3.076625,2.8970000000000002,3.118375
2022-11-13,3.881,1.173,3.032541666666667,2.7079999999999997,3.076625
2022-11-14,3.818,1.304,3.0050833333333333,2.5140000000000002,3.032541666666667
2022-11-15,3.767,1.545,2.9925416666666664,2.222,3.0050833333333333
2022-11-16,3.835,1.715,2.9863750000000002,2.12,2.9925416666666664
2022-11-17,3.927,1.931,2.9939999999999998,1.996,2.9863750000000002
2022-11-18,3.971,2.062,3.0345,1.9090000000000003,2.9939999999999998
2022-11-19,3.983,2.19,3.046291666666667,1.7930000000000001,3.0345
2022-11-20,4.101,2.184,3.0736666666666665,1.9169999999999998,3.046291666666667
2022-11-21,4.07,1.865,3.060583333333333,2.205,3.0736666666666665
2022-11-22,4.131,1.577,3.0388750000000004,2.5540000000000003,3.060583333333333
2022-11-23,4.153,1.186,3.0409583333333337,2.9669999999999996,3.0388750000000004
2022-11-24,4.213,0.814,3.0262083333333334,3.399,3.0409583333333337
2022-11-25,4.2,0.463,2.9767499999999996,3.737,3.0262083333333334
2022-11-26,4.191,0.351,2.9539166666666667,3.84,2.9767499999999996
2022-11-27,4.102,0.366,2.924041666666667,3.736,2.9539166666666667
2022-11-28,3.997,0.499,2.889875,3.4979999999999998,2.924041666666667
2022-11-29,3.994,0.794,2.891,3.2,2.889875
2022-11-30,4.049,1.114,2.9159583333333337,2.9350000000000005,2.891
2022-12-01,4.209,1.575,3.072695652173913,2.6339999999999995,2.9159583333333337
2022-12-02,4.113,1.874,3.0688333333333335,2.2390000000000003,3.072695652173913
2022-12-03,4.064,2.21,3.106875,1.854,3.0688333333333335
2022-12-04,4.243,2.1,3.239333333333333,2.1430000000000002,3.106875
2022-12-05,4.216,1.998,3.2845,2.218,3.239333333333333
2022-12-06,4.269,1.678,3.34204347826087,2.591,3.2845
2022-12-07,4.256,1.36,3.2587916666666668,2.896,3.34204347826087
2022-12-08,4.241,1.188,3.2250833333333335,3.053,3.2587916666666668
2022-12-09,4.296,1.127,3.2460833333333334,3.1690000000000005,3.2250833333333335
2022-12-10,4.237,1.149,3.2279583333333335,3.088,3.2460833333333334
2022-12-11,4.199,1.176,3.2005,3.0229999999999997,3.2279583333333335
2022-12-12,4.034,1.164,3.1305416666666663,2.87,3.2005
2022-12-13,3.991,1.379,3.1464583333333334,2.612,3.1305416666666663
2022-12-14,4.009,1.577,3.1671666666666667,2.4320000000000004,3.1464583333333334
2022-12-15,4.031,1.877,3.2089583333333334,2.154,3.1671666666666667
2022-12-16,4.02,2.124,3.1931666666666665,1.8959999999999995,3.2089583333333334
2022-12-17,4.134,2.504,3.296708333333333,1.6300000000000003,3.1931666666666665
2022-12-18,4.206,2.756,3.4484166666666667,1.4500000000000006,3.296708333333333
2022-12-19,4.297,2.139,3.4062916666666667,2.158,3.4484166666666667
2022-12-20,4.209,1.701,3.2994583333333334,2.5079999999999996,3.4062916666666667
2022-12-21,4.267,1.527,3.2601666666666667,2.74,3.2994583333333334
2022-12-22,4.374,1.216,3.3488260869565214,3.1579999999999995,3.2601666666666667
2022-12-23,4.368,0.78,3.204708333333333,3.588,3.3488260869565214
2022-12-24,4.424,0.433,3.1127083333333334,3.9910000000000005,3.204708333333333
2022-12-25,4.419,0.336,3.0664583333333333,4.082999999999999,3.1127083333333334
2022-12-26,4.294,0.366,2.9935833333333335,3.9279999999999995,3.0664583333333333
2022-12-27,4.155,0.669,2.996708333333333,3.486,2.9935833333333335
2022-12-28,4.104,0.87,2.9775833333333335,3.234,2.996708333333333
2022-12-29,4.111,1.339,2.9781666666666666,2.772,2.9775833333333335
2022-12-30,4.122,1.843,3.064208333333333,2.279,2.9781666666666666
2022-12-31,4.102,2.388,3.141,1.7140000000000004,3.064208333333333
2023-01-01,4.116,1.975,3.173541666666667,2.1409999999999996,3.141
2023-01-02,4.026,1.681,3.140125,2.3449999999999998,3.173541666666667
2023-01-03,4.024,1.662,3.1799999999999997,2.362,3.140125
2023-01-04,4.018,1.485,3.1754583333333333,2.5329999999999995,3.1799999999999997
2023-01-05,4.078,1.218,3.1359999999999997,2.8600000000000003,3.1754583333333333
2023-01-06,4.092,1.217,3.1474166666666665,2.8749999999999996,3.1359999999999997
2023-01-07,4.132,1.009,3.1147916666666666,3.1229999999999998,3.1474166666666665
2023-01-08,4.016,1.069,3.0734166666666667,2.947,3.1147916666666666
2023-01-09,4.003,0.867,2.9625833333333333,3.136,3.0734166666666667
2023-01-10,3.912,1.03,3.0386956521739132,2.8819999999999997,2.9625833333333333
2023-01-11,3.904,1.136,2.940958333333333,2.768,3.0386956521739132
2023-01-12,3.851,1.281,2.8812083333333334,2.5700000000000003,2.940958333333333
2023-01-13,3.76,1.403,2.8015000000000003,2.3569999999999998,2.8812083333333334
2023-01-14,3.809,1.706,2.8167500000000003,2.103,2.8015000000000003
2023-01-15,3.822,2.093,2.845458333333333,1.729,2.8167500000000003
2023-01-16,3.894,1.97,2.935375,1.9240000000000002,2.845458333333333
2023-01-17,3.956,1.652,3.033166666666667,2.3040000000000003,2.935375
2023-01-18,3.944,1.384,3.090958333333333,2.56,3.033166666666667
2023-01-19,4.104,1.281,3.20575,2.8230000000000004,3.090958333333333
2023-01-20,4.284,1.059,3.2227083333333333,3.2249999999999996,3.20575
2023-01-21,4.381,0.762,3.1987083333333337,3.619,3.2227083333333333
2023-01-22,4.413,0.453,3.1069166666666668,3.9600000000000004,3.1987083333333337
2023-01-23,4.469,0.355,3.038625,4.114000000000001,3.1069166666666668
2023-01-24,4.548,0.558,3.1239166666666667,3.99,3.038625
2023-01-25,4.319,1.004,3.154333333333333,3.315,3.1239166666666667
2023-01-26,4.226,1.199,3.0243749999999996,3.027,3.154333333333333
2023-01-27,4.198,1.592,3.040625,2.6060000000000003,3.0243749999999996
2023-01-28,4.158,2.499,3.2710833333333333,1.6590000000000003,3.040625
2023-01-29,4.101,2.448,3.2993333333333332,1.653,3.2710833333333333
2023-01-30,4.004,2.197,3.2674583333333334,1.8069999999999995,3.2993333333333332
2023-01-31,3.876,1.709,3.1762916666666663,2.167,3.2674583333333334
2023-02-01,3.779,1.561,3.0808750000000003,2.218,3.1762916666666663
2023-02-02,3.809,1.474,3.0355000000000003,2.335,3.0808750000000003
2023-02-03,3.907,1.257,3.01625,2.6500000000000004,3.0355000000000003
2023-02-04,3.915,1.121,3.0041666666666664,2.794,3.01625
2023-02-05,3.949,1.028,2.9560833333333334,2.921,3.0041666666666664
2023-02-06,3.996,0.919,2.936083333333333,3.077,2.9560833333333334
2023-02-07,3.971,0.968,2.9148333333333336,3.003,2.936083333333333
2023-02-08,4.04,0.981,2.92175,3.059,2.9148333333333336
2023-02-09,3.934,1.14,2.892958333333333,2.7940000000000005,2.92175
2023-02-10,3.93,1.331,2.84675,2.599,2.892958333333333
2023-02-11,3.946,1.554,2.8521249999999996,2.3920000000000003,2.84675
2023-02-12,3.885,1.999,2.854416666666667,1.8859999999999997,2.8521249999999996
2023-02-13,3.829,1.782,2.8238749999999997,2.047,2.854416666666667
2023-02-14,3.757,1.684,2.8993913043478265,2.0730000000000004,2.8238749999999997
2023-02-15,3.828,1.547,3.012833333333333,2.2809999999999997,2.8993913043478265
2023-02-16,3.916,1.276,3.1325833333333333,2.6399999999999997,3.012833333333333
2023-02-17,4.032,1.127,3.1209583333333337,2.9050000000000002,3.1325833333333333
2023-02-18,4.119,0.991,3.120416666666667,3.1279999999999997,3.1209583333333337
2023-02-19,4.289,0.802,3.1594166666666665,3.4869999999999997,3.120416666666667
2023-02-20,4.518,0.704,3.1722916666666667,3.814,3.1594166666666665
2023-02-21,4.498,0.712,3.1024583333333333,3.7860000000000005,3.1722916666666667
2023-02-22,4.372,0.814,2.987375,3.558,3.1024583333333333
2023-02-23,4.274,1.139,2.97325,3.135,2.987375
2023-02-24,4.294,1.661,3.068208333333333,2.6329999999999996,2.97325
2023-02-25,4.224,2.151,3.1406666666666667,2.0730000000000004,3.068208333333333
2023-02-26,4.133,2.098,3.170833333333333,2.035,3.1406666666666667
2023-02-27,3.987,2.045,3.1519999999999997,1.9420000000000002,3.170833333333333
2023-02-28,3.858,2.009,3.1520833333333336,1.8490000000000002,3.1519999999999997
2023-03-01,3.871,1.971,3.1987916666666667,1.9,3.1520833333333336
2023-03-02,3.975,1.928,3.236708333333333,2.047,3.1987916666666667
2023-03-03,3.945,1.685,3.185875,2.26,3.236708333333333
2023-03-04,3.832,1.594,3.072625,2.2379999999999995,3.185875
2023-03-05,3.871,1.41,3.045083333333333,2.4610000000000003,3.072625
2023-03-06,3.992,1.4,3.0870833333333336,2.592,3.045083333333333
2023-03-07,4.015,1.322,3.000625,2.6929999999999996,3.0870833333333336
2023-03-08,4.018,1.292,2.9363333333333332,2.726,3.000625
2023-03-09,4.093,1.372,2.9379166666666667,2.721,2.9363333333333332
2023-03-10,4.015,1.588,2.906333333333333,2.4269999999999996,2.9379166666666667
2023-03-11,3.999,1.717,2.8506666666666667,2.282,2.906333333333333
2023-03-12,3.921,1.655,2.8383333333333334,2.266,2.8506666666666667
2023-03-13,3.99,1.594,2.9159166666666665,2.396,2.8383333333333334
2023-03-14,3.976,1.599,2.967791666666667,2.377,2.9159166666666665
2023-03-15,3.831,1.437,2.9282916666666665,2.394,2.967791666666667
2023-03-16,3.731,1.406,2.9603333333333333,2.325,2.9282916666666665
2023-03-17,3.888,1.277,3.016916666666667,2.6109999999999998,2.9603333333333333
2023-03-18,3.964,1.122,3.0040833333333334,2.8419999999999996,3.016916666666667
2023-03-19,4.001,1.057,2.9775833333333335,2.9440000000000004,3.0040833333333334
2023-03-20,4.07,0.869,2.940166666666667,3.2010000000000005,2.9775833333333335
2023-03-21,4.164,0.786,2.865,3.3779999999999997,2.940166666666667
2023-03-22,4.238,0.836,2.7816666666666667,3.4020000000000006,2.865
2023-03-23,4.175,1.065,2.7259166666666665,3.11,2.7816666666666667
2023-03-24,4.059,1.2,2.6971666666666665,2.859,2.7259166666666665
2023-03-25,3.924,0.957,2.6345,2.967,2.6971666666666665
2023-03-26,3.793,0.978,2.6482083333333333,2.8150000000000004,2.6345
2023-03-27,3.661,1.132,2.686375,2.529,2.6482083333333333
2023-03-28,3.593,1.395,2.784541666666667,2.198,2.686375
2023-03-29,3.56,1.564,2.84125,1.996,2.784541666666667
2023-03-30,3.63,1.681,2.8895416666666667,1.9489999999999998,2.84125
2023-03-31,3.714,1.65,2.8984583333333336,2.064,2.8895416666666667
2023-04-01,3.741,1.534,2.8955,2.207,2.8984583333333336
2023-04-02,3.797,1.52,2.877416666666667,2.277,2.8955
2023-04-03,3.787,1.441,2.860583333333333,2.346,2.877416666666667
2023-04-04,3.799,1.406,2.845333333333333,2.393,2.860583333333333
2023-04-05,3.884,1.453,2.7924166666666665,2.431,2.845333333333333
2023-04-06,3.941,1.42,2.7283333333333335,2.521,2.7924166666666665
2023-04-07,4.043,1.27,2.7077916666666666,2.773,2.7283333333333335
2023-04-08,4.04,1.163,2.7546666666666666,2.877,2.7077916666666666
2023-04-09,4.025,0.997,2.8095416666666666,3.0280000000000005,2.7546666666666666
2023-04-10,3.981,0.975,2.8355833333333336,3.006,2.8095416666666666
2023-04-11,3.913,0.999,2.8372083333333333,2.9139999999999997,2.8355833333333336
2023-04-12,3.865,1.105,2.8828333333333336,2.7600000000000002,2.8372083333333333
2023-04-13,3.705,1.196,2.88575,2.5090000000000003,2.8828333333333336
2023-04-14,3.758,1.253,2.890916666666667,2.505,2.88575
2023-04-15,3.856,1.201,2.9042499999999998,2.655,2.890916666666667
2023-04-16,3.949,1.254,2.923625,2.695,2.9042499999999998
2023-04-17,4.016,1.29,2.936958333333333,2.726,2.923625
2023-04-18,4.048,1.242,2.860375,2.806,2.936958333333333
2023-04-19,4.08,1.32,2.7983333333333333,2.76,2.860375
2023-04-20,4.089,1.056,2.7435833333333335,3.0330000000000004,2.7983333333333333
2023-04-21,4.069,0.799,2.701083333333333,3.27,2.7435833333333335
2023-04-22,3.978,0.666,2.69075,3.3120000000000003,2.701083333333333
2023-04-23,3.839,0.657,2.6973333333333334,3.182,2.69075
2023-04-24,3.779,0.911,2.775541666666667,2.868,2.6973333333333334
2023-04-25,3.815,1.235,2.895125,2.58,2.775541666666667
2023-04-26,3.724,1.472,2.9462916666666668,2.2520000000000002,2.895125
2023-04-27,3.75,1.62,3.0436521739130438,2.13,2.9462916666666668
2023-04-28,3.734,1.772,2.9786249999999996,1.962,3.0436521739130438
2023-04-29,3.752,1.877,2.9676666666666667,1.8749999999999998,2.9786249999999996
2023-04-30,3.848,2.044,3.004478260869565,1.8039999999999998,2.9676666666666667
2023-05-01,3.982,2.14,3.114333333333333,1.842,3.004478260869565
2023-05-02,4.013,2.118,3.0692083333333335,1.895,3.114333333333333
2023-05-03,3.944,1.956,2.9760833333333334,1.988,3.0692083333333335
2023-05-04,4.005,1.536,2.9179166666666667,2.469,2.9760833333333334
2023-05-05,4.086,1.13,2.88625,2.9560000000000004,2.9179166666666667
2023-05-06,4.14,0.836,2.8177083333333335,3.304,2.88625
2023-05-07,4.065,0.541,2.7260434782608693,3.5240000000000005,2.8177083333333335
2023-05-08,3.949,0.393,2.6754166666666666,3.556,2.7260434782608693
2023-05-09,3.894,1.316,3.11785,2.5780000000000003,2.6754166666666666
2023-05-10,3.912,0.634,2.7753333333333337,3.278,3.11785
2023-05-11,3.808,0.847,2.81175,2.961,2.7753333333333337
2023-05-12,3.817,1.109,2.8824583333333336,2.708,2.81175
2023-05-13,3.899,1.365,2.9535,2.534,2.8824583333333336
2023-05-14,3.965,1.468,2.9503749999999997,2.497,2.9535
2023-05-15,4.035,1.64,2.9294166666666666,2.3950000000000005,2.9503749999999997
2023-05-16,4.043,1.831,2.89925,2.212,2.9294166666666666
2023-05-17,4.024,1.43,2.964736842105263,2.5940000000000003,2.89925
2023-05-18,3.927,0.839,2.8043043478260867,3.088,2.964736842105263
2023-05-19,3.96,0.666,2.707875,3.294,2.8043043478260867
2023-05-20,4.065,0.516,2.712875,3.5490000000000004,2.707875
2023-05-21,3.855,1.201,3.1509444444444443,2.654,2.712875
2023-05-22,3.765,0.393,2.6294583333333335,3.372,3.1509444444444443
2023-05-23,3.646,0.547,2.6193750000000002,3.0989999999999998,2.6294583333333335
2023-05-24,3.598,0.697,2.636791666666667,2.901,2.6193750000000002
2023-05-25,3.53,0.965,2.6508333333333334,2.565,2.636791666666667
2023-05-26,3.494,1.241,2.677,2.253,2.6508333333333334
2023-05-27,3.542,1.584,2.7419583333333333,1.9579999999999997,2.677
2023-05-28,3.627,1.774,2.8212499999999996,1.8529999999999998,2.7419583333333333
2023-05-29,3.716,2.029,2.851875,1.6870000000000003,2.8212499999999996
2023-05-30,3.718,2.15,2.81,1.568,2.851875
2023-05-31,3.784,1.71,2.770875,2.074,2.81
2023-06-01,3.793,1.44,2.7259583333333333,2.353,2.770875
2023-06-02,3.732,0.899,2.6670416666666665,2.833,2.7259583333333333
2023-06-03,3.891,0.538,2.631125,3.3529999999999998,2.6670416666666665
2023-06-04,4.029,2.462,3.2981176470588234,1.5669999999999997,2.631125
2023-06-05,3.909,0.348,2.849409090909091,3.561,3.2981176470588234
2023-06-06,3.945,0.117,2.6454166666666667,3.828,2.849409090909091
2023-06-07,3.855,0.083,2.6243333333333334,3.772,2.6454166666666667
2023-06-08,3.821,0.393,2.666333333333333,3.428,2.6243333333333334
2023-06-09,3.736,0.57,2.6628333333333334,3.1660000000000004,2.666333333333333
2023-06-10,3.766,0.999,2.6969583333333333,2.767,2.6628333333333334
2023-06-11,3.575,1.369,2.6792083333333334,2.2060000000000004,2.6969583333333333
2023-06-12,3.763,1.768,2.7122499999999996,1.9949999999999999,2.6792083333333334
2023-06-13,3.798,1.745,2.708458333333333,2.053,2.7122499999999996
2023-06-14,3.733,1.349,2.7061739130434783,2.3840000000000003,2.708458333333333
2023-06-15,3.705,1.005,2.6393333333333335,2.7,2.7061739130434783
2023-06-16,3.654,0.697,2.636833333333333,2.957,2.6393333333333335
2023-06-17,3.678,0.488,2.603,3.19,2.636833333333333
2023-06-18,3.771,0.273,2.5764583333333335,3.4979999999999998,2.603
2023-06-19,3.681,0.394,2.5955833333333334,3.287,2.5764583333333335
2023-06-20,3.693,0.698,3.0174736842105263,2.995,2.5955833333333334
2023-06-21,3.635,0.496,2.5959166666666667,3.139,3.0174736842105263
2023-06-22,3.563,0.649,2.605375,2.914,2.5959166666666667
2023-06-23,3.511,0.921,2.6715,2.59,2.605375
2023-06-24,3.514,1.155,2.6586250000000002,2.359,2.6715
2023-06-25,3.482,1.43,2.653958333333333,2.0520000000000005,2.6586250000000002
2023-06-26,3.535,1.699,2.687416666666667,1.836,2.653958333333333
2023-06-27,3.564,2.051,2.732416666666667,1.513,2.687416666666667
2023-06-28,3.626,1.947,2.7453749999999997,1.6789999999999998,2.732416666666667
2023-06-29,3.618,1.493,2.7310833333333338,2.125,2.7453749999999997
2023-06-30,3.641,1.075,2.6959166666666667,2.566,2.7310833333333338
2023-07-01,3.738,1.335,3.0604736842105265,2.403,2.6959166666666667
2023-07-02,3.753,0.387,2.6175833333333336,3.366,3.0604736842105265
2023-07-03,3.888,0.066,2.677260869565217,3.822,2.6175833333333336
2023-07-04,3.947,-0.051,2.903142857142857,3.998,2.677260869565217
2023-07-05,3.971,-0.025,2.621958333333333,3.996,2.903142857142857
2023-07-06,3.977,0.131,2.665583333333333,3.846,2.621958333333333
2023-07-07,3.841,0.326,2.674958333333333,3.515,2.665583333333333
2023-07-08,3.876,0.697,2.665125,3.179,2.674958333333333
2023-07-09,3.8,1.198,2.671041666666667,2.602,2.665125
2023-07-10,3.738,1.741,2.715291666666667,1.9969999999999999,2.671041666666667
2023-07-11,3.792,1.793,2.715208333333333,1.9989999999999999,2.715291666666667
2023-07-12,3.719,1.457,2.7220416666666662,2.2619999999999996,2.715208333333333
2023-07-13,3.587,1.2,2.6457083333333333,2.3870000000000005,2.7220416666666662
2023-07-14,3.554,0.862,2.640909090909091,2.6919999999999997,2.6457083333333333
2023-07-15,3.6,0.708,2.576208333333333,2.8920000000000003,2.640909090909091
2023-07-16,3.712,0.527,2.620826086956522,3.185,2.576208333333333
2023-07-17,3.578,0.565,2.5046666666666666,3.013,2.620826086956522
2023-07-18,3.697,0.546,2.563083333333333,3.151,2.5046666666666666
2023-07-19,3.645,0.427,2.582333333333333,3.218,2.563083333333333
2023-07-20,3.772,0.738,2.6559166666666667,3.034,2.582333333333333
2023-07-21,3.752,0.803,2.701,2.949,2.6559166666666667
2023-07-22,3.698,1.072,2.696875,2.626,2.701
2023-07-23,3.701,1.311,2.720625,2.39,2.696875
2023-07-24,3.742,1.602,2.7395833333333335,2.1399999999999997,2.720625
2023-07-25,3.694,1.889,2.7257916666666664,1.805,2.7395833333333335
2023-07-26,3.711,2.016,2.7183333333333333,1.6949999999999998,2.7257916666666664
2023-07-27,3.615,1.52,2.6332083333333336,2.095,2.7183333333333333
2023-07-28,3.457,1.284,2.6297083333333333,2.173,2.6332083333333336
2023-07-29,3.492,0.852,2.611125,2.64,2.6297083333333333
2023-07-30,3.71,0.539,2.6035,3.171,2.611125
2023-07-31,3.892,0.376,2.587458333333333,3.516,2.6035
2023-08-01,4.035,0.094,2.6494166666666668,3.9410000000000003,2.587458333333333
2023-08-02,4.008,-0.075,2.608875,4.083,2.6494166666666668
2023-08-03,4.049,-0.058,2.632375,4.107,2.608875
2023-08-04,3.928,0.117,2.60275,3.811,2.632375
2023-08-05,3.883,0.56,2.5832916666666668,3.323,2.60275
2023-08-06,3.773,0.965,2.5810416666666667,2.8080000000000003,2.5832916666666668
2023-08-07,3.824,1.522,2.591791666666667,2.3019999999999996,2.5810416666666667
2023-08-08,3.713,1.558,2.634,2.1550000000000002,2.591791666666667
2023-08-09,3.527,1.352,2.6042083333333332,2.175,2.634
2023-08-10,3.388,1.262,2.6069583333333335,2.126,2.6042083333333332
2023-08-11,3.318,1.149,2.58575,2.169,2.6069583333333335
2023-08-12,3.501,1.028,2.5722916666666666,2.473,2.58575
2023-08-13,3.534,0.706,2.549958333333333,2.828,2.5722916666666666
2023-08-14,3.615,0.582,2.5610833333333334,3.0330000000000004,2.549958333333333
2023-08-15,3.658,0.529,2.5550416666666664,3.129,2.5610833333333334
2023-08-16,3.679,0.65,2.5905,3.029,2.5550416666666664
2023-08-17,3.689,0.654,2.5905833333333335,3.035,2.5905
2023-08-18,3.717,0.736,2.60925,2.981,2.5905833333333335
2023-08-19,3.776,1.007,2.6632916666666664,2.769,2.60925
2023-08-20,3.734,1.243,2.6677916666666666,2.4909999999999997,2.6632916666666664
2023-08-21,3.767,1.525,2.68,2.242,2.6677916666666666
2023-08-22,3.729,1.773,2.676833333333333,1.9560000000000002,2.68
2023-08-23,3.65,1.621,2.6939166666666665,2.029,2.676833333333333
2023-08-24,3.589,1.517,2.699125,2.072,2.6939166666666665
2023-08-25,3.485,1.384,2.704708333333333,2.101,2.699125
2023-08-26,3.398,1.139,2.63775,2.2590000000000003,2.704708333333333
2023-08-27,3.635,0.781,2.6085833333333333,2.8539999999999996,2.63775
2023-08-28,3.884,0.587,2.613,3.2969999999999997,2.6085833333333333
2023-08-29,3.926,0.35,2.6301666666666668,3.576,2.613
2023-08-30,4.072,0.202,2.670625,3.87,2.6301666666666668
2023-08-31,4.114,0.225,2.733833333333333,3.889,2.670625
2023-09-01,4.202,0.23,2.7267083333333333,3.972,2.733833333333333
2023-09-02,4.187,0.844,2.762833333333333,3.3430000000000004,2.7267083333333333
2023-09-03,4.164,1.371,2.835875,2.7929999999999997,2.762833333333333
2023-09-04,4.077,1.42,2.862,2.657,2.835875
2023-09-05,3.891,1.418,2.8330416666666665,2.473,2.862
2023-09-06,3.765,1.361,2.847208333333333,2.404,2.8330416666666665
2023-09-07,3.671,1.354,2.8585,2.3169999999999997,2.847208333333333
2023-09-08,3.567,1.467,2.8221249999999998,2.1,2.8585
2023-09-09,3.623,1.403,2.7905833333333336,2.22,2.8221249999999998
2023-09-10,3.715,1.204,2.67175,2.511,2.7905833333333336
2023-09-11,3.668,1.15,2.6677083333333336,2.5180000000000002,2.67175
2023-09-12,3.73,0.989,2.6885833333333333,2.741,2.6677083333333336
2023-09-13,3.857,0.926,2.6994166666666666,2.931,2.6885833333333333
2023-09-14,3.889,0.956,2.716666666666667,2.933,2.6994166666666666
2023-09-15,3.877,1.055,2.717541666666667,2.822,2.716666666666667
2023-09-16,3.967,1.285,2.7855833333333333,2.6820000000000004,2.717541666666667
2023-09-17,3.975,1.507,2.829625,2.468,2.7855833333333333
2023-09-18,3.923,1.61,2.8285,2.3129999999999997,2.829625
2023-09-19,3.952,1.425,2.83825,2.527,2.8285
2023-09-20,3.894,1.328,2.8718749999999997,2.566,2.83825
2023-09-21,3.787,1.272,2.8661666666666665,2.5149999999999997,2.8718749999999997
2023-09-22,3.719,1.239,2.8724166666666666,2.4799999999999995,2.8661666666666665
2023-09-23,3.611,1.283,2.802208333333333,2.3280000000000003,2.8724166666666666
2023-09-24,3.67,1.196,2.781,2.474,2.802208333333333
2023-09-25,3.822,0.975,2.752541666666667,2.847,2.781
2023-09-26,3.987,0.778,2.6923333333333335,3.209,2.752541666666667
2023-09-27,4.177,0.598,2.7694166666666664,3.5789999999999997,2.6923333333333335
2023-09-28,4.282,0.697,2.845625,3.585,2.7694166666666664
2023-09-29,4.276,0.874,2.87125,3.4019999999999997,2.845625
2023-09-30,4.343,1.155,2.8149166666666665,3.1879999999999997,2.87125
2023-10-01,4.354,1.276,2.906125,3.0780000000000003,2.8149166666666665
2023-10-02,4.271,1.002,2.908416666666666,3.269,2.906125
2023-10-03,3.998,0.849,2.865083333333333,3.149,2.908416666666666
2023-10-04,3.855,0.837,2.8651250000000004,3.018,2.865083333333333
2023-10-05,3.736,1.027,2.8522499999999997,2.7090000000000005,2.8651250000000004
2023-10-06,3.526,1.23,2.8256666666666668,2.296,2.8522499999999997
2023-10-07,3.653,1.376,2.816708333333333,2.277,2.8256666666666668
2023-10-08,3.763,1.544,2.801625,2.219,2.816708333333333
2023-10-09,3.953,1.689,2.9101666666666666,2.264,2.801625
2023-10-10,4.056,1.755,3.0267916666666665,2.301,2.9101666666666666
2023-10-11,4.082,1.78,3.0514166666666664,2.3019999999999996,3.0267916666666665
2023-10-12,4.047,1.745,3.001,2.3019999999999996,3.0514166666666664
2023-10-13,4.075,1.747,3.0015,2.3280000000000003,3.001
2023-10-14,4.086,1.912,3.014875,2.1740000000000004,3.0015
2023-10-15,4.161,1.675,3.014333333333333,2.4859999999999998,3.014875
2023-10-16,4.21,1.317,2.9449166666666664,2.893,3.014333333333333
2023-10-17,4.17,1.094,2.9446666666666665,3.0759999999999996,2.9449166666666664
2023-10-18,4.034,1.017,2.9265833333333333,3.017,2.9446666666666665
2023-10-19,3.987,0.961,2.9469999999999996,3.0260000000000002,2.9265833333333333
2023-10-20,3.935,1.004,2.9720833333333334,2.931,2.9469999999999996
2023-10-21,3.841,1.191,2.992625,2.6500000000000004,2.9720833333333334
2023-10-22,3.946,1.347,2.9921666666666664,2.599,2.992625
2023-10-23,4.054,1.404,2.9639166666666665,2.6500000000000004,2.9921666666666664
2023-10-24,4.117,1.431,2.9654583333333338,2.686,2.9639166666666665
2023-10-25,4.238,1.393,3.01125,2.8450000000000006,2.9654583333333338
2023-10-26,4.263,1.436,3.025916666666667,2.827,3.01125
2023-10-27,4.308,1.553,3.0105,2.755,3.025916666666667
2023-10-28,4.335,1.467,2.997583333333333,2.868,3.0105
2023-10-29,4.36,1.077,2.995125,3.2830000000000004,2.997583333333333
2023-10-30,4.347,0.73,2.987625,3.6170000000000004,2.995125
2023-10-31,4.175,0.607,3.0765,3.5679999999999996,2.987625
2023-11-01,4.097,0.736,3.006625,3.3610000000000007,3.0765
2023-11-02,3.948,2.047,3.4338421052631576,1.9009999999999998,3.006625
2023-11-03,3.825,1.096,2.9895416666666663,2.729,3.4338421052631576
2023-11-04,3.739,1.363,2.9759166666666665,2.376,2.9895416666666663
2023-11-05,3.76,1.591,2.9442083333333335,2.1689999999999996,2.9759166666666665
2023-11-06,3.802,1.798,2.938166666666667,2.004,2.9442083333333335
2023-11-07,3.851,1.913,2.9294999999999995,1.938,2.938166666666667
2023-11-08,3.899,1.992,2.9274166666666663,1.907,2.9294999999999995
2023-11-09,3.933,2.058,2.9295833333333334,1.875,2.9274166666666663
2023-11-10,3.954,2.122,2.950958333333333,1.8320000000000003,2.9295833333333334
2023-11-11,4.027,1.798,3.001041666666667,2.229,2.950958333333333
2023-11-12,4.034,1.507,3.0097083333333337,2.527,3.001041666666667
2023-11-13,4.074,1.203,3.026125,2.8709999999999996,3.0097083333333337
2023-11-14,4.148,0.894,3.0060416666666665,3.2539999999999996,3.026125
2023-11-15,4.156,0.83,3.0515833333333333,3.3259999999999996,3.0060416666666665
2023-11-16,4.286,0.845,3.1445000000000003,3.441,3.0515833333333333
2023-11-17,4.341,1.015,3.428590909090909,3.3260000000000005,3.1445000000000003
2023-11-18,4.274,2.107,3.7591578947368425,2.167,3.428590909090909
2023-11-19,4.224,1.365,3.2140833333333334,2.859,3.7591578947368425
2023-11-20,4.237,1.509,3.1335833333333336,2.728,3.2140833333333334
2023-11-21,4.194,1.737,3.1209583333333337,2.457,3.1335833333333336
2023-11-22,4.218,1.935,3.124375,2.283,3.1209583333333337
2023-11-23,4.218,2.09,3.1132500000000003,2.128,3.124375
2023-11-24,4.285,1.993,3.1797083333333336,2.292,3.1132500000000003
2023-11-25,4.245,1.769,3.1971249999999998,2.476,3.1797083333333336
2023-11-26,4.154,1.315,3.1155833333333334,2.839,3.1971249999999998
2023-11-27,4.255,0.979,3.3483181818181817,3.276,3.1155833333333334
2023-11-28,4.293,0.927,3.2139583333333337,3.366,3.3483181818181817
2023-11-29,4.239,1.201,3.50185,3.038,3.2139583333333337
2023-11-30,4.18,1.344,3.4502499999999996,2.8359999999999994,3.50185
2023-12-01,4.056,1.476,3.503578947368421,2.58,3.4502499999999996
2023-12-02,4.038,1.245,3.0852500000000003,2.793,3.503578947368421
2023-12-03,3.887,1.506,3.1110434782608696,2.3810000000000002,3.0852500000000003
2023-12-04,3.93,1.629,3.0535,2.301,3.1110434782608696
2023-12-05,3.947,1.988,3.0870416666666665,1.959,3.0535
2023-12-06,3.933,2.276,3.106375,1.657,3.0870416666666665
2023-12-07,3.95,2.533,3.1227083333333336,1.4170000000000003,3.106375
2023-12-08,3.847,2.148,3.0404999999999998,1.6989999999999998,3.1227083333333336
2023-12-09,3.875,1.727,2.9945833333333334,2.1479999999999997,3.0404999999999998
2023-12-10,3.946,1.529,2.980166666666667,2.4170000000000003,2.9945833333333334
2023-12-11,3.95,1.24,2.9779999999999998,2.71,2.980166666666667
2023-12-12,4.074,1.738,3.3600000000000003,2.336,2.9779999999999998
2023-12-13,4.099,0.695,2.993375,3.4040000000000004,3.3600000000000003
2023-12-14,4.149,1.345,3.4806842105263156,2.8040000000000003,2.993375
2023-12-15,4.197,0.364,3.068227272727273,3.833,3.4806842105263156
2023-12-16,4.242,2.432,3.741941176470588,1.81,3.068227272727273
2023-12-17,4.16,0.733,3.041541666666667,3.427,3.741941176470588
2023-12-18,4.109,0.993,3.0762608695652176,3.116,3.041541666666667
2023-12-19,4.067,1.339,3.0035416666666666,2.728,3.0762608695652176
2023-12-20,4.123,1.962,3.145208333333333,2.1610000000000005,3.0035416666666666
2023-12-21,4.327,2.514,3.310208333333333,1.8130000000000002,3.145208333333333
2023-12-22,4.267,2.051,3.3385833333333337,2.216,3.310208333333333
2023-12-23,4.209,1.616,3.297,2.5929999999999995,3.3385833333333337
2023-12-24,4.191,1.615,3.3055833333333333,2.5759999999999996,3.297
2023-12-25,4.309,1.483,3.360708333333333,2.826,3.3055833333333333
2023-12-26,4.294,1.173,3.2844166666666665,3.1209999999999996,3.360708333333333
2023-12-27,4.237,0.932,3.2947727272727274,3.305,3.2844166666666665
2023-12-28,4.184,0.793,3.066125,3.391,3.2947727272727274
2023-12-29,4.146,0.826,3.13304347826087,3.32,3.066125
2023-12-30,3.995,1.306,3.2762857142857147,2.689,3.13304347826087
2023-12-31,3.905,1.157,3.059695652173913,2.7479999999999998,3.2762857142857147
2024-01-01,3.94,1.38,3.002125,2.56,3.059695652173913
2024-01-02,3.83,1.559,2.9746666666666663,2.271,3.002125
2024-01-03,3.859,1.834,3.0063333333333335,2.025,2.9746666666666663
2024-01-04,3.914,2.36,3.111708333333333,1.5540000000000003,3.0063333333333335
2024-01-05,3.835,2.433,3.076458333333333,1.4020000000000001,3.111708333333333
2024-01-06,3.845,2.034,3.0492916666666665,1.8110000000000004,3.076458333333333
2024-01-07,3.912,1.694,3.0887083333333334,2.218,3.0492916666666665
2024-01-08,3.952,1.391,3.0956666666666663,2.561,3.0887083333333334
2024-01-09,3.953,1.268,3.0414999999999996,2.6849999999999996,3.0956666666666663
2024-01-10,4.115,0.91,3.065958333333333,3.205,3.0414999999999996
2024-01-11,4.259,0.779,3.309409090909091,3.4800000000000004,3.065958333333333
2024-01-12,4.351,1.341,3.5435000000000003,3.01,3.309409090909091
2024-01-13,4.364,2.927,3.79335294117647,1.4369999999999998,3.5435000000000003
2024-01-14,4.297,0.676,3.1907272727272726,3.6209999999999996,3.79335294117647
2024-01-15,4.159,0.796,3.000125,3.3629999999999995,3.1907272727272726
2024-01-16,4.208,1.168,3.0205,3.04,3.000125
2024-01-17,4.079,1.601,2.9770833333333333,2.4779999999999998,3.0205
2024-01-18,4.034,2.022,2.9605833333333336,2.012,2.9770833333333333
2024-01-19,3.992,1.934,2.9929583333333336,2.058,2.9605833333333336
2024-01-20,3.891,1.589,3.0225833333333334,2.302,2.9929583333333336
2024-01-21,3.897,1.344,3.019625,2.553,3.0225833333333334
2024-01-22,3.807,1.264,3.0202500000000003,2.543,3.019625
2024-01-23,3.987,1.073,3.0662083333333334,2.914,3.0202500000000003
2024-01-24,4.052,1.091,3.142,2.9609999999999994,3.0662083333333334
2024-01-25,4.128,1.105,3.337,3.023,3.142
2024-01-26,4.16,2.185,3.594,1.975,3.337
2024-01-27,4.132,1.369,3.3613809523809524,2.763,3.594
2024-01-28,4.047,1.137,3.06175,2.9099999999999997,3.3613809523809524
2024-01-29,3.97,1.262,2.9923750000000005,2.708,3.06175
2024-01-30,3.929,1.4,2.9429166666666666,2.529,2.9923750000000005
2024-01-31,3.871,1.652,2.9196666666666666,2.2190000000000003,2.9429166666666666
2024-02-01,3.845,1.874,2.8724166666666666,1.971,2.9196666666666666
2024-02-02,3.779,2.178,2.847208333333333,1.601,2.8724166666666666
2024-02-03,3.677,1.974,2.8481666666666663,1.703,2.847208333333333
2024-02-04,3.546,1.681,2.827833333333333,1.8649999999999998,2.8481666666666663
2024-02-05,3.502,1.356,2.8070833333333334,2.146,2.827833333333333
2024-02-06,3.625,1.139,2.8638333333333335,2.4859999999999998,2.8070833333333334
2024-02-07,3.778,1.113,2.907458333333333,2.665,2.8638333333333335
2024-02-08,3.94,0.852,2.9330833333333337,3.088,2.907458333333333
2024-02-09,4.187,0.592,3.013125,3.595,2.9330833333333337
2024-02-10,4.383,0.607,3.1168333333333336,3.776,3.013125
2024-02-11,4.504,1.792,3.6801052631578948,2.7119999999999997,3.1168333333333336
2024-02-12,4.454,1.005,3.1335416666666664,3.449,3.6801052631578948
2024-02-13,4.24,1.301,3.033875,2.939,3.1335416666666664
2024-02-14,4.222,1.54,2.938916666666667,2.6820000000000004,3.033875
2024-02-15,4.144,1.858,2.9428750000000004,2.286,2.938916666666667
2024-02-16,4.087,1.779,2.985625,2.308,2.9428750000000004
2024-02-17,3.866,1.63,2.9596666666666667,2.236,2.985625
2024-02-18,3.602,1.369,2.892375,2.2329999999999997,2.9596666666666667
2024-02-19,3.557,1.219,2.84375,2.338,2.892375
2024-02-20,3.65,1.278,2.8594166666666667,2.372,2.84375
2024-02-21,3.743,1.156,2.8569999999999998,2.5869999999999997,2.8594166666666667
2024-02-22,3.751,0.975,2.8242083333333334,2.776,2.8569999999999998
2024-02-23,3.779,0.937,2.8232916666666665,2.8419999999999996,2.8242083333333334
2024-02-24,3.896,1.074,3.1454,2.822,2.8232916666666665
2024-02-25,4.009,1.07,2.938916666666667,2.939,3.1454
2024-02-26,4.089,1.437,3.1135,2.652,2.938916666666667
2024-02-27,4.08,1.553,3.01925,2.527,3.1135
2024-02-28,4.077,1.767,3.0089166666666665,2.31,3.01925
2024-02-29,3.964,1.948,2.959375,2.016,3.0089166666666665
2024-03-01,3.999,2.043,3.0050416666666666,1.956,2.959375
2024-03-02,3.99,2.029,3.079916666666667,1.9610000000000003,3.0050416666666666
2024-03-03,3.856,1.956,3.0714583333333336,1.9,3.079916666666667
2024-03-04,3.722,1.692,2.9749166666666667,2.0300000000000002,3.0714583333333336
2024-03-05,3.628,1.502,2.9382916666666667,2.1260000000000003,2.9749166666666667
2024-03-06,3.798,1.158,2.939458333333333,2.64,2.9382916666666667
2024-03-07,3.903,1.097,2.9282916666666665,2.806,2.939458333333333
2024-03-08,4.018,0.909,3.1230454545454545,3.109,2.9282916666666665
2024-03-09,4.175,1.066,3.3366,3.109,3.1230454545454545
2024-03-10,4.336,1.282,3.2286190476190475,3.0540000000000003,3.3366
2024-03-11,4.434,0.888,3.1570952380952386,3.5460000000000003,3.2286190476190475
2024-03-12,4.414,1.073,2.923458333333333,3.3409999999999997,3.1570952380952386
2024-03-13,4.281,1.407,2.9185217391304348,2.8739999999999997,2.923458333333333
2024-03-14,4.244,1.189,2.8503333333333334,3.0549999999999997,2.9185217391304348
2024-03-15,3.998,1.127,2.7997222222222224,2.8710000000000004,2.8503333333333334
2024-03-16,3.9,1.341,2.8539999999999996,2.559,2.7997222222222224
2024-03-17,3.706,1.446,2.8677916666666667,2.26,2.8539999999999996
2024-03-18,3.626,1.544,2.9293333333333336,2.082,2.8677916666666667
2024-03-19,3.673,1.541,2.9172083333333334,2.132,2.9293333333333336
2024-03-20,3.824,1.531,2.9779999999999998,2.293,2.9172083333333334
2024-03-21,3.908,1.539,2.986666666666667,2.3689999999999998,2.9779999999999998
2024-03-22,3.894,1.517,2.982291666666667,2.3770000000000002,2.986666666666667
2024-03-23,3.906,1.422,2.9408333333333334,2.484,2.982291666666667
2024-03-24,3.915,1.72,3.081095238095238,2.1950000000000003,2.9408333333333334
2024-03-25,3.939,1.403,2.844416666666667,2.536,3.081095238095238
2024-03-26,3.983,1.58,2.8224583333333335,2.403,2.844416666666667
2024-03-27,3.996,1.524,2.83175,2.472,2.8224583333333335
2024-03-28,3.892,1.234,2.7530416666666664,2.658,2.83175
2024-03-29,3.793,1.147,2.719333333333333,2.646,2.7530416666666664
2024-03-30,3.774,1.088,2.7372083333333332,2.686,2.719333333333333
2024-03-31,3.714,1.162,2.767041666666667,2.552,2.7372083333333332
2024-04-01,3.63,1.219,2.7721666666666667,2.4109999999999996,2.767041666666667
2024-04-02,3.448,1.282,2.7082608695652173,2.166,2.7721666666666667
2024-04-03,3.558,1.268,2.7707083333333333,2.29,2.7082608695652173
2024-04-04,3.732,1.157,2.81,2.575,2.7707083333333333
2024-04-05,3.849,1.104,2.8426666666666667,2.745,2.81
2024-04-06,3.891,1.034,2.8342916666666667,2.857,2.8426666666666667
2024-04-07,4.076,1.015,2.887739130434783,3.061,2.8342916666666667
2024-04-08,4.232,1.535,3.0382105263157895,2.697,2.887739130434783
2024-04-09,4.395,1.265,2.8208749999999996,3.13,3.0382105263157895
2024-04-10,4.328,0.865,2.841583333333334,3.463,2.8208749999999996
2024-04-11,4.236,1.719,3.2210499999999995,2.5169999999999995,2.841583333333334
2024-04-12,4.12,0.781,2.8347916666666664,3.339,3.2210499999999995
2024-04-13,3.976,0.826,2.85425,3.15,2.8347916666666664
2024-04-14,3.841,1.054,2.8538333333333337,2.787,2.85425
2024-04-15,3.606,1.297,2.814,2.309,2.8538333333333337
2024-04-16,3.539,1.494,2.8160416666666666,2.045,2.814
2024-04-17,3.586,1.542,2.79425,2.0439999999999996,2.8160416666666666
2024-04-18,3.674,1.613,2.7975,2.061,2.79425
2024-04-19,3.709,1.648,2.8032916666666665,2.061,2.7975
2024-04-20,3.719,1.624,2.781916666666667,2.0949999999999998,2.8032916666666665
2024-04-21,3.692,1.654,2.7557916666666666,2.0380000000000003,2.781916666666667
2024-04-22,3.766,1.61,2.734375,2.1559999999999997,2.7557916666666666
2024-04-23,2.147,1.939,2.043,0.20799999999999974,2.734375
2024-04-25,3.976,0.89,2.7609000000000004,3.086,2.043
2024-04-26,3.74,2.668,3.3225714285714285,1.072,2.7609000000000004
2024-04-28,3.734,2.187,3.241,1.5470000000000002,3.3225714285714285
2024-04-29,3.672,3.032,3.398307692307692,0.6400000000000001,3.241
2024-04-30,3.607,0.989,2.7300833333333334,2.6180000000000003,3.398307692307692
2024-05-01,3.572,1.197,2.7655652173913046,2.375,2.7300833333333334
2024-05-02,3.688,1.262,2.763958333333333,2.426,2.7655652173913046
2024-05-03,3.78,1.228,2.8040000000000003,2.5519999999999996,2.763958333333333
2024-05-04,3.852,1.418,2.8229166666666665,2.434,2.8040000000000003
2024-05-05,3.943,1.591,2.8635416666666664,2.3520000000000003,2.8229166666666665
2024-05-06,4.073,1.496,2.8794166666666663,2.5770000000000004,2.8635416666666664
2024-05-07,4.184,0.981,2.8622916666666662,3.2030000000000003,2.8794166666666663
2024-05-08,4.268,0.676,2.869875,3.5919999999999996,2.8622916666666662
2024-05-09,4.166,0.492,2.832708333333333,3.6740000000000004,2.869875
2024-05-10,4.046,0.441,2.7867083333333333,3.6050000000000004,2.832708333333333
2024-05-11,3.935,0.501,2.7737916666666664,3.434,2.7867083333333333
2024-05-12,3.871,0.744,2.8191666666666664,3.127,2.7737916666666664
2024-05-13,3.781,1.008,2.8597083333333333,2.773,2.8191666666666664
2024-05-14,3.717,1.361,2.892125,2.356,2.8597083333333333
2024-05-15,3.745,1.629,2.8992916666666666,2.116,2.892125
2024-05-16,3.737,1.864,2.9364166666666667,1.873,2.8992916666666666
2024-05-17,3.746,1.989,2.921,1.757,2.9364166666666667
2024-05-18,3.783,2.189,2.9426666666666663,1.5939999999999999,2.921
2024-05-19,3.876,2.087,2.9399166666666665,1.7889999999999997,2.9426666666666663
2024-05-20,3.889,1.741,2.907,2.1479999999999997,2.9399166666666665
2024-05-21,3.816,1.323,2.838125,2.493,2.907
2024-05-22,3.925,1.06,2.8175000000000003,2.8649999999999998,2.838125
2024-05-23,3.967,0.853,2.8034583333333334,3.114,2.8175000000000003
2024-05-24,3.97,0.688,2.795458333333334,3.282,2.8034583333333334
2024-05-25,3.975,0.546,2.777125,3.4290000000000003,2.795458333333334
2024-05-26,3.849,0.476,2.6999583333333335,3.373,2.777125
2024-05-27,3.823,0.51,2.7187083333333333,3.3129999999999997,2.6999583333333335
2024-05-28,3.782,0.612,2.6755416666666663,3.17,2.7187083333333333
2024-05-29,3.653,0.723,2.6694999999999998,2.93,2.6755416666666663
2024-05-30,3.731,1.02,2.7148749999999997,2.711,2.6694999999999998
2024-05-31,3.733,1.415,2.73175,2.318,2.7148749999999997
2024-06-01,3.777,1.697,2.776666666666667,2.08,2.73175
2024-06-02,3.822,1.895,2.8209166666666667,1.927,2.776666666666667
2024-06-03,3.927,1.332,2.8218333333333336,2.5949999999999998,2.8209166666666667
2024-06-04,3.947,0.848,2.7558333333333334,3.099,2.8218333333333336
2024-06-05,3.913,0.479,2.6900833333333334,3.4339999999999997,2.7558333333333334
2024-06-06,3.976,0.259,2.663,3.717,2.6900833333333334
2024-06-07,3.961,0.22,2.6804583333333336,3.7409999999999997,2.663
2024-06-08,3.966,0.271,2.721416666666667,3.6950000000000003,2.6804583333333336
2024-06-09,3.876,0.496,2.713041666666667,3.38,2.721416666666667
2024-06-10,3.681,0.533,2.674208333333333,3.148,2.713041666666667
2024-06-11,3.721,0.759,2.677125,2.962,2.674208333333333
2024-06-12,3.568,1.046,2.6806666666666668,2.5220000000000002,2.677125
2024-06-13,3.506,1.456,2.7087083333333335,2.05,2.6806666666666668
2024-06-14,3.543,1.839,2.747708333333333,1.7040000000000002,2.7087083333333335
2024-06-15,3.531,1.935,2.731875,1.596,2.747708333333333
2024-06-16,3.556,2.064,2.7067083333333333,1.492,2.731875
2024-06-17,3.518,1.657,2.6754166666666666,1.8609999999999998,2.7067083333333333
2024-06-18,3.512,1.329,2.6308333333333334,2.183,2.6754166666666666
2024-06-19,3.48,0.957,2.6089166666666666,2.523,2.6308333333333334
2024-06-20,3.522,0.728,2.5604999999999998,2.7939999999999996,2.6089166666666666
2024-06-21,3.795,0.34,2.6174166666666667,3.455,2.5604999999999998
2024-06-22,3.721,0.213,2.5624583333333333,3.508,2.6174166666666667
2024-06-23,3.881,0.25,2.556583333333333,3.631,2.5624583333333333
2024-06-24,3.78,0.109,2.612458333333333,3.671,2.556583333333333
2024-06-25,3.903,0.347,2.6245,3.556,2.612458333333333
2024-06-26,3.777,0.497,2.6794166666666666,3.2800000000000002,2.6245
2024-06-27,3.816,0.776,2.7252500000000004,3.04,2.6794166666666666
2024-06-28,3.883,1.242,2.7607916666666665,2.641,2.7252500000000004
2024-06-29,3.842,1.617,2.752625,2.225,2.7607916666666665
2024-06-30,3.837,1.829,2.7430833333333333,2.008,2.752625
2024-07-01,3.856,1.243,2.708625,2.6129999999999995,2.7430833333333333
2024-07-02,3.809,0.994,2.7109583333333336,2.8150000000000004,2.708625
2024-07-03,3.662,0.655,2.6666666666666665,3.0069999999999997,2.7109583333333336
2024-07-04,3.751,0.328,2.609875,3.423,2.6666666666666665
2024-07-05,3.778,0.25,2.617625,3.528,2.609875
2024-07-06,3.817,0.311,2.674416666666667,3.5060000000000002,2.617625
2024-07-07,3.822,0.308,2.6773333333333333,3.5140000000000002,2.674416666666667
2024-07-08,3.795,0.454,2.676833333333333,3.3409999999999997,2.6773333333333333
2024-07-09,3.698,0.611,2.668125,3.0869999999999997,2.676833333333333
2024-07-10,3.603,0.738,2.648625,2.865,2.668125
2024-07-11,3.614,0.91,2.6279583333333334,2.7039999999999997,2.648625
2024-07-12,3.658,1.342,2.6015,2.316,2.6279583333333334
2024-07-13,3.478,1.734,2.6192083333333334,1.7440000000000002,2.6015
2024-07-14,3.581,1.82,2.6409166666666666,1.761,2.6192083333333334
2024-07-15,3.537,1.793,2.698541666666667,1.744,2.6409166666666666
2024-07-16,3.519,1.568,2.674875,1.951,2.698541666666667
2024-07-17,3.528,1.214,2.686,2.314,2.674875
2024-07-18,3.519,0.895,2.619,2.624,2.686
2024-07-19,3.673,0.627,2.5865416666666667,3.0460000000000003,2.619
2024-07-20,3.706,0.089,2.5664583333333333,3.617,2.5865416666666667
2024-07-21,3.963,0.189,2.5995416666666666,3.774,2.5664583333333333
2024-07-22,3.908,0.018,2.611625,3.89,2.5995416666666666
2024-07-23,3.907,0.148,2.62675,3.759,2.611625
2024-07-24,3.9,0.277,2.62175,3.6229999999999998,2.62675
2024-07-25,3.878,0.581,2.6275416666666667,3.297,2.62175
2024-07-26,3.87,1.107,2.620041666666667,2.763,2.6275416666666667
2024-07-27,3.786,1.613,2.6146249999999998,2.173,2.620041666666667
2024-07-28,3.746,1.555,2.6426250000000002,2.191,2.6146249999999998
2024-07-29,3.642,1.361,2.648875,2.2809999999999997,2.6426250000000002
2024-07-30,3.506,1.066,2.6350416666666665,2.4399999999999995,2.648875
2024-07-31,3.447,0.809,2.5806666666666667,2.638,2.6350416666666665
2024-08-01,3.611,0.606,2.5625833333333334,3.0050000000000003,2.5806666666666667
2024-08-02,3.722,0.536,2.5963333333333334,3.186,2.5625833333333334
2024-08-03,3.754,0.377,2.5850416666666667,3.377,2.5963333333333334
2024-08-04,3.757,0.29,2.5696666666666665,3.467,2.5850416666666667
2024-08-05,3.744,0.395,2.5755833333333333,3.349,2.5696666666666665
2024-08-06,3.778,0.524,2.6183333333333336,3.254,2.5755833333333333
2024-08-07,3.799,0.742,2.6516249999999997,3.057,2.6183333333333336
2024-08-08,3.714,1.071,2.654666666666667,2.643,2.6516249999999997
2024-08-09,3.755,1.363,2.6793750000000003,2.392,2.654666666666667
2024-08-10,3.706,1.738,2.6772916666666666,1.968,2.6793750000000003
2024-08-11,3.704,1.869,2.71175,1.8350000000000002,2.6772916666666666
2024-08-12,3.618,1.762,2.6836956521739133,1.8559999999999999,2.71175
2024-08-13,3.5,1.56,2.6773333333333333,1.94,2.6836956521739133
2024-08-14,3.415,1.408,2.6980416666666667,2.007,2.6773333333333333
2024-08-15,3.472,1.228,2.702125,2.2439999999999998,2.6980416666666667
2024-08-16,3.64,0.973,2.6910000000000003,2.6670000000000003,2.702125
2024-08-17,3.78,0.606,2.6630833333333332,3.174,2.6910000000000003
2024-08-18,3.93,0.457,2.6950416666666666,3.4730000000000003,2.6630833333333332
2024-08-19,3.983,0.336,2.7183333333333333,3.6470000000000002,2.6950416666666666
2024-08-20,4.036,0.306,2.717166666666667,3.7299999999999995,2.7183333333333333
2024-08-21,4.073,0.438,2.733333333333333,3.6350000000000002,2.717166666666667
2024-08-22,4.204,0.731,2.8077916666666667,3.473,2.733333333333333
2024-08-23,4.091,1.18,2.761875,2.9110000000000005,2.8077916666666667
2024-08-24,4.02,1.458,2.7581666666666664,2.5619999999999994,2.761875
2024-08-25,3.921,1.244,2.7432083333333335,2.6769999999999996,2.7581666666666664
2024-08-26,3.974,1.135,2.750958333333333,2.8390000000000004,2.7432083333333335
2024-08-27,3.666,1.154,2.734458333333333,2.512,2.750958333333333
2024-08-28,3.571,1.06,2.6914166666666666,2.511,2.734458333333333
2024-08-29,3.609,1.044,2.6283333333333334,2.565,2.6914166666666666
2024-08-30,3.568,0.963,2.62475,2.605,2.6283333333333334
2024-08-31,3.76,0.685,2.66675,3.0749999999999997,2.62475
2024-09-01,3.789,0.713,2.7387916666666663,3.076,2.66675
2024-09-02,3.831,0.907,2.7749166666666665,2.924,2.7387916666666663
2024-09-03,3.865,0.719,2.7106666666666666,3.1460000000000004,2.7749166666666665
2024-09-04,3.9,1.054,2.662375,2.846,2.7106666666666666
2024-09-05,3.865,1.172,2.6793750000000003,2.6930000000000005,2.662375
2024-09-06,3.852,1.462,2.7071666666666663,2.3899999999999997,2.6793750000000003
2024-09-07,3.716,1.662,2.546388888888889,2.0540000000000003,2.7071666666666663
2024-09-09,3.586,1.97,3.033352941176471,1.6159999999999999,2.546388888888889
2024-09-10,3.542,1.451,2.77825,2.0909999999999997,3.033352941176471
2024-09-11,3.462,1.464,2.734625,1.9980000000000002,2.77825
2024-09-12,3.565,1.356,2.7257083333333334,2.2089999999999996,2.734625
2024-09-13,3.638,1.198,2.6419166666666665,2.44,2.7257083333333334
2024-09-14,3.775,1.077,2.6325416666666666,2.698,2.6419166666666665
2024-09-15,3.984,0.778,2.6482083333333333,3.206,2.6325416666666666
2024-09-16,3.981,0.647,2.68525,3.3339999999999996,2.6482083333333333
2024-09-17,4.116,0.529,2.729416666666667,3.5869999999999997,2.68525
2024-09-18,4.149,0.903,2.8051250000000003,3.246,2.729416666666667
2024-09-19,4.216,1.013,2.779666666666667,3.2030000000000003,2.8051250000000003
2024-09-20,4.23,1.189,2.7403750000000002,3.0410000000000004,2.779666666666667
2024-09-21,4.158,0.892,2.719208333333333,3.2660000000000005,2.7403750000000002
2024-09-22,4.001,0.74,2.756625,3.261,2.719208333333333
2024-09-23,3.758,0.749,2.7590833333333333,3.009,2.756625
2024-09-24,3.645,0.838,2.7692083333333333,2.807,2.7590833333333333
2024-09-25,3.576,1.097,2.759,2.479,2.7692083333333333
2024-09-26,3.691,1.283,2.7894166666666664,2.408,2.759
2024-09-27,3.774,1.396,2.8160000000000003,2.378,2.7894166666666664
2024-09-28,3.897,1.345,2.837125,2.5519999999999996,2.8160000000000003
2024-09-29,3.891,1.284,2.84375,2.607,2.837125
2024-09-30,3.86,1.257,2.8041249999999995,2.6029999999999998,2.84375
2024-10-01,3.883,1.36,2.7877500000000004,2.5229999999999997,2.8041249999999995
2024-10-02,3.956,1.489,2.8200416666666666,2.4669999999999996,2.7877500000000004
2024-10-03,4.091,1.785,2.9323333333333337,2.306,2.8200416666666666
2024-10-04,4.146,1.633,3.0392083333333333,2.513,2.9323333333333337
2024-10-05,4.195,1.538,3.1405833333333333,2.657,3.0392083333333333
2024-10-06,4.163,1.488,3.142666666666667,2.6750000000000003,3.1405833333333333
2024-10-07,4.015,3.096,3.516833333333333,0.9189999999999996,3.142666666666667
2024-10-08,3.913,1.421,3.0749999999999997,2.492,3.516833333333333
2024-10-09,3.856,1.401,3.0338333333333334,2.455,3.0749999999999997
2024-10-10,3.88,1.532,3.0499166666666664,2.348,3.0338333333333334
2024-10-11,3.911,1.622,3.0371666666666663,2.2889999999999997,3.0499166666666664
2024-10-12,3.995,1.622,3.0185833333333334,2.373,3.0371666666666663
2024-10-13,4.126,1.528,3.027041666666667,2.5980000000000003,3.0185833333333334
2024-10-14,4.181,1.44,3.0264166666666665,2.741,3.027041666666667
2024-10-15,4.217,1.379,3.0386249999999997,2.8379999999999996,3.0264166666666665
2024-10-16,4.265,1.401,3.0374166666666667,2.864,3.0386249999999997
2024-10-17,4.333,1.644,3.032833333333333,2.689,3.0374166666666667
2024-10-18,4.391,1.086,2.9711250000000002,3.3049999999999997,3.032833333333333
2024-10-19,4.325,0.66,2.9525,3.665,2.9711250000000002
2024-10-20,4.321,0.575,2.9457916666666666,3.7459999999999996,2.9525
2024-10-21,4.088,0.455,2.937875,3.633,2.9457916666666666
2024-10-22,4.027,0.639,2.939166666666667,3.388,2.937875
2024-10-23,4.006,1.272,3.091041666666667,2.734,2.939166666666667
2024-10-24,4.068,1.54,3.1633333333333336,2.5279999999999996,3.091041666666667
2024-10-25,3.99,1.685,3.0415833333333335,2.305,3.1633333333333336
2024-10-26,3.975,1.714,2.955,2.261,3.0415833333333335
2024-10-27,3.998,1.875,3.0213750000000004,2.123,2.955
2024-10-28,4.033,2.154,3.0672916666666663,1.8790000000000004,3.0213750000000004
2024-10-29,3.942,2.115,3.063333333333333,1.827,3.0672916666666663
2024-10-30,3.903,2.056,2.9475416666666665,1.847,3.063333333333333
2024-10-31,4.075,1.552,2.968583333333333,2.523,2.9475416666666665
2024-11-01,4.095,1.435,3.0250833333333333,2.6599999999999997,2.968583333333333
2024-11-02,4.272,1.331,3.158333333333333,2.9410000000000003,3.0250833333333333
2024-11-03,4.242,1.202,3.1609166666666666,3.04,3.158333333333333
2024-11-04,4.157,1.124,3.121166666666667,3.033,3.1609166666666666
2024-11-05,4.055,1.118,3.1075,2.9369999999999994,3.121166666666667
2024-11-06,4.117,1.109,3.1199583333333334,3.008,3.1075
2024-11-07,4.003,1.376,3.156916666666667,2.6270000000000002,3.1199583333333334
2024-11-08,4.011,1.456,3.1305,2.555,3.156916666666667
2024-11-09,4.039,1.737,3.1459166666666665,2.3019999999999996,3.1305
2024-11-10,4.162,1.844,3.1200833333333335,2.3179999999999996,3.1459166666666665
2024-11-11,4.188,1.932,3.1362916666666667,2.256,3.1200833333333335
2024-11-12,4.316,2.022,3.1625,2.294,3.1362916666666667
2024-11-13,4.354,1.908,3.154583333333333,2.446,3.1625
2024-11-14,4.373,1.666,3.154083333333333,2.7070000000000003,3.154583333333333
2024-11-15,4.348,1.115,3.1172500000000003,3.2329999999999997,3.154083333333333
2024-11-16,4.383,0.719,3.1041666666666665,3.664,3.1172500000000003
2024-11-17,4.378,0.459,3.122,3.919,3.1041666666666665
2024-11-18,4.365,0.379,3.1065416666666668,3.986,3.122
2024-11-19,4.219,0.529,3.0430833333333336,3.6900000000000004,3.1065416666666668
2024-11-20,4.166,0.831,3.0875416666666666,3.3350000000000004,3.0430833333333336
2024-11-21,4.118,1.337,3.186916666666667,2.7810000000000006,3.0875416666666666
2024-11-22,4.111,1.682,3.22775,2.429,3.186916666666667
2024-11-23,4.056,1.923,3.208833333333333,2.133,3.22775
2024-11-24,4.069,2.206,3.2045,1.863,3.208833333333333
2024-11-25,4.044,2.516,3.2091666666666665,1.5279999999999996,3.2045
2024-11-26,4.074,2.468,3.2568750000000004,1.6059999999999999,3.2091666666666665
2024-11-27,4.108,2.202,3.2919583333333335,1.9059999999999997,3.2568750000000004
2024-11-28,4.096,2.075,3.2748333333333335,2.021,3.2919583333333335
2024-11-29,4.209,1.836,3.2568750000000004,2.3729999999999993,3.2748333333333335
2024-11-30,4.175,1.508,3.212875,2.667,3.2568750000000004
2024-12-01,4.081,1.256,3.1192083333333334,2.825,3.212875
2024-12-02,4.124,0.958,3.0974166666666663,3.1659999999999995,3.1192083333333334
2024-12-03,4.14,0.878,3.0548333333333333,3.2619999999999996,3.0974166666666663
2024-12-04,4.083,0.848,3.003458333333333,3.2350000000000003,3.0548333333333333
2024-12-05,4.007,0.922,2.974458333333333,3.0849999999999995,3.003458333333333
2024-12-06,3.95,0.973,2.957708333333333,2.9770000000000003,2.974458333333333
2024-12-07,3.926,1.172,2.9719583333333333,2.7540000000000004,2.957708333333333
2024-12-08,4.099,1.589,3.0760833333333335,2.5100000000000002,2.9719583333333333
2024-12-09,4.126,2.028,3.1351666666666667,2.0980000000000003,3.0760833333333335
2024-12-10,4.067,2.288,3.1339583333333336,1.7790000000000004,3.1351666666666667
2024-12-11,4.157,1.895,3.155333333333333,2.262,3.1339583333333336
2024-12-12,4.284,1.466,3.2106666666666666,2.8179999999999996,3.155333333333333
2024-12-13,4.259,1.409,3.2417916666666664,2.8500000000000005,3.2106666666666666
2024-12-14,4.364,0.997,3.2336666666666667,3.367,3.2417916666666664
2024-12-15,4.435,0.796,3.2418750000000003,3.6389999999999993,3.2336666666666667
2024-12-16,4.419,0.671,3.2460833333333334,3.7479999999999993,3.2418750000000003
2024-12-17,4.377,0.724,3.2157916666666666,3.6529999999999996,3.2460833333333334
2024-12-18,4.304,0.774,3.170125,3.5300000000000002,3.2157916666666666
2024-12-19,4.249,1.052,3.21325,3.1969999999999996,3.170125
2024-12-20,4.054,1.29,3.16825,2.7640000000000002,3.21325
2024-12-21,4.048,1.579,3.113166666666667,2.4690000000000003,3.16825
2024-12-22,4.01,1.933,3.11875,2.077,3.113166666666667
2024-12-23,3.944,2.254,3.0876249999999996,1.69,3.11875
2024-12-24,3.924,2.317,3.0663750000000003,1.6069999999999998,3.0876249999999996
2024-12-25,4.016,2.147,3.1588333333333334,1.8690000000000002,3.0663750000000003
2024-12-26,3.95,1.864,3.1653333333333333,2.0860000000000003,3.1588333333333334
2024-12-27,3.942,1.651,3.1343333333333336,2.2910000000000004,3.1653333333333333
2024-12-28,3.987,1.517,3.170541666666667,2.47,3.1343333333333336
2024-12-29,4.114,1.381,3.2230000000000003,2.7329999999999997,3.170541666666667
2024-12-30,4.145,1.108,3.154666666666667,3.0369999999999995,3.2230000000000003
2024-12-31,4.156,0.815,3.0909166666666668,3.3409999999999997,3.154666666666667
2025-01-01,4.266,0.812,3.311818181818182,3.4539999999999997,3.0909166666666668
2025-01-02,4.197,0.765,3.3219000000000003,3.432,3.311818181818182
2025-01-03,4.159,0.724,3.0361666666666665,3.4349999999999996,3.3219000000000003
2025-01-04,4.172,1.105,3.0892916666666665,3.0669999999999997,3.0361666666666665
2025-01-05,4.148,1.29,3.0542499999999997,2.8579999999999997,3.0892916666666665
2025-01-06,4.114,1.663,3.0594583333333336,2.4509999999999996,3.0542499999999997
2025-01-07,4.104,2.103,3.0536250000000003,2.001,3.0594583333333336
2025-01-08,4.103,1.954,3.07325,2.149,3.0536250000000003
2025-01-09,4.061,1.608,3.0901666666666667,2.453,3.07325
2025-01-10,4.188,1.482,3.2365833333333334,2.7059999999999995,3.0901666666666667
2025-01-11,4.287,1.352,3.2988750000000002,2.9349999999999996,3.2365833333333334
2025-01-12,4.359,1.156,3.30875,3.2030000000000003,3.2988750000000002
2025-01-13,4.363,0.952,3.265416666666667,3.4110000000000005,3.30875
2025-01-14,4.263,0.763,3.1339166666666665,3.5,3.265416666666667
2025-01-15,4.294,0.717,3.1149166666666663,3.5769999999999995,3.1339166666666665
2025-01-16,4.26,0.899,3.1398333333333333,3.3609999999999998,3.1149166666666663
2025-01-17,4.249,1.2,3.1817083333333334,3.0489999999999995,3.1398333333333333
2025-01-18,4.076,1.374,3.077916666666667,2.7019999999999995,3.1817083333333334
2025-01-19,4.046,1.592,3.062583333333333,2.454,3.077916666666667
2025-01-20,3.992,1.982,3.0726666666666667,2.01,3.062583333333333
2025-01-21,3.923,2.29,3.029,1.633,3.0726666666666667
2025-01-22,3.859,2.206,3.0108333333333337,1.653,3.029
2025-01-23,3.724,1.9,2.952166666666667,1.8240000000000003,3.0108333333333337
2025-01-24,3.718,1.639,2.990083333333333,2.0789999999999997,2.952166666666667
2025-01-25,3.666,1.394,2.981125,2.2720000000000002,2.990083333333333
2025-01-26,3.823,1.395,3.0513333333333335,2.428,2.981125
2025-01-27,4.1,1.24,3.1819166666666665,2.8599999999999994,3.0513333333333335
2025-01-28,4.195,1.159,3.1807499999999997,3.0360000000000005,3.1819166666666665
2025-01-29,4.235,0.967,3.1118333333333332,3.2680000000000002,3.1807499999999997
2025-01-30,4.274,0.753,3.058291666666667,3.521,3.1118333333333332
2025-01-31,4.264,0.689,2.987625,3.575,3.058291666666667
2025-02-01,4.192,0.802,2.9932173913043476,3.39,2.987625
2025-02-02,4.138,0.963,2.8853333333333335,3.175,2.9932173913043476
2025-02-03,4.18,1.278,2.9137083333333336,2.9019999999999997,2.8853333333333335
2025-02-04,4.228,1.922,3.012,2.306,2.9137083333333336
2025-02-05,4.062,1.85,3.0185,2.212,3.012
2025-02-06,3.905,1.617,2.998125,2.288,3.0185
2025-02-07,3.912,1.409,3.0436666666666667,2.503,2.998125
2025-02-08,3.971,1.242,3.1270000000000002,2.729,3.0436666666666667
2025-02-09,4.061,1.278,3.1744583333333334,2.783,3.1270000000000002
2025-02-10,4.046,1.124,3.124916666666667,2.922,3.1744583333333334
2025-02-11,4.055,0.924,3.0554583333333336,3.131,3.124916666666667
2025-02-12,4.033,0.82,2.971416666666667,3.2130000000000005,3.0554583333333336
2025-02-13,4.049,0.796,2.890708333333333,3.253,2.971416666666667
2025-02-14,4.047,0.867,2.860708333333333,3.1799999999999997,2.890708333333333
2025-02-15,4.033,1.137,2.8863333333333334,2.8960000000000004,2.860708333333333
2025-02-16,3.998,1.358,2.8974583333333332,2.64,2.8863333333333334
2025-02-17,4.022,1.747,2.921708333333333,2.2750000000000004,2.8974583333333332
2025-02-18,3.963,2.07,2.9273333333333333,1.8930000000000002,2.921708333333333
2025-02-19,3.856,1.999,2.9155833333333336,1.8569999999999998,2.9273333333333333
2025-02-20,3.803,2.003,2.954416666666667,1.7999999999999998,2.9155833333333336
2025-02-21,3.698,1.94,2.9785,1.758,2.954416666666667
2025-02-22,3.632,1.827,2.9942083333333334,1.8050000000000002,2.9785
2025-02-23,3.804,1.595,3.03125,2.2089999999999996,2.9942083333333334
2025-02-24,3.974,1.475,3.1071666666666666,2.499,3.03125
2025-02-25,4.08,1.388,3.092333333333333,2.692,3.1071666666666666
2025-02-26,4.078,1.134,3.084208333333333,2.9440000000000004,3.092333333333333
2025-02-27,4.233,1.056,3.0904166666666666,3.1769999999999996,3.084208333333333
2025-02-28,4.294,0.901,3.0250833333333333,3.393,3.0904166666666666
2025-03-01,4.342,0.89,2.983260869565217,3.4519999999999995,3.0250833333333333
2025-03-02,4.249,0.975,2.8030833333333334,3.2739999999999996,2.983260869565217
2025-03-03,4.201,1.268,2.7524583333333332,2.933,2.8030833333333334
2025-03-04,4.049,1.162,2.7059166666666665,2.8870000000000005,2.7524583333333332
2025-03-05,4.003,1.029,2.733,2.974,2.7059166666666665
2025-03-06,3.847,1.152,2.7900833333333335,2.6950000000000003,2.733
2025-03-07,3.892,1.361,2.96875,2.5309999999999997,2.7900833333333335
2025-03-08,3.828,1.613,3.091791666666667,2.215,2.96875
2025-03-09,4.047,1.5,3.161125,2.5469999999999997,3.091791666666667
2025-03-10,4.073,1.555,3.1637500000000003,2.5180000000000007,3.161125
2025-03-11,3.961,1.443,3.09475,2.518,3.1637500000000003
2025-03-12,3.992,1.331,3.0309166666666667,2.661,3.09475
2025-03-13,3.952,1.251,2.939458333333333,2.701,3.0309166666666667
2025-03-14,3.987,1.278,2.888666666666667,2.709,2.939458333333333
2025-03-15,3.965,1.346,2.8205000000000005,2.6189999999999998,2.888666666666667
2025-03-16,3.984,1.451,2.7957083333333332,2.533,2.8205000000000005
2025-03-17,3.996,1.682,2.894375,2.314,2.7957083333333332
2025-03-18,4.067,1.854,3.043416666666667,2.213,2.894375
2025-03-19,3.998,1.892,3.0992916666666663,2.1060000000000003,3.043416666666667
2025-03-20,3.983,1.844,3.098125,2.1390000000000002,3.0992916666666663
2025-03-21,3.899,1.881,3.0848333333333335,2.018,3.098125
2025-03-22,3.885,1.86,3.095125,2.0249999999999995,3.0848333333333335
2025-03-23,3.768,1.822,3.0595416666666666,1.9459999999999997,3.095125
2025-03-24,3.81,1.631,3.0315833333333333,2.1790000000000003,3.0595416666666666
2025-03-25,3.866,1.373,2.9647083333333337,2.4930000000000003,3.0315833333333333
2025-03-26,3.866,1.306,2.9198749999999998,2.56,2.9647083333333337
2025-03-27,3.912,1.138,2.8815833333333334,2.774,2.9198749999999998
2025-03-28,4.057,0.982,2.847041666666667,3.075,2.8815833333333334
2025-03-29,4.258,1.013,2.831125,3.245,2.847041666666667
2025-03-30,4.388,1.226,2.8313333333333333,3.162,2.831125
2025-03-31,4.366,1.112,2.8475416666666664,3.2539999999999996,2.8313333333333333
2025-04-01,4.412,1.077,3.0001739130434784,3.335,2.8475416666666664
2025-04-02,4.365,1.177,3.1140416666666666,3.188,3.0001739130434784
2025-04-03,4.232,1.24,3.0722083333333337,2.992,3.1140416666666666
2025-04-04,4.068,1.293,3.0525,2.7749999999999995,3.0722083333333337
2025-04-05,3.778,1.387,2.968541666666667,2.391,3.0525
2025-04-06,3.81,1.562,2.9898333333333333,2.248,2.968541666666667
2025-04-07,3.924,1.611,3.0909130434782606,2.3129999999999997,2.9898333333333333
2025-04-08,3.876,1.643,2.912571428571429,2.2329999999999997,3.0909130434782606
2025-04-09,3.856,1.631,2.924166666666667,2.2249999999999996,2.912571428571429
2025-04-10,3.863,1.511,2.8684999999999996,2.3520000000000003,2.924166666666667
2025-04-11,3.86,1.52,2.8033333333333332,2.34,2.8684999999999996
2025-04-12,3.897,1.574,2.782958333333333,2.3229999999999995,2.8033333333333332
2025-04-13,3.92,1.35,2.7514583333333333,2.57,2.782958333333333
2025-04-14,4.034,1.293,2.8491666666666666,2.7409999999999997,2.7514583333333333
2025-04-15,4.028,1.245,2.9151666666666665,2.7829999999999995,2.8491666666666666
2025-04-16,3.916,1.043,2.842333333333333,2.873,2.9151666666666665
2025-04-17,3.759,1.013,2.7731250000000003,2.746,2.842333333333333
2025-04-18,3.669,1.03,2.7540833333333334,2.6390000000000002,2.7731250000000003
2025-04-19,3.604,1.195,2.751583333333333,2.409,2.7540833333333334
2025-04-20,3.545,1.297,2.7632499999999998,2.248,2.751583333333333
2025-04-21,3.532,1.408,2.793833333333333,2.124,2.7632499999999998
2025-04-22,3.609,1.387,2.755125,2.222,2.793833333333333
2025-04-23,3.715,1.339,2.7567083333333335,2.376,2.755125
2025-04-24,3.767,1.334,2.769458333333333,2.433,2.7567083333333335
2025-04-25,3.845,1.337,2.749625,2.508,2.769458333333333
2025-04-26,3.949,1.41,2.7273333333333336,2.5389999999999997,2.749625
2025-04-27,4.171,0.958,2.7118333333333333,3.213,2.7273333333333336
2025-04-28,4.217,0.548,2.7301249999999997,3.6689999999999996,2.7118333333333333
2025-04-29,4.291,0.322,2.770125,3.9690000000000003,2.7301249999999997
2025-04-30,4.157,0.39,2.812291666666667,3.767,2.770125
2025-05-01,4.093,0.491,2.765391304347826,3.602,2.812291666666667
2025-05-02,3.989,0.691,2.813375,3.298,2.765391304347826
2025-05-03,3.756,0.903,2.8214166666666665,2.8529999999999998,2.813375
2025-05-04,3.649,1.24,2.8366249999999997,2.409,2.8214166666666665
2025-05-05,3.671,1.511,2.8203333333333336,2.16,2.8366249999999997
2025-05-06,3.703,1.668,2.8228333333333335,2.035,2.8203333333333336
2025-05-07,3.728,1.849,2.8523636363636364,1.8790000000000002,2.8228333333333335
2025-05-08,3.738,1.988,2.805875,1.75,2.8523636363636364
2025-05-09,3.713,1.797,2.779458333333333,1.9160000000000001,2.805875
2025-05-10,3.687,1.364,2.6906250000000003,2.3229999999999995,2.779458333333333
2025-05-11,3.71,1.162,2.7315416666666668,2.548,2.6906250000000003
2025-05-12,3.786,0.95,2.7423749999999996,2.8360000000000003,2.7315416666666668
2025-05-13,3.835,0.866,2.7401250000000004,2.969,2.7423749999999996
2025-05-14,3.878,0.755,2.7752499999999998,3.123,2.7401250000000004
2025-05-15,3.844,0.781,2.799791666666667,3.0629999999999997,2.7752499999999998
2025-05-16,3.799,0.773,2.8043333333333336,3.026,2.799791666666667
2025-05-17,3.779,0.851,2.7904583333333335,2.928,2.8043333333333336
2025-05-18,3.736,1.11,2.820375,2.6260000000000003,2.7904583333333335
2025-05-19,3.695,1.149,2.8018750000000003,2.546,2.820375
2025-05-20,3.679,1.297,2.7918333333333334,2.3819999999999997,2.8018750000000003
2025-05-21,3.704,1.461,2.8060833333333335,2.2430000000000003,2.7918333333333334
2025-05-22,3.718,1.731,2.795833333333333,1.9869999999999999,2.8060833333333335
2025-05-23,3.842,2.0,2.833,1.842,2.795833333333333
2025-05-24,3.915,1.386,2.794333333333334,2.529,2.833
2025-05-25,3.923,0.9,2.7777499999999997,3.023,2.794333333333334
2025-05-26,4.054,0.455,2.73275,3.599,2.7777499999999997
2025-05-27,4.055,0.175,2.7328333333333332,3.88,2.73275
2025-05-28,4.054,0.103,2.7159166666666668,3.951,2.7328333333333332
2025-05-29,4.032,0.015,2.6966249999999996,4.017,2.7159166666666668
2025-05-30,3.891,0.296,2.6904583333333334,3.595,2.6966249999999996
2025-05-31,3.819,0.467,2.6143478260869566,3.352,2.6904583333333334
2025-06-01,3.658,0.807,2.6469130434782606,2.851,2.6143478260869566
2025-06-02,3.592,1.246,2.6800833333333336,2.346,2.6469130434782606
2025-06-03,3.591,1.624,2.691875,1.967,2.6800833333333336
2025-06-04,3.585,1.914,2.734291666666667,1.671,2.691875
2025-06-05,3.637,2.173,2.7464999999999997,1.464,2.734291666666667
2025-06-06,3.619,1.694,2.7187916666666667,1.9250000000000003,2.7464999999999997
2025-06-07,3.596,1.388,2.6885833333333333,2.208,2.7187916666666667
2025-06-08,3.461,1.171,2.636125,2.29,2.6885833333333333
2025-06-09,3.557,0.793,2.6324166666666664,2.764,2.636125
2025-06-10,3.667,0.59,2.587625,3.077,2.6324166666666664
2025-06-11,3.718,0.323,2.535041666666667,3.395,2.587625
2025-06-12,3.645,0.403,2.542333333333333,3.242,2.535041666666667
2025-06-13,3.713,0.34,2.5780416666666666,3.373,2.542333333333333
2025-06-14,3.738,0.449,2.6202916666666667,3.289,2.5780416666666666
2025-06-15,3.652,0.582,2.629916666666667,3.0700000000000003,2.6202916666666667
2025-06-16,3.678,0.756,2.627291666666667,2.9219999999999997,2.629916666666667
2025-06-17,3.642,0.992,2.679625,2.65,2.627291666666667
2025-06-18,3.684,1.255,2.6929583333333333,2.4290000000000003,2.679625
2025-06-19,3.732,1.64,2.703,2.0920000000000005,2.6929583333333333
2025-06-20,3.713,1.896,2.690375,1.8170000000000002,2.703
2025-06-21,3.74,1.419,2.6837083333333336,2.321,2.690375
2025-06-22,3.717,0.96,2.6216250000000003,2.757,2.6837083333333336
2025-06-23,3.702,0.525,2.6238333333333332,3.177,2.6216250000000003
2025-06-24,3.835,0.029,2.5726666666666667,3.806,2.6238333333333332
2025-06-25,3.861,-0.06,2.578125,3.9210000000000003,2.5726666666666667
2025-06-26,3.88,-0.113,2.5888750000000003,3.993,2.578125
2025-06-27,3.971,0.091,2.6073749999999998,3.88,2.5888750000000003
2025-06-28,3.859,0.226,2.6330416666666667,3.633,2.6073749999999998
2025-06-29,3.745,0.546,2.660375,3.199,2.6330416666666667
2025-06-30,3.694,0.908,2.687625,2.786,2.660375
2025-07-01,3.692,1.36,2.6698260869565216,2.332,2.687625
2025-07-02,3.642,1.735,2.734541666666667,1.9069999999999998,2.6698260869565216
2025-07-03,3.477,2.172,2.720541666666667,1.3049999999999997,2.734541666666667
2025-07-04,3.566,1.956,2.7377916666666664,1.6099999999999999,2.720541666666667
2025-07-05,3.547,1.686,2.7310416666666666,1.8610000000000002,2.7377916666666664
2025-07-06,3.571,1.186,2.6870833333333333,2.3850000000000002,2.7310416666666666
2025-07-07,3.488,1.029,2.657625,2.459,2.6870833333333333
2025-07-08,3.546,0.762,2.6097916666666667,2.784,2.657625
2025-07-09,3.674,0.564,2.599833333333333,3.11,2.6097916666666667
2025-07-10,3.741,0.606,2.637125,3.1350000000000002,2.599833333333333
2025-07-11,3.69,0.415,2.6010833333333334,3.275,2.637125
2025-07-12,3.747,0.375,2.601875,3.372,2.6010833333333334
2025-07-13,3.729,0.421,2.6206666666666667,3.3080000000000003,2.601875
2025-07-14,3.75,0.566,2.635666666666667,3.184,2.6206666666666667
2025-07-15,3.736,0.836,2.684833333333333,2.9000000000000004,2.635666666666667
2025-07-16,3.765,1.034,2.63875,2.731,2.684833333333333
2025-07-17,3.799,1.554,2.675875,2.245,2.63875
2025-07-18,3.751,1.782,2.6945833333333336,1.9689999999999999,2.675875
2025-07-19,3.8,1.389,2.701,2.4109999999999996,2.6945833333333336
2025-07-20,3.677,0.967,2.6220833333333333,2.71,2.701
2025-07-21,3.564,0.55,2.5775833333333336,3.0140000000000002,2.6220833333333333
2025-07-22,3.695,0.4,2.5985416666666667,3.295,2.5775833333333336
2025-07-23,3.78,0.21,2.5925,3.57,2.5985416666666667
2025-07-24,3.794,0.133,2.5695416666666664,3.661,2.5925
2025-07-25,3.835,0.197,2.623125,3.638,2.5695416666666664
2025-07-26,3.849,0.234,2.6407083333333334,3.615,2.623125
2025-07-27,3.83,0.386,2.616375,3.444,2.6407083333333334
2025-07-28,3.781,0.699,2.6380833333333333,3.0820000000000003,2.616375
2025-07-29,3.682,1.098,2.6582500000000002,2.5839999999999996,2.6380833333333333
2025-07-30,3.634,1.511,2.613958333333333,2.123,2.6582500000000002
2025-07-31,3.55,1.875,2.6072916666666663,1.6749999999999998,2.613958333333333
2025-08-01,3.583,1.823,2.603681818181818,1.7600000000000002,2.6072916666666663
2025-08-02,3.443,1.652,2.643291666666667,1.7910000000000001,2.603681818181818
2025-08-03,3.371,1.541,2.6397083333333335,1.83,2.643291666666667
2025-08-04,3.3,1.316,2.6185416666666668,1.9839999999999998,2.6397083333333335
2025-08-05,3.431,1.044,2.5805416666666665,2.387,2.6185416666666668
2025-08-06,3.573,0.855,2.5700833333333333,2.718,2.5805416666666665
2025-08-07,3.688,0.686,2.584791666666667,3.0020000000000002,2.5700833333333333
2025-08-08,3.738,0.468,2.5865,3.27,2.584791666666667
2025-08-09,3.758,0.352,2.572875,3.406,2.5865
2025-08-10,3.864,0.239,2.6172083333333336,3.625,2.572875
2025-08-11,3.855,0.538,2.6468333333333334,3.317,2.6172083333333336
2025-08-12,3.938,0.799,2.7270434782608697,3.1390000000000002,2.6468333333333334
2025-08-13,3.872,1.154,2.6625833333333335,2.718,2.7270434782608697
2025-08-14,3.949,1.471,2.70725,2.4779999999999998,2.6625833333333335
2025-08-15,3.829,1.373,2.6940000000000004,2.4560000000000004,2.70725
2025-08-16,3.799,1.099,2.6365000000000003,2.7,2.6940000000000004
2025-08-17,3.695,1.006,2.63475,2.689,2.6365000000000003
2025-08-18,3.648,0.879,2.672458333333333,2.769,2.63475
2025-08-19,3.69,0.835,2.6965833333333333,2.855,2.672458333333333
2025-08-20,3.859,0.681,2.7129999999999996,3.178,2.6965833333333333
2025-08-21,3.779,0.546,2.6505833333333335,3.2329999999999997,2.7129999999999996
2025-08-22,3.809,0.477,2.68575,3.3320000000000003,2.6505833333333335
2025-08-23,3.824,0.445,2.6722083333333333,3.379,2.68575
2025-08-24,3.848,0.437,2.6634583333333333,3.411,2.6722083333333333
2025-08-25,3.896,0.835,2.666916666666667,3.061,2.6634583333333333
2025-08-26,3.824,1.268,2.657125,2.556,2.666916666666667
2025-08-27,3.75,1.657,2.722958333333333,2.093,2.657125
2025-08-28,3.807,1.474,2.685625,2.333,2.722958333333333
2025-08-29,3.655,1.482,2.6972083333333337,2.173,2.685625
2025-08-30,3.614,1.447,2.7278749999999996,2.167,2.6972083333333337
2025-08-31,3.507,1.515,2.7601666666666667,1.9920000000000002,2.7278749999999996
2025-09-01,3.563,1.518,2.76925,2.045,2.7601666666666667
2025-09-02,3.554,1.497,2.7729999999999997,2.0569999999999995,2.76925
2025-09-03,3.667,1.434,2.767208333333333,2.2329999999999997,2.7729999999999997
2025-09-04,3.802,1.196,2.7639583333333335,2.606,2.767208333333333
2025-09-05,3.82,0.929,2.7319166666666668,2.891,2.7639583333333335
2025-09-06,3.881,0.7,2.7080416666666665,3.181,2.7319166666666668
2025-09-07,4.001,0.491,2.688166666666667,3.5100000000000002,2.7080416666666665
2025-09-08,4.098,0.765,2.7485416666666667,3.3329999999999997,2.688166666666667
2025-09-09,4.146,0.972,2.7820416666666667,3.174,2.7485416666666667
2025-09-10,4.192,1.384,2.798541666666667,2.8080000000000003,2.7820416666666667
2025-09-11,4.157,1.182,2.8203333333333336,2.975,2.798541666666667
2025-09-12,4.061,1.036,2.84925,3.025,2.8203333333333336
2025-09-13,3.906,0.855,2.8288333333333333,3.051,2.84925
2025-09-14,3.757,0.853,2.7712916666666665,2.904,2.8288333333333333
2025-09-15,3.659,0.995,2.75225,2.6639999999999997,2.7712916666666665
2025-09-16,3.689,0.944,2.732041666666667,2.745,2.75225
2025-09-17,3.855,1.09,2.739708333333333,2.7649999999999997,2.732041666666667
2025-09-18,3.762,0.881,2.73775,2.8810000000000002,2.739708333333333
2025-09-19,3.927,0.863,2.709375,3.064,2.73775
2025-09-20,3.915,0.997,2.7990833333333334,2.918,2.709375
2025-09-21,4.039,1.139,2.8335416666666666,2.8999999999999995,2.7990833333333334
2025-09-22,3.969,1.363,2.8005416666666663,2.606,2.8335416666666666
2025-09-23,3.947,1.532,2.7426666666666666,2.415,2.8005416666666663
2025-09-24,3.924,1.288,2.7114347826086957,2.636,2.7426666666666666
2025-09-25,3.729,1.152,2.730708333333333,2.577,2.7114347826086957
2025-09-26,3.708,1.179,2.7968333333333333,2.529,2.730708333333333
2025-09-27,3.839,1.224,2.8097499999999997,2.615,2.7968333333333333
2025-09-28,3.611,1.35,2.8157083333333333,2.261,2.8097499999999997
2025-09-29,3.644,1.377,2.833375,2.2670000000000003,2.8157083333333333
2025-09-30,3.583,1.484,2.8060416666666668,2.099,2.833375
2025-10-01,3.672,1.52,2.7994583333333334,2.152,2.8060416666666668
2025-10-02,3.793,1.399,2.769083333333333,2.394,2.7994583333333334
2025-10-03,3.898,1.297,2.826833333333333,2.601,2.769083333333333
2025-10-04,3.86,1.182,2.8052916666666667,2.678,2.826833333333333
2025-10-05,3.961,1.149,2.7855833333333333,2.812,2.8052916666666667
2025-10-06,4.122,1.18,2.8255,2.942,2.7855833333333333
2025-10-07,4.181,1.269,2.79475,2.912,2.8255
2025-10-08,4.301,1.11,2.859166666666667,3.191,2.79475
2025-10-09,4.349,0.749,2.905791666666667,3.6,2.859166666666667
2025-10-10,4.171,0.557,2.875833333333333,3.6140000000000003,2.905791666666667
2025-10-11,4.057,0.43,2.858541666666667,3.6270000000000002,2.875833333333333
2025-10-12,3.892,0.624,2.8529999999999998,3.268,2.858541666666667
2025-10-13,3.73,0.921,2.860958333333333,2.809,2.8529999999999998
2025-10-14,3.792,1.116,2.8657500000000002,2.6759999999999997,2.860958333333333
2025-10-15,3.987,1.369,2.947875,2.6180000000000003,2.8657500000000002
2025-10-16,4.095,1.639,3.044541666666667,2.4559999999999995,2.947875
2025-10-17,4.104,1.755,3.0729166666666665,2.349,3.044541666666667
2025-10-18,4.1,1.876,3.081958333333333,2.2239999999999998,3.0729166666666665
2025-10-19,4.227,2.025,3.11425,2.2020000000000004,3.081958333333333
2025-10-20,4.267,1.992,3.1652916666666666,2.2750000000000004,3.11425
2025-10-21,4.264,1.651,3.172166666666667,2.6130000000000004,3.1652916666666666
2025-10-22,4.352,1.506,3.2769583333333334,2.846,3.172166666666667
2025-10-23,4.385,1.558,3.3633333333333333,2.827,3.2769583333333334
2025-10-24,4.392,1.487,3.35575,2.9050000000000002,3.3633333333333333
2025-10-25,4.233,1.533,3.2854166666666664,2.6999999999999997,3.35575
2025-10-26,4.051,1.366,3.205083333333333,2.685,3.2854166666666664
2025-10-27,3.944,1.435,3.146708333333333,2.509,3.205083333333333
2025-10-28,3.89,1.569,3.130708333333333,2.321,3.146708333333333
2025-10-29,3.953,1.784,3.154666666666667,2.1689999999999996,3.130708333333333
2025-10-30,3.962,1.81,3.0652500000000003,2.152,3.154666666666667
2025-10-31,3.988,1.886,3.0723749999999996,2.1020000000000003,3.0652500000000003
2025-11-01,4.096,1.912,3.0807916666666664,2.184,3.0723749999999996
2025-11-02,4.132,1.977,3.110125,2.1549999999999994,3.0807916666666664
2025-11-03,4.262,2.001,3.0875,2.2609999999999997,3.110125
2025-11-04,4.335,1.719,3.1308749999999996,2.6159999999999997,3.0875
2025-11-05,4.499,1.16,3.218291666666667,3.3389999999999995,3.1308749999999996
2025-11-06,4.467,0.771,3.156541666666667,3.6959999999999997,3.218291666666667
2025-11-07,4.436,0.438,3.0854166666666667,3.9979999999999998,3.156541666666667
2025-11-08,4.284,0.361,3.051083333333333,3.923,3.0854166666666667
2025-11-09,4.241,0.438,3.0505833333333334,3.8029999999999995,3.051083333333333
2025-11-10,4.108,0.82,3.098625,3.288,3.0505833333333334
2025-11-11,4.008,1.07,3.0145,2.9379999999999997,3.098625
2025-11-12,4.073,1.328,3.046416666666667,2.745,3.0145
2025-11-13,4.238,1.84,3.208083333333333,2.3980000000000006,3.046416666666667
2025-11-14,4.255,2.387,3.375458333333333,1.8679999999999999,3.208083333333333
2025-11-15,4.222,2.564,3.309416666666667,1.6580000000000004,3.375458333333333
2025-11-16,4.1,2.315,3.2555,1.7849999999999997,3.309416666666667
2025-11-17,4.141,2.149,3.2328333333333332,1.992,3.2555
2025-11-18,4.223,1.923,3.3019583333333333,2.3,3.2328333333333332
2025-11-19,4.193,1.537,3.2862916666666666,2.6559999999999997,3.3019583333333333
2025-11-20,4.293,1.589,3.3714583333333334,2.704,3.2862916666666666
2025-11-21,4.319,1.48,3.4038749999999998,2.839,3.3714583333333334
2025-11-22,4.36,1.415,3.360791666666667,2.9450000000000003,3.4038749999999998
2025-11-23,4.252,1.314,3.2998333333333334,2.9379999999999997,3.360791666666667
2025-11-24,4.171,1.321,3.2720833333333332,2.8500000000000005,3.2998333333333334
2025-11-25,4.175,1.461,3.323,2.7139999999999995,3.2720833333333332
2025-11-26,4.09,1.643,3.3048333333333333,2.447,3.323
2025-11-27,4.099,1.779,3.2462083333333336,2.3200000000000003,3.3048333333333333
2025-11-28,4.188,2.031,3.2511666666666668,2.1569999999999996,3.2462083333333336
2025-11-29,4.139,2.183,3.214375,1.9560000000000004,3.2511666666666668
2025-11-30,4.161,2.353,3.1795416666666667,1.8079999999999994,3.214375
2025-12-01,4.191,1.819,3.135291666666667,2.372,3.1795416666666667
2025-12-02,4.193,1.389,3.124708333333333,2.8039999999999994,3.135291666666667
2025-12-03,4.232,1.179,3.1073749999999998,3.053,3.124708333333333
2025-12-04,4.404,0.737,3.156625,3.667,3.1073749999999998
2025-12-05,4.446,0.546,3.2267083333333333,3.8999999999999995,3.156625
2025-12-06,4.55,0.488,3.263708333333333,4.061999999999999,3.2267083333333333
2025-12-07,4.496,0.521,3.20875,3.9750000000000005,3.263708333333333
2025-12-08,4.402,0.616,3.1606666666666663,3.786,3.20875
2025-12-09,4.163,1.008,3.1625416666666664,3.1550000000000002,3.1606666666666663
2025-12-10,4.15,1.282,3.131083333333333,2.8680000000000003,3.1625416666666664
2025-12-11,4.092,1.673,3.143041666666667,2.4189999999999996,3.131083333333333
2025-12-12,4.129,2.072,3.1466250000000002,2.0569999999999995,3.143041666666667
2025-12-13,4.112,2.51,3.1987916666666667,1.6020000000000003,3.1466250000000002
2025-12-14,4.025,2.25,3.2124166666666665,1.7750000000000004,3.1987916666666667
2025-12-15,3.971,1.904,3.1908333333333334,2.067,3.2124166666666665
2025-12-16,3.968,1.782,3.2115416666666667,2.186,3.1908333333333334
2025-12-17,4.01,1.617,3.176375,2.393,3.2115416666666667
2025-12-18,4.037,1.49,3.177375,2.5469999999999997,3.176375
2025-12-19,4.119,1.225,3.1435416666666662,2.8939999999999997,3.177375
2025-12-20,4.07,1.011,3.0847083333333334,3.059,3.1435416666666662
2025-12-21,4.185,0.933,3.111541666666666,3.252,3.0847083333333334
2025-12-22,4.117,0.915,3.1069583333333335,3.202,3.111541666666666
2025-12-23,4.046,1.051,3.0511250000000003,2.995,3.1069583333333335
2025-12-24,3.988,1.04,3.0084999999999997,2.948,3.0511250000000003
2025-12-25,4.034,1.237,3.0615,2.7969999999999997,3.0084999999999997
2025-12-26,4.101,1.591,3.15625,2.51,3.0615
2025-12-27,4.005,1.99,3.1216666666666666,2.0149999999999997,3.15625
2025-12-28,4.022,2.246,3.0705000000000005,1.7760000000000002,3.1216666666666666
2025-12-29,4.034,2.084,3.0774166666666667,1.9499999999999997,3.0705000000000005
2025-12-30,4.02,1.563,3.076708333333333,2.457,3.0774166666666667
2025-12-31,4.092,1.126,3.0867916666666666,2.9659999999999997,3.076708333333333
2026-01-01,4.148,1.041,3.0803333333333334,3.1069999999999998,3.0867916666666666
2026-01-02,4.32,0.733,3.1641666666666666,3.587,3.0803333333333334
2026-01-03,4.406,0.499,3.141666666666667,3.9069999999999996,3.1641666666666666
2026-01-04,4.371,0.38,3.080791666666667,3.9910000000000005,3.141666666666667
2026-01-05,4.376,0.519,3.0742083333333334,3.857,3.080791666666667
2026-01-06,4.376,0.814,3.170291666666667,3.5620000000000003,3.0742083333333334
2026-01-07,4.241,1.164,3.2215833333333332,3.077,3.170291666666667
2026-01-08,4.141,1.422,3.137166666666667,2.7190000000000003,3.2215833333333332
2026-01-09,4.007,1.836,3.0729166666666665,2.1709999999999994,3.137166666666667
2026-01-10,3.948,2.12,3.017208333333333,1.8279999999999998,3.0729166666666665
2026-01-11,3.891,2.319,3.0584583333333337,1.572,3.017208333333333
2026-01-12,3.879,2.121,3.1075416666666666,1.758,3.0584583333333337
2026-01-13,3.804,1.813,3.0814166666666662,1.9909999999999999,3.1075416666666666
2026-01-14,3.776,1.531,3.061208333333333,2.245,3.0814166666666662
2026-01-15,3.872,1.462,3.0690416666666667,2.41,3.061208333333333
2026-01-16,3.84,1.286,3.007,2.554,3.0690416666666667
2026-01-17,3.871,1.064,2.965875,2.807,3.007
2026-01-18,4.007,0.91,2.983916666666667,3.0969999999999995,2.965875
2026-01-19,4.016,0.895,2.9709583333333334,3.121,2.983916666666667
2026-01-20,4.117,0.8,2.967333333333333,3.317,2.9709583333333334
2026-01-21,4.126,0.876,3.001625,3.2500000000000004,2.967333333333333
2026-01-22,4.094,1.078,3.02975,3.016,3.001625
2026-01-23,4.087,1.372,3.045541666666667,2.715,3.02975
2026-01-24,3.986,1.686,3.0405416666666665,2.3000000000000003,3.045541666666667
2026-01-25,4.017,2.117,3.017375,1.9000000000000004,3.0405416666666665
2026-01-26,4.008,2.026,3.0072500000000004,1.9820000000000002,3.017375
2026-01-27,3.988,1.661,2.991875,2.327,3.0072500000000004
2026-01-28,4.008,1.455,3.0707083333333336,2.553,2.991875
2026-01-29,3.978,1.082,3.0831250000000003,2.896,3.0707083333333336
2026-01-30,3.959,0.986,3.042,2.973,3.0831250000000003
2026-01-31,4.071,0.761,3.0364583333333335,3.3099999999999996,3.042
2026-02-01,4.267,0.653,3.079875,3.6140000000000003,3.0364583333333335
2026-02-02,4.349,0.637,3.081166666666667,3.712,3.079875
2026-02-03,4.291,0.75,3.0392499999999996,3.5410000000000004,3.081166666666667
2026-02-04,4.261,0.895,3.0115833333333337,3.366,3.0392499999999996
2026-02-05,4.083,1.167,2.9460833333333336,2.9160000000000004,3.0115833333333337
2026-02-06,3.996,1.44,2.8666250000000004,2.556,2.9460833333333336
2026-02-07,3.975,1.776,2.8872083333333336,2.199,2.8666250000000004
2026-02-08,4.03,2.166,3.011875,1.8640000000000003,2.8872083333333336
2026-02-09,3.932,2.203,3.0657083333333333,1.729,3.011875
2026-02-10,3.834,2.045,3.0383750000000003,1.7890000000000001,3.0657083333333333
2026-02-11,3.735,2.024,3.0425,1.7109999999999999,3.0383750000000003
2026-02-12,3.812,1.766,3.1225,2.046,3.0425
2026-02-13,3.888,1.611,3.127916666666667,2.277,3.1225
2026-02-14,3.819,1.555,3.0632916666666667,2.2640000000000002,3.127916666666667
2026-02-15,3.89,1.329,3.0380000000000003,2.561,3.0632916666666667
2026-02-16,3.972,1.089,3.02075,2.883,3.0380000000000003
2026-02-17,4.086,1.029,2.9992083333333333,3.0570000000000004,3.02075
2026-02-18,4.206,1.018,3.015416666666667,3.1880000000000006,2.9992083333333333
2026-02-19,4.228,1.17,2.996541666666667,3.058,3.015416666666667
2026-02-20,4.178,1.338,2.9918333333333336,2.84,2.996541666666667
2026-02-21,4.164,1.661,2.9750833333333335,2.5029999999999997,2.9918333333333336
2026-02-22,4.13,1.653,2.895958333333333,2.477,2.9750833333333335
2026-02-23,4.104,1.51,2.904291666666667,2.5940000000000003,2.895958333333333
2026-02-24,3.962,1.406,2.903375,2.556,2.904291666666667
2026-02-25,3.855,1.438,2.90725,2.417,2.903375
2026-02-26,3.748,1.264,2.9440833333333334,2.484,2.90725
2026-02-27,3.797,1.024,2.9454583333333333,2.773,2.9440833333333334
2026-02-28,3.846,1.071,2.927208333333333,2.7750000000000004,2.9454583333333333
2026-03-01,3.864,0.885,2.8960833333333333,2.979,2.927208333333333
2026-03-02,3.927,0.719,2.843125,3.208,2.8960833333333333
2026-03-03,4.085,0.733,2.8365416666666667,3.352,2.843125
2026-03-04,4.146,0.925,2.8367916666666666,3.221,2.8365416666666667
2026-03-05,4.164,1.242,2.903708333333334,2.9219999999999997,2.8367916666666666
2026-03-06,4.184,1.617,2.9500833333333336,2.567,2.903708333333334
2026-03-07,4.207,1.972,3.0926666666666667,2.235,2.9500833333333336
2026-03-08,4.158,1.923,3.1187916666666666,2.2350000000000003,3.0926666666666667
2026-03-09,3.95,1.849,3.0381250000000004,2.101,3.1187916666666666
2026-03-10,3.93,1.977,3.096291666666666,1.953,3.0381250000000004
2026-03-11,3.954,2.117,3.1845416666666666,1.8370000000000002,3.096291666666666
2026-03-12,3.872,2.072,3.1692083333333336,1.7999999999999998,3.1845416666666666
2026-03-13,3.924,1.912,3.1696666666666666,2.012,3.1692083333333336
2026-03-14,3.914,1.75,3.1208333333333336,2.164,3.1696666666666666
2026-03-15,3.944,1.726,3.1010833333333334,2.218,3.1208333333333336
2026-03-16,3.984,1.624,3.110666666666667,2.36,3.1010833333333334
2026-03-17,4.005,1.489,3.058666666666667,2.516,3.110666666666667
2026-03-18,4.045,1.322,2.969041666666667,2.723,3.058666666666667
2026-03-19,4.23,1.239,2.9160416666666666,2.9910000000000005,2.969041666666667
2026-03-20,4.254,1.436,2.8565833333333335,2.8179999999999996,2.9160416666666666
2026-03-21,4.173,1.267,2.8245833333333334,2.906,2.8565833333333335
2026-03-22,4.107,0.985,2.8019166666666666,3.1220000000000003,2.8245833333333334
2026-03-23,4.138,0.919,2.8277916666666667,3.219,2.8019166666666666
2026-03-24,4.07,0.986,2.8637083333333333,3.0840000000000005,2.8277916666666667
2026-03-25,3.955,1.147,2.89925,2.808,2.8637083333333333
2026-03-26,3.805,1.224,2.920875,2.5810000000000004,2.89925
2026-03-27,3.669,1.282,2.901,2.387,2.920875
2026-03-28,3.809,1.261,2.925625,2.548,2.901
2026-03-29,3.86,1.32,2.922083333333333,2.54,2.925625
2026-03-30,3.878,1.191,2.8825416666666666,2.6870000000000003,2.922083333333333
2026-03-31,3.904,1.225,2.8239583333333336,2.679,2.8825416666666666
2026-04-01,3.977,1.303,2.782,2.674,2.8239583333333336
2026-04-02,4.014,1.473,2.768625,2.5410000000000004,2.782
2026-04-03,3.99,1.198,2.7154166666666666,2.7920000000000003,2.768625
2026-04-04,3.867,1.058,2.691708333333333,2.809,2.7154166666666666
2026-04-05,3.767,0.949,2.6664583333333334,2.818,2.691708333333333
2026-04-06,3.68,0.95,2.655,2.7300000000000004,2.6664583333333334
2026-04-07,3.598,1.03,2.6523749999999997,2.5679999999999996,2.655
2026-04-08,3.527,1.132,2.661541666666667,2.3950000000000005,2.6523749999999997
2026-04-09,3.43,1.322,2.652375,2.108,2.661541666666667
2026-04-10,3.379,1.457,2.682375,1.922,2.652375
2026-04-11,3.421,1.509,2.6899583333333332,1.912,2.682375
2026-04-12,3.56,1.484,2.7610833333333336,2.076,2.6899583333333332
2026-04-13,3.645,1.402,2.7544166666666663,2.2430000000000003,2.7610833333333336
2026-04-14,3.677,1.411,2.718916666666667,2.266,2.7544166666666663
2026-04-15,3.731,1.351,2.718875,2.38,2.718916666666667
2026-04-16,3.9,1.435,2.7090833333333335,2.465,2.718875
2026-04-17,4.059,0.99,2.6790416666666665,3.069,2.7090833333333335
2026-04-18,4.178,0.624,2.6558333333333333,3.554,2.6790416666666665
2026-04-19,4.133,0.371,2.682,3.762,2.6558333333333333
2026-04-20,3.974,0.245,2.6616666666666666,3.729,2.682
2026-04-21,3.939,0.369,2.6804166666666664,3.5700000000000003,2.6616666666666666
2026-04-22,3.796,0.553,2.7259565217391306,3.243,2.6804166666666664
2026-04-23,3.698,0.81,2.750166666666667,2.888,2.7259565217391306
2026-04-24,3.611,1.095,2.771875,2.516,2.750166666666667
2026-04-25,3.712,1.379,2.8518749999999997,2.333,2.771875
2026-04-26,3.794,1.605,2.9009583333333335,2.189,2.8518749999999997
2026-04-27,3.829,1.737,2.8973333333333335,2.092,2.9009583333333335
2026-04-28,3.889,1.768,2.876583333333333,2.1209999999999996,2.8973333333333335
2026-04-29,3.91,1.617,2.861458333333333,2.293,2.876583333333333
2026-04-30,3.962,1.384,2.8761666666666668,2.5780000000000003,2.861458333333333
2026-05-01,4.02,1.141,2.904375,2.8789999999999996,2.8761666666666668
2026-05-02,4.052,1.001,2.8360869565217395,3.0509999999999997,2.904375
2026-05-03,3.912,0.83,2.826,3.082,2.8360869565217395
2026-05-04,3.91,0.997,2.8536249999999996,2.9130000000000003,2.826
2026-05-05,3.877,0.984,2.9012499999999997,2.893,2.8536249999999996
2026-05-06,3.795,1.075,2.8703749999999997,2.7199999999999998,2.9012499999999997
2026-05-07,3.704,1.259,2.8811666666666667,2.4450000000000003,2.8703749999999997
2026-05-08,3.672,1.487,2.9245,2.185,2.8811666666666667
2026-05-09,3.68,1.709,2.9810416666666666,1.971,2.9245
2026-05-10,3.844,1.822,3.04575,2.022,2.9810416666666666
2026-05-11,3.785,1.974,2.9925,1.8110000000000002,3.04575
2026-05-12,3.858,2.015,2.9881666666666664,1.843,2.9925
2026-05-13,3.992,2.152,2.9969583333333336,1.8399999999999999,2.9881666666666664
2026-05-14,4.023,1.613,2.9462083333333333,2.4099999999999997,2.9969583333333336
2026-05-15,4.004,1.042,2.845875,2.9619999999999997,2.9462083333333333
2026-05-16,4.005,0.614,2.7678333333333334,3.391,2.845875
2026-05-17,4.107,0.245,2.762375,3.862,2.7678333333333334
2026-05-18,4.069,0.0,2.733416666666667,4.069,2.762375
2026-05-19,4.185,0.182,2.7524166666666665,4.002999999999999,2.733416666666667
2026-05-20,4.094,0.395,2.8065416666666665,3.6990000000000003,2.7524166666666665
2026-05-21,3.928,0.603,2.8040833333333333,3.325,2.8065416666666665
2026-05-22,3.785,0.936,2.8249583333333335,2.849,2.8040833333333333
2026-05-23,3.751,1.248,2.8225416666666665,2.503,2.8249583333333335
2026-05-24,3.741,1.614,2.830833333333333,2.127,2.8225416666666665
2026-05-25,3.721,1.92,2.810208333333333,1.8010000000000002,2.830833333333333
2026-05-26,3.742,1.976,2.7882083333333334,1.766,2.810208333333333
2026-05-27,3.715,1.576,2.7767083333333336,2.139,2.7882083333333334
2026-05-28,3.631,1.256,2.7228333333333334,2.375,2.7767083333333336
2026-05-29,3.688,1.08,2.7053333333333334,2.608,2.7228333333333334
2026-05-30,3.748,0.937,2.705375,2.811,2.7053333333333334
2026-05-31,3.765,0.575,2.701416666666667,3.1900000000000004,2.705375
2026-06-01,3.806,0.726,2.6473043478260867,3.08,2.701416666666667
2026-06-02,3.75,2.432,3.340666666666667,1.318,2.6473043478260867
2026-06-03,3.701,0.579,2.6484583333333336,3.122,3.340666666666667
2026-06-04,3.591,0.684,2.666166666666667,2.907,2.6484583333333336
2026-06-05,3.63,0.87,2.6540416666666666,2.76,2.666166666666667
2026-06-06,3.614,1.042,2.6657083333333333,2.572,2.6540416666666666
2026-06-07,3.576,1.244,2.671291666666667,2.332,2.6657083333333333
2026-06-08,3.551,1.542,2.6525833333333333,2.0090000000000003,2.671291666666667
2026-06-09,3.522,1.891,2.666125,1.6309999999999998,2.6525833333333333
2026-06-10,3.611,2.0,2.7222500000000003,1.6110000000000002,2.666125
2026-06-11,3.648,1.57,2.706958333333333,2.0780000000000003,2.7222500000000003
2026-06-12,3.681,1.055,2.69125,2.6260000000000003,2.706958333333333
2026-06-13,3.781,0.57,2.6854999999999998,3.2110000000000003,2.69125
2026-06-14,3.965,0.154,2.666166666666667,3.811,2.6854999999999998
2026-06-15,3.992,-0.129,2.6026666666666665,4.121,2.666166666666667
2026-06-16,3.998,-0.293,2.5885833333333332,4.291,2.6026666666666665
2026-06-17,3.936,-0.106,2.58875,4.042,2.5885833333333332
2026-06-18,3.841,0.057,2.576208333333333,3.7840000000000003,2.58875
2026-06-19,3.771,0.455,2.6447083333333334,3.316,2.576208333333333
2026-06-20,3.766,0.84,2.675708333333333,2.926,2.6447083333333334
2026-06-21,3.737,1.281,2.6839166666666667,2.4560000000000004,2.675708333333333
2026-06-22,3.667,1.849,2.697416666666667,1.8179999999999998,2.6839166666666667
2026-06-23,3.683,1.934,2.6946250000000003,1.7489999999999999,2.697416666666667
2026-06-24,3.597,1.633,2.7070909090909088,1.964,2.6946250000000003
2026-06-25,3.483,1.286,2.6051176470588233,2.197,2.7070909090909088
2026-06-26,3.388,1.031,2.5863333333333336,2.357,2.6051176470588233
2026-06-27,3.469,0.881,2.579458333333333,2.588,2.5863333333333336
2026-06-28,3.594,0.698,2.6050833333333334,2.896,2.579458333333333
2026-06-29,3.655,0.492,2.573916666666667,3.163,2.6050833333333334
2026-06-30,3.754,0.419,2.5679166666666666,3.335,2.573916666666667
2026-07-01,3.675,0.419,2.5266363636363636,3.256,2.5679166666666666
2026-07-02,3.675,0.471,2.5961666666666665,3.2039999999999997,2.5266363636363636
2026-07-03,3.715,0.588,2.618708333333333,3.127,2.5961666666666665
2026-07-04,3.7,0.782,2.64575,2.918,2.618708333333333
2026-07-05,3.663,1.058,2.6921250000000003,2.6049999999999995,2.64575
2026-07-06,3.711,1.327,2.673625,2.384,2.6921250000000003
2026-07-07,3.636,1.654,2.6487083333333334,1.9820000000000002,2.673625
2026-07-08,3.6,1.91,2.6450833333333335,1.6900000000000002,2.6487083333333334
2026-07-09,3.546,1.557,2.6635,1.9889999999999999,2.6450833333333335
2026-07-10,3.55,1.058,2.620458333333333,2.492,2.6635
2026-07-11,3.552,0.677,2.592375,2.875,2.620458333333333
2026-07-12,3.644,0.292,2.530375,3.3520000000000003,2.592375
2026-07-13,3.763,-0.074,2.53025,3.8369999999999997,2.530375
2026-07-14,3.934,-0.063,2.586375,3.9970000000000003,2.53025
2026-07-15,3.939,-0.151,2.5875416666666666,4.09,2.586375
2026-07-16,3.942,0.102,2.5694285714285714,3.8400000000000003,2.5875416666666666
2026-07-17,3.858,0.32,2.009333333333333,3.5380000000000003,2.5694285714285714
2026-07-18,3.809,0.674,2.669708333333333,3.1350000000000002,2.009333333333333
2026-07-19,3.773,1.171,2.685,2.6020000000000003,2.669708333333333
2026-07-20,3.796,1.611,2.6704166666666667,2.1849999999999996,2.685
2026-07-21,3.637,1.891,2.6694999999999998,1.746,2.6704166666666667
2026-07-22,3.587,1.646,2.681625,1.9410000000000003,2.6694999999999998
2026-07-23,3.439,1.451,2.6663333333333337,1.988,2.681625
2026-07-24,3.355,1.305,2.6780833333333334,2.05,2.6663333333333337
2026-07-25,3.446,1.014,2.6243333333333334,2.4320000000000004,2.6780833333333334
2026-07-26,3.587,1.033,2.607125,2.5540000000000003,2.6243333333333334
2026-07-27,3.591,0.846,2.6180833333333333,2.745,2.607125
2026-07-28,3.733,0.549,2.611666666666667,3.184,2.6180833333333333
2026-07-29,3.738,0.494,2.6432083333333334,3.2439999999999998,2.611666666666667
2026-07-30,3.821,0.617,2.6962916666666668,3.204,2.6432083333333334
2026-07-31,3.85,0.654,2.6994166666666666,3.196,2.6962916666666668
2026-08-01,3.348,3.348,3.348,0.0,2.6994166666666666
